station_id,timestamp,season,bikes_available,docks_available,capacity,utilization_rate,rebalance_status
BLR001,2025-02-10 00:00:00,dry,3,13,16,0.19,OK
BLR001,2025-02-10 01:00:00,dry,2,14,16,0.12,OK
BLR001,2025-02-10 02:00:00,dry,1,15,16,0.06,Understocked
BLR001,2025-02-10 03:00:00,dry,2,14,16,0.12,OK
BLR001,2025-02-10 04:00:00,dry,3,13,16,0.19,OK
BLR001,2025-02-10 05:00:00,dry,3,13,16,0.19,OK
BLR001,2025-02-10 06:00:00,dry,4,12,16,0.25,OK
BLR001,2025-02-10 07:00:00,dry,3,13,16,0.19,OK
BLR001,2025-02-10 08:00:00,dry,2,14,16,0.12,OK
BLR001,2025-02-10 09:00:00,dry,2,14,16,0.12,OK
BLR001,2025-02-10 10:00:00,dry,2,14,16,0.12,OK
BLR001,2025-02-10 11:00:00,dry,1,15,16,0.06,Understocked
BLR001,2025-02-10 12:00:00,dry,0,16,16,0.0,Understocked
BLR001,2025-02-10 13:00:00,dry,0,16,16,0.0,Understocked
BLR001,2025-02-10 14:00:00,dry,1,15,16,0.06,Understocked
BLR001,2025-02-10 15:00:00,dry,0,16,16,0.0,Understocked
BLR001,2025-02-10 16:00:00,dry,1,15,16,0.06,Understocked
BLR001,2025-02-10 17:00:00,dry,4,12,16,0.25,OK
BLR001,2025-02-10 18:00:00,dry,4,12,16,0.25,OK
BLR001,2025-02-10 19:00:00,dry,5,11,16,0.31,OK
BLR001,2025-02-10 20:00:00,dry,8,8,16,0.5,OK
BLR001,2025-02-10 21:00:00,dry,8,8,16,0.5,OK
BLR001,2025-02-10 22:00:00,dry,9,7,16,0.56,OK
BLR001,2025-02-10 23:00:00,dry,9,7,16,0.56,OK
BLR001,2025-02-11 00:00:00,dry,8,8,16,0.5,OK
BLR001,2025-02-11 01:00:00,dry,7,9,16,0.44,OK
BLR001,2025-02-11 02:00:00,dry,7,9,16,0.44,OK
BLR001,2025-02-11 03:00:00,dry,6,10,16,0.38,OK
BLR001,2025-02-11 04:00:00,dry,7,9,16,0.44,OK
BLR001,2025-02-11 05:00:00,dry,6,10,16,0.38,OK
BLR001,2025-02-11 06:00:00,dry,6,10,16,0.38,OK
BLR001,2025-02-11 07:00:00,dry,5,11,16,0.31,OK
BLR001,2025-02-11 08:00:00,dry,0,16,16,0.0,Understocked
BLR001,2025-02-11 09:00:00,dry,0,16,16,0.0,Understocked
BLR001,2025-02-11 10:00:00,dry,0,16,16,0.0,Understocked
BLR001,2025-02-11 11:00:00,dry,0,16,16,0.0,Understocked
BLR001,2025-02-11 12:00:00,dry,0,16,16,0.0,Understocked
BLR001,2025-02-11 13:00:00,dry,1,15,16,0.06,Understocked
BLR001,2025-02-11 14:00:00,dry,1,15,16,0.06,Understocked
BLR001,2025-02-11 15:00:00,dry,0,16,16,0.0,Understocked
BLR001,2025-02-11 16:00:00,dry,1,15,16,0.06,Understocked
BLR001,2025-02-11 17:00:00,dry,2,14,16,0.12,OK
BLR001,2025-02-11 18:00:00,dry,5,11,16,0.31,OK
BLR001,2025-02-11 19:00:00,dry,8,8,16,0.5,OK
BLR001,2025-02-11 20:00:00,dry,9,7,16,0.56,OK
BLR001,2025-02-11 21:00:00,dry,10,6,16,0.62,OK
BLR001,2025-02-11 22:00:00,dry,11,5,16,0.69,OK
BLR001,2025-02-11 23:00:00,dry,12,4,16,0.75,OK
BLR001,2025-02-12 00:00:00,dry,11,5,16,0.69,OK
BLR001,2025-02-12 01:00:00,dry,10,6,16,0.62,OK
BLR001,2025-02-12 02:00:00,dry,9,7,16,0.56,OK
BLR001,2025-02-12 03:00:00,dry,9,7,16,0.56,OK
BLR001,2025-02-12 04:00:00,dry,10,6,16,0.62,OK
BLR001,2025-02-12 05:00:00,dry,10,6,16,0.62,OK
BLR001,2025-02-12 06:00:00,dry,10,6,16,0.62,OK
BLR001,2025-02-12 07:00:00,dry,9,7,16,0.56,OK
BLR001,2025-02-12 08:00:00,dry,7,9,16,0.44,OK
BLR001,2025-02-12 09:00:00,dry,4,12,16,0.25,OK
BLR001,2025-02-12 10:00:00,dry,4,12,16,0.25,OK
BLR001,2025-02-12 11:00:00,dry,5,11,16,0.31,OK
BLR001,2025-02-12 12:00:00,dry,6,10,16,0.38,OK
BLR001,2025-02-12 13:00:00,dry,5,11,16,0.31,OK
BLR001,2025-02-12 14:00:00,dry,6,10,16,0.38,OK
BLR001,2025-02-12 15:00:00,dry,6,10,16,0.38,OK
BLR001,2025-02-12 16:00:00,dry,7,9,16,0.44,OK
BLR001,2025-02-12 17:00:00,dry,10,6,16,0.62,OK
BLR001,2025-02-12 18:00:00,dry,14,2,16,0.88,OK
BLR001,2025-02-12 19:00:00,dry,16,0,16,1.0,Overstocked
BLR001,2025-02-12 20:00:00,dry,16,0,16,1.0,Overstocked
BLR001,2025-02-12 21:00:00,dry,16,0,16,1.0,Overstocked
BLR001,2025-02-12 22:00:00,dry,16,0,16,1.0,Overstocked
BLR001,2025-02-12 23:00:00,dry,16,0,16,1.0,Overstocked
BLR001,2025-02-13 00:00:00,dry,16,0,16,1.0,Overstocked
BLR001,2025-02-13 01:00:00,dry,15,1,16,0.94,Overstocked
BLR001,2025-02-13 02:00:00,dry,14,2,16,0.88,OK
BLR001,2025-02-13 03:00:00,dry,14,2,16,0.88,OK
BLR001,2025-02-13 04:00:00,dry,14,2,16,0.88,OK
BLR001,2025-02-13 05:00:00,dry,13,3,16,0.81,OK
BLR001,2025-02-13 06:00:00,dry,14,2,16,0.88,OK
BLR001,2025-02-13 07:00:00,dry,12,4,16,0.75,OK
BLR001,2025-02-13 08:00:00,dry,11,5,16,0.69,OK
BLR001,2025-02-13 09:00:00,dry,9,7,16,0.56,OK
BLR001,2025-02-13 10:00:00,dry,7,9,16,0.44,OK
BLR001,2025-02-13 11:00:00,dry,8,8,16,0.5,OK
BLR001,2025-02-13 12:00:00,dry,8,8,16,0.5,OK
BLR001,2025-02-13 13:00:00,dry,7,9,16,0.44,OK
BLR001,2025-02-13 14:00:00,dry,8,8,16,0.5,OK
BLR001,2025-02-13 15:00:00,dry,8,8,16,0.5,OK
BLR001,2025-02-13 16:00:00,dry,7,9,16,0.44,OK
BLR001,2025-02-13 17:00:00,dry,7,9,16,0.44,OK
BLR001,2025-02-13 18:00:00,dry,11,5,16,0.69,OK
BLR001,2025-02-13 19:00:00,dry,16,0,16,1.0,Overstocked
BLR001,2025-02-13 20:00:00,dry,16,0,16,1.0,Overstocked
BLR001,2025-02-13 21:00:00,dry,16,0,16,1.0,Overstocked
BLR001,2025-02-13 22:00:00,dry,16,0,16,1.0,Overstocked
BLR001,2025-02-13 23:00:00,dry,16,0,16,1.0,Overstocked
BLR001,2025-02-14 00:00:00,dry,15,1,16,0.94,Overstocked
BLR001,2025-02-14 01:00:00,dry,16,0,16,1.0,Overstocked
BLR001,2025-02-14 02:00:00,dry,16,0,16,1.0,Overstocked
BLR001,2025-02-14 03:00:00,dry,15,1,16,0.94,Overstocked
BLR001,2025-02-14 04:00:00,dry,15,1,16,0.94,Overstocked
BLR001,2025-02-14 05:00:00,dry,16,0,16,1.0,Overstocked
BLR001,2025-02-14 06:00:00,dry,16,0,16,1.0,Overstocked
BLR001,2025-02-14 07:00:00,dry,16,0,16,1.0,Overstocked
BLR001,2025-02-14 08:00:00,dry,16,0,16,1.0,Overstocked
BLR001,2025-02-14 09:00:00,dry,15,1,16,0.94,Overstocked
BLR001,2025-02-14 10:00:00,dry,15,1,16,0.94,Overstocked
BLR001,2025-02-14 11:00:00,dry,15,1,16,0.94,Overstocked
BLR001,2025-02-14 12:00:00,dry,16,0,16,1.0,Overstocked
BLR001,2025-02-14 13:00:00,dry,15,1,16,0.94,Overstocked
BLR001,2025-02-14 14:00:00,dry,15,1,16,0.94,Overstocked
BLR001,2025-02-14 15:00:00,dry,15,1,16,0.94,Overstocked
BLR001,2025-02-14 16:00:00,dry,15,1,16,0.94,Overstocked
BLR001,2025-02-14 17:00:00,dry,16,0,16,1.0,Overstocked
BLR001,2025-02-14 18:00:00,dry,16,0,16,1.0,Overstocked
BLR001,2025-02-14 19:00:00,dry,16,0,16,1.0,Overstocked
BLR001,2025-02-14 20:00:00,dry,16,0,16,1.0,Overstocked
BLR001,2025-02-14 21:00:00,dry,16,0,16,1.0,Overstocked
BLR001,2025-02-14 22:00:00,dry,16,0,16,1.0,Overstocked
BLR001,2025-02-14 23:00:00,dry,16,0,16,1.0,Overstocked
BLR001,2025-02-15 00:00:00,dry,16,0,16,1.0,Overstocked
BLR001,2025-02-15 01:00:00,dry,15,1,16,0.94,Overstocked
BLR001,2025-02-15 02:00:00,dry,14,2,16,0.88,OK
BLR001,2025-02-15 03:00:00,dry,15,1,16,0.94,Overstocked
BLR001,2025-02-15 04:00:00,dry,15,1,16,0.94,Overstocked
BLR001,2025-02-15 05:00:00,dry,14,2,16,0.88,OK
BLR001,2025-02-15 06:00:00,dry,15,1,16,0.94,Overstocked
BLR001,2025-02-15 07:00:00,dry,14,2,16,0.88,OK
BLR001,2025-02-15 08:00:00,dry,14,2,16,0.88,OK
BLR001,2025-02-15 09:00:00,dry,13,3,16,0.81,OK
BLR001,2025-02-15 10:00:00,dry,12,4,16,0.75,OK
BLR001,2025-02-15 11:00:00,dry,13,3,16,0.81,OK
BLR001,2025-02-15 12:00:00,dry,12,4,16,0.75,OK
BLR001,2025-02-15 13:00:00,dry,13,3,16,0.81,OK
BLR001,2025-02-15 14:00:00,dry,13,3,16,0.81,OK
BLR001,2025-02-15 15:00:00,dry,14,2,16,0.88,OK
BLR001,2025-02-15 16:00:00,dry,15,1,16,0.94,Overstocked
BLR001,2025-02-15 17:00:00,dry,16,0,16,1.0,Overstocked
BLR001,2025-02-15 18:00:00,dry,16,0,16,1.0,Overstocked
BLR001,2025-02-15 19:00:00,dry,16,0,16,1.0,Overstocked
BLR001,2025-02-15 20:00:00,dry,16,0,16,1.0,Overstocked
BLR001,2025-02-15 21:00:00,dry,15,1,16,0.94,Overstocked
BLR001,2025-02-15 22:00:00,dry,14,2,16,0.88,OK
BLR001,2025-02-15 23:00:00,dry,13,3,16,0.81,OK
BLR001,2025-02-16 00:00:00,dry,12,4,16,0.75,OK
BLR001,2025-02-16 01:00:00,dry,13,3,16,0.81,OK
BLR001,2025-02-16 02:00:00,dry,14,2,16,0.88,OK
BLR001,2025-02-16 03:00:00,dry,15,1,16,0.94,Overstocked
BLR001,2025-02-16 04:00:00,dry,14,2,16,0.88,OK
BLR001,2025-02-16 05:00:00,dry,15,1,16,0.94,Overstocked
BLR001,2025-02-16 06:00:00,dry,16,0,16,1.0,Overstocked
BLR001,2025-02-16 07:00:00,dry,15,1,16,0.94,Overstocked
BLR001,2025-02-16 08:00:00,dry,15,1,16,0.94,Overstocked
BLR001,2025-02-16 09:00:00,dry,15,1,16,0.94,Overstocked
BLR001,2025-02-16 10:00:00,dry,15,1,16,0.94,Overstocked
BLR001,2025-02-16 11:00:00,dry,15,1,16,0.94,Overstocked
BLR001,2025-02-16 12:00:00,dry,14,2,16,0.88,OK
BLR001,2025-02-16 13:00:00,dry,14,2,16,0.88,OK
BLR001,2025-02-16 14:00:00,dry,15,1,16,0.94,Overstocked
BLR001,2025-02-16 15:00:00,dry,15,1,16,0.94,Overstocked
BLR001,2025-02-16 16:00:00,dry,14,2,16,0.88,OK
BLR001,2025-02-16 17:00:00,dry,16,0,16,1.0,Overstocked
BLR001,2025-02-16 18:00:00,dry,16,0,16,1.0,Overstocked
BLR001,2025-02-16 19:00:00,dry,16,0,16,1.0,Overstocked
BLR001,2025-02-16 20:00:00,dry,16,0,16,1.0,Overstocked
BLR001,2025-02-16 21:00:00,dry,15,1,16,0.94,Overstocked
BLR001,2025-02-16 22:00:00,dry,14,2,16,0.88,OK
BLR001,2025-02-16 23:00:00,dry,13,3,16,0.81,OK
BLR002,2025-02-10 00:00:00,dry,7,17,24,0.29,OK
BLR002,2025-02-10 01:00:00,dry,7,17,24,0.29,OK
BLR002,2025-02-10 02:00:00,dry,8,16,24,0.33,OK
BLR002,2025-02-10 03:00:00,dry,7,17,24,0.29,OK
BLR002,2025-02-10 04:00:00,dry,6,18,24,0.25,OK
BLR002,2025-02-10 05:00:00,dry,5,19,24,0.21,OK
BLR002,2025-02-10 06:00:00,dry,4,20,24,0.17,OK
BLR002,2025-02-10 07:00:00,dry,4,20,24,0.17,OK
BLR002,2025-02-10 08:00:00,dry,5,19,24,0.21,OK
BLR002,2025-02-10 09:00:00,dry,7,17,24,0.29,OK
BLR002,2025-02-10 10:00:00,dry,10,14,24,0.42,OK
BLR002,2025-02-10 11:00:00,dry,11,13,24,0.46,OK
BLR002,2025-02-10 12:00:00,dry,11,13,24,0.46,OK
BLR002,2025-02-10 13:00:00,dry,11,13,24,0.46,OK
BLR002,2025-02-10 14:00:00,dry,11,13,24,0.46,OK
BLR002,2025-02-10 15:00:00,dry,12,12,24,0.5,OK
BLR002,2025-02-10 16:00:00,dry,13,11,24,0.54,OK
BLR002,2025-02-10 17:00:00,dry,13,11,24,0.54,OK
BLR002,2025-02-10 18:00:00,dry,12,12,24,0.5,OK
BLR002,2025-02-10 19:00:00,dry,10,14,24,0.42,OK
BLR002,2025-02-10 20:00:00,dry,10,14,24,0.42,OK
BLR002,2025-02-10 21:00:00,dry,9,15,24,0.38,OK
BLR002,2025-02-10 22:00:00,dry,9,15,24,0.38,OK
BLR002,2025-02-10 23:00:00,dry,10,14,24,0.42,OK
BLR002,2025-02-11 00:00:00,dry,10,14,24,0.42,OK
BLR002,2025-02-11 01:00:00,dry,9,15,24,0.38,OK
BLR002,2025-02-11 02:00:00,dry,10,14,24,0.42,OK
BLR002,2025-02-11 03:00:00,dry,10,14,24,0.42,OK
BLR002,2025-02-11 04:00:00,dry,10,14,24,0.42,OK
BLR002,2025-02-11 05:00:00,dry,9,15,24,0.38,OK
BLR002,2025-02-11 06:00:00,dry,10,14,24,0.42,OK
BLR002,2025-02-11 07:00:00,dry,12,12,24,0.5,OK
BLR002,2025-02-11 08:00:00,dry,12,12,24,0.5,OK
BLR002,2025-02-11 09:00:00,dry,13,11,24,0.54,OK
BLR002,2025-02-11 10:00:00,dry,14,10,24,0.58,OK
BLR002,2025-02-11 11:00:00,dry,14,10,24,0.58,OK
BLR002,2025-02-11 12:00:00,dry,15,9,24,0.62,OK
BLR002,2025-02-11 13:00:00,dry,16,8,24,0.67,OK
BLR002,2025-02-11 14:00:00,dry,15,9,24,0.62,OK
BLR002,2025-02-11 15:00:00,dry,14,10,24,0.58,OK
BLR002,2025-02-11 16:00:00,dry,13,11,24,0.54,OK
BLR002,2025-02-11 17:00:00,dry,13,11,24,0.54,OK
BLR002,2025-02-11 18:00:00,dry,11,13,24,0.46,OK
BLR002,2025-02-11 19:00:00,dry,8,16,24,0.33,OK
BLR002,2025-02-11 20:00:00,dry,7,17,24,0.29,OK
BLR002,2025-02-11 21:00:00,dry,8,16,24,0.33,OK
BLR002,2025-02-11 22:00:00,dry,9,15,24,0.38,OK
BLR002,2025-02-11 23:00:00,dry,8,16,24,0.33,OK
BLR002,2025-02-12 00:00:00,dry,9,15,24,0.38,OK
BLR002,2025-02-12 01:00:00,dry,10,14,24,0.42,OK
BLR002,2025-02-12 02:00:00,dry,9,15,24,0.38,OK
BLR002,2025-02-12 03:00:00,dry,10,14,24,0.42,OK
BLR002,2025-02-12 04:00:00,dry,11,13,24,0.46,OK
BLR002,2025-02-12 05:00:00,dry,11,13,24,0.46,OK
BLR002,2025-02-12 06:00:00,dry,11,13,24,0.46,OK
BLR002,2025-02-12 07:00:00,dry,11,13,24,0.46,OK
BLR002,2025-02-12 08:00:00,dry,12,12,24,0.5,OK
BLR002,2025-02-12 09:00:00,dry,14,10,24,0.58,OK
BLR002,2025-02-12 10:00:00,dry,16,8,24,0.67,OK
BLR002,2025-02-12 11:00:00,dry,15,9,24,0.62,OK
BLR002,2025-02-12 12:00:00,dry,14,10,24,0.58,OK
BLR002,2025-02-12 13:00:00,dry,15,9,24,0.62,OK
BLR002,2025-02-12 14:00:00,dry,15,9,24,0.62,OK
BLR002,2025-02-12 15:00:00,dry,14,10,24,0.58,OK
BLR002,2025-02-12 16:00:00,dry,13,11,24,0.54,OK
BLR002,2025-02-12 17:00:00,dry,12,12,24,0.5,OK
BLR002,2025-02-12 18:00:00,dry,12,12,24,0.5,OK
BLR002,2025-02-12 19:00:00,dry,8,16,24,0.33,OK
BLR002,2025-02-12 20:00:00,dry,5,19,24,0.21,OK
BLR002,2025-02-12 21:00:00,dry,6,18,24,0.25,OK
BLR002,2025-02-12 22:00:00,dry,7,17,24,0.29,OK
BLR002,2025-02-12 23:00:00,dry,6,18,24,0.25,OK
BLR002,2025-02-13 00:00:00,dry,7,17,24,0.29,OK
BLR002,2025-02-13 01:00:00,dry,6,18,24,0.25,OK
BLR002,2025-02-13 02:00:00,dry,6,18,24,0.25,OK
BLR002,2025-02-13 03:00:00,dry,7,17,24,0.29,OK
BLR002,2025-02-13 04:00:00,dry,8,16,24,0.33,OK
BLR002,2025-02-13 05:00:00,dry,9,15,24,0.38,OK
BLR002,2025-02-13 06:00:00,dry,9,15,24,0.38,OK
BLR002,2025-02-13 07:00:00,dry,12,12,24,0.5,OK
BLR002,2025-02-13 08:00:00,dry,12,12,24,0.5,OK
BLR002,2025-02-13 09:00:00,dry,13,11,24,0.54,OK
BLR002,2025-02-13 10:00:00,dry,14,10,24,0.58,OK
BLR002,2025-02-13 11:00:00,dry,14,10,24,0.58,OK
BLR002,2025-02-13 12:00:00,dry,13,11,24,0.54,OK
BLR002,2025-02-13 13:00:00,dry,13,11,24,0.54,OK
BLR002,2025-02-13 14:00:00,dry,13,11,24,0.54,OK
BLR002,2025-02-13 15:00:00,dry,14,10,24,0.58,OK
BLR002,2025-02-13 16:00:00,dry,13,11,24,0.54,OK
BLR002,2025-02-13 17:00:00,dry,11,13,24,0.46,OK
BLR002,2025-02-13 18:00:00,dry,10,14,24,0.42,OK
BLR002,2025-02-13 19:00:00,dry,8,16,24,0.33,OK
BLR002,2025-02-13 20:00:00,dry,7,17,24,0.29,OK
BLR002,2025-02-13 21:00:00,dry,6,18,24,0.25,OK
BLR002,2025-02-13 22:00:00,dry,6,18,24,0.25,OK
BLR002,2025-02-13 23:00:00,dry,6,18,24,0.25,OK
BLR002,2025-02-14 00:00:00,dry,6,18,24,0.25,OK
BLR002,2025-02-14 01:00:00,dry,6,18,24,0.25,OK
BLR002,2025-02-14 02:00:00,dry,5,19,24,0.21,OK
BLR002,2025-02-14 03:00:00,dry,4,20,24,0.17,OK
BLR002,2025-02-14 04:00:00,dry,3,21,24,0.12,OK
BLR002,2025-02-14 05:00:00,dry,4,20,24,0.17,OK
BLR002,2025-02-14 06:00:00,dry,5,19,24,0.21,OK
BLR002,2025-02-14 07:00:00,dry,6,18,24,0.25,OK
BLR002,2025-02-14 08:00:00,dry,7,17,24,0.29,OK
BLR002,2025-02-14 09:00:00,dry,8,16,24,0.33,OK
BLR002,2025-02-14 10:00:00,dry,9,15,24,0.38,OK
BLR002,2025-02-14 11:00:00,dry,9,15,24,0.38,OK
BLR002,2025-02-14 12:00:00,dry,8,16,24,0.33,OK
BLR002,2025-02-14 13:00:00,dry,9,15,24,0.38,OK
BLR002,2025-02-14 14:00:00,dry,9,15,24,0.38,OK
BLR002,2025-02-14 15:00:00,dry,8,16,24,0.33,OK
BLR002,2025-02-14 16:00:00,dry,9,15,24,0.38,OK
BLR002,2025-02-14 17:00:00,dry,9,15,24,0.38,OK
BLR002,2025-02-14 18:00:00,dry,7,17,24,0.29,OK
BLR002,2025-02-14 19:00:00,dry,5,19,24,0.21,OK
BLR002,2025-02-14 20:00:00,dry,2,22,24,0.08,Understocked
BLR002,2025-02-14 21:00:00,dry,3,21,24,0.12,OK
BLR002,2025-02-14 22:00:00,dry,3,21,24,0.12,OK
BLR002,2025-02-14 23:00:00,dry,2,22,24,0.08,Understocked
BLR002,2025-02-15 00:00:00,dry,1,23,24,0.04,Understocked
BLR002,2025-02-15 01:00:00,dry,2,22,24,0.08,Understocked
BLR002,2025-02-15 02:00:00,dry,1,23,24,0.04,Understocked
BLR002,2025-02-15 03:00:00,dry,1,23,24,0.04,Understocked
BLR002,2025-02-15 04:00:00,dry,1,23,24,0.04,Understocked
BLR002,2025-02-15 05:00:00,dry,2,22,24,0.08,Understocked
BLR002,2025-02-15 06:00:00,dry,1,23,24,0.04,Understocked
BLR002,2025-02-15 07:00:00,dry,2,22,24,0.08,Understocked
BLR002,2025-02-15 08:00:00,dry,3,21,24,0.12,OK
BLR002,2025-02-15 09:00:00,dry,3,21,24,0.12,OK
BLR002,2025-02-15 10:00:00,dry,4,20,24,0.17,OK
BLR002,2025-02-15 11:00:00,dry,5,19,24,0.21,OK
BLR002,2025-02-15 12:00:00,dry,5,19,24,0.21,OK
BLR002,2025-02-15 13:00:00,dry,5,19,24,0.21,OK
BLR002,2025-02-15 14:00:00,dry,5,19,24,0.21,OK
BLR002,2025-02-15 15:00:00,dry,4,20,24,0.17,OK
BLR002,2025-02-15 16:00:00,dry,3,21,24,0.12,OK
BLR002,2025-02-15 17:00:00,dry,3,21,24,0.12,OK
BLR002,2025-02-15 18:00:00,dry,0,24,24,0.0,Understocked
BLR002,2025-02-15 19:00:00,dry,0,24,24,0.0,Understocked
BLR002,2025-02-15 20:00:00,dry,0,24,24,0.0,Understocked
BLR002,2025-02-15 21:00:00,dry,0,24,24,0.0,Understocked
BLR002,2025-02-15 22:00:00,dry,0,24,24,0.0,Understocked
BLR002,2025-02-15 23:00:00,dry,0,24,24,0.0,Understocked
BLR002,2025-02-16 00:00:00,dry,0,24,24,0.0,Understocked
BLR002,2025-02-16 01:00:00,dry,1,23,24,0.04,Understocked
BLR002,2025-02-16 02:00:00,dry,2,22,24,0.08,Understocked
BLR002,2025-02-16 03:00:00,dry,1,23,24,0.04,Understocked
BLR002,2025-02-16 04:00:00,dry,1,23,24,0.04,Understocked
BLR002,2025-02-16 05:00:00,dry,1,23,24,0.04,Understocked
BLR002,2025-02-16 06:00:00,dry,1,23,24,0.04,Understocked
BLR002,2025-02-16 07:00:00,dry,1,23,24,0.04,Understocked
BLR002,2025-02-16 08:00:00,dry,2,22,24,0.08,Understocked
BLR002,2025-02-16 09:00:00,dry,2,22,24,0.08,Understocked
BLR002,2025-02-16 10:00:00,dry,3,21,24,0.12,OK
BLR002,2025-02-16 11:00:00,dry,3,21,24,0.12,OK
BLR002,2025-02-16 12:00:00,dry,2,22,24,0.08,Understocked
BLR002,2025-02-16 13:00:00,dry,3,21,24,0.12,OK
BLR002,2025-02-16 14:00:00,dry,2,22,24,0.08,Understocked
BLR002,2025-02-16 15:00:00,dry,3,21,24,0.12,OK
BLR002,2025-02-16 16:00:00,dry,3,21,24,0.12,OK
BLR002,2025-02-16 17:00:00,dry,3,21,24,0.12,OK
BLR002,2025-02-16 18:00:00,dry,2,22,24,0.08,Understocked
BLR002,2025-02-16 19:00:00,dry,1,23,24,0.04,Understocked
BLR002,2025-02-16 20:00:00,dry,1,23,24,0.04,Understocked
BLR002,2025-02-16 21:00:00,dry,0,24,24,0.0,Understocked
BLR002,2025-02-16 22:00:00,dry,0,24,24,0.0,Understocked
BLR002,2025-02-16 23:00:00,dry,0,24,24,0.0,Understocked
BLR003,2025-02-10 00:00:00,dry,8,12,20,0.4,OK
BLR003,2025-02-10 01:00:00,dry,9,11,20,0.45,OK
BLR003,2025-02-10 02:00:00,dry,8,12,20,0.4,OK
BLR003,2025-02-10 03:00:00,dry,8,12,20,0.4,OK
BLR003,2025-02-10 04:00:00,dry,7,13,20,0.35,OK
BLR003,2025-02-10 05:00:00,dry,6,14,20,0.3,OK
BLR003,2025-02-10 06:00:00,dry,6,14,20,0.3,OK
BLR003,2025-02-10 07:00:00,dry,6,14,20,0.3,OK
BLR003,2025-02-10 08:00:00,dry,7,13,20,0.35,OK
BLR003,2025-02-10 09:00:00,dry,8,12,20,0.4,OK
BLR003,2025-02-10 10:00:00,dry,8,12,20,0.4,OK
BLR003,2025-02-10 11:00:00,dry,9,11,20,0.45,OK
BLR003,2025-02-10 12:00:00,dry,8,12,20,0.4,OK
BLR003,2025-02-10 13:00:00,dry,7,13,20,0.35,OK
BLR003,2025-02-10 14:00:00,dry,8,12,20,0.4,OK
BLR003,2025-02-10 15:00:00,dry,9,11,20,0.45,OK
BLR003,2025-02-10 16:00:00,dry,10,10,20,0.5,OK
BLR003,2025-02-10 17:00:00,dry,10,10,20,0.5,OK
BLR003,2025-02-10 18:00:00,dry,7,13,20,0.35,OK
BLR003,2025-02-10 19:00:00,dry,6,14,20,0.3,OK
BLR003,2025-02-10 20:00:00,dry,6,14,20,0.3,OK
BLR003,2025-02-10 21:00:00,dry,7,13,20,0.35,OK
BLR003,2025-02-10 22:00:00,dry,6,14,20,0.3,OK
BLR003,2025-02-10 23:00:00,dry,5,15,20,0.25,OK
BLR003,2025-02-11 00:00:00,dry,5,15,20,0.25,OK
BLR003,2025-02-11 01:00:00,dry,4,16,20,0.2,OK
BLR003,2025-02-11 02:00:00,dry,3,17,20,0.15,OK
BLR003,2025-02-11 03:00:00,dry,4,16,20,0.2,OK
BLR003,2025-02-11 04:00:00,dry,3,17,20,0.15,OK
BLR003,2025-02-11 05:00:00,dry,4,16,20,0.2,OK
BLR003,2025-02-11 06:00:00,dry,5,15,20,0.25,OK
BLR003,2025-02-11 07:00:00,dry,5,15,20,0.25,OK
BLR003,2025-02-11 08:00:00,dry,6,14,20,0.3,OK
BLR003,2025-02-11 09:00:00,dry,6,14,20,0.3,OK
BLR003,2025-02-11 10:00:00,dry,10,10,20,0.5,OK
BLR003,2025-02-11 11:00:00,dry,9,11,20,0.45,OK
BLR003,2025-02-11 12:00:00,dry,8,12,20,0.4,OK
BLR003,2025-02-11 13:00:00,dry,7,13,20,0.35,OK
BLR003,2025-02-11 14:00:00,dry,7,13,20,0.35,OK
BLR003,2025-02-11 15:00:00,dry,8,12,20,0.4,OK
BLR003,2025-02-11 16:00:00,dry,7,13,20,0.35,OK
BLR003,2025-02-11 17:00:00,dry,6,14,20,0.3,OK
BLR003,2025-02-11 18:00:00,dry,5,15,20,0.25,OK
BLR003,2025-02-11 19:00:00,dry,4,16,20,0.2,OK
BLR003,2025-02-11 20:00:00,dry,3,17,20,0.15,OK
BLR003,2025-02-11 21:00:00,dry,4,16,20,0.2,OK
BLR003,2025-02-11 22:00:00,dry,3,17,20,0.15,OK
BLR003,2025-02-11 23:00:00,dry,3,17,20,0.15,OK
BLR003,2025-02-12 00:00:00,dry,3,17,20,0.15,OK
BLR003,2025-02-12 01:00:00,dry,3,17,20,0.15,OK
BLR003,2025-02-12 02:00:00,dry,3,17,20,0.15,OK
BLR003,2025-02-12 03:00:00,dry,3,17,20,0.15,OK
BLR003,2025-02-12 04:00:00,dry,3,17,20,0.15,OK
BLR003,2025-02-12 05:00:00,dry,2,18,20,0.1,Understocked
BLR003,2025-02-12 06:00:00,dry,1,19,20,0.05,Understocked
BLR003,2025-02-12 07:00:00,dry,3,17,20,0.15,OK
BLR003,2025-02-12 08:00:00,dry,3,17,20,0.15,OK
BLR003,2025-02-12 09:00:00,dry,4,16,20,0.2,OK
BLR003,2025-02-12 10:00:00,dry,5,15,20,0.25,OK
BLR003,2025-02-12 11:00:00,dry,4,16,20,0.2,OK
BLR003,2025-02-12 12:00:00,dry,5,15,20,0.25,OK
BLR003,2025-02-12 13:00:00,dry,4,16,20,0.2,OK
BLR003,2025-02-12 14:00:00,dry,4,16,20,0.2,OK
BLR003,2025-02-12 15:00:00,dry,3,17,20,0.15,OK
BLR003,2025-02-12 16:00:00,dry,4,16,20,0.2,OK
BLR003,2025-02-12 17:00:00,dry,3,17,20,0.15,OK
BLR003,2025-02-12 18:00:00,dry,1,19,20,0.05,Understocked
BLR003,2025-02-12 19:00:00,dry,1,19,20,0.05,Understocked
BLR003,2025-02-12 20:00:00,dry,0,20,20,0.0,Understocked
BLR003,2025-02-12 21:00:00,dry,0,20,20,0.0,Understocked
BLR003,2025-02-12 22:00:00,dry,0,20,20,0.0,Understocked
BLR003,2025-02-12 23:00:00,dry,0,20,20,0.0,Understocked
BLR003,2025-02-13 00:00:00,dry,0,20,20,0.0,Understocked
BLR003,2025-02-13 01:00:00,dry,0,20,20,0.0,Understocked
BLR003,2025-02-13 02:00:00,dry,0,20,20,0.0,Understocked
BLR003,2025-02-13 03:00:00,dry,1,19,20,0.05,Understocked
BLR003,2025-02-13 04:00:00,dry,2,18,20,0.1,Understocked
BLR003,2025-02-13 05:00:00,dry,1,19,20,0.05,Understocked
BLR003,2025-02-13 06:00:00,dry,0,20,20,0.0,Understocked
BLR003,2025-02-13 07:00:00,dry,0,20,20,0.0,Understocked
BLR003,2025-02-13 08:00:00,dry,0,20,20,0.0,Understocked
BLR003,2025-02-13 09:00:00,dry,1,19,20,0.05,Understocked
BLR003,2025-02-13 10:00:00,dry,2,18,20,0.1,Understocked
BLR003,2025-02-13 11:00:00,dry,1,19,20,0.05,Understocked
BLR003,2025-02-13 12:00:00,dry,0,20,20,0.0,Understocked
BLR003,2025-02-13 13:00:00,dry,1,19,20,0.05,Understocked
BLR003,2025-02-13 14:00:00,dry,1,19,20,0.05,Understocked
BLR003,2025-02-13 15:00:00,dry,2,18,20,0.1,Understocked
BLR003,2025-02-13 16:00:00,dry,1,19,20,0.05,Understocked
BLR003,2025-02-13 17:00:00,dry,0,20,20,0.0,Understocked
BLR003,2025-02-13 18:00:00,dry,0,20,20,0.0,Understocked
BLR003,2025-02-13 19:00:00,dry,0,20,20,0.0,Understocked
BLR003,2025-02-13 20:00:00,dry,0,20,20,0.0,Understocked
BLR003,2025-02-13 21:00:00,dry,1,19,20,0.05,Understocked
BLR003,2025-02-13 22:00:00,dry,2,18,20,0.1,Understocked
BLR003,2025-02-13 23:00:00,dry,2,18,20,0.1,Understocked
BLR003,2025-02-14 00:00:00,dry,1,19,20,0.05,Understocked
BLR003,2025-02-14 01:00:00,dry,0,20,20,0.0,Understocked
BLR003,2025-02-14 02:00:00,dry,0,20,20,0.0,Understocked
BLR003,2025-02-14 03:00:00,dry,0,20,20,0.0,Understocked
BLR003,2025-02-14 04:00:00,dry,0,20,20,0.0,Understocked
BLR003,2025-02-14 05:00:00,dry,1,19,20,0.05,Understocked
BLR003,2025-02-14 06:00:00,dry,2,18,20,0.1,Understocked
BLR003,2025-02-14 07:00:00,dry,2,18,20,0.1,Understocked
BLR003,2025-02-14 08:00:00,dry,3,17,20,0.15,OK
BLR003,2025-02-14 09:00:00,dry,3,17,20,0.15,OK
BLR003,2025-02-14 10:00:00,dry,5,15,20,0.25,OK
BLR003,2025-02-14 11:00:00,dry,6,14,20,0.3,OK
BLR003,2025-02-14 12:00:00,dry,6,14,20,0.3,OK
BLR003,2025-02-14 13:00:00,dry,7,13,20,0.35,OK
BLR003,2025-02-14 14:00:00,dry,6,14,20,0.3,OK
BLR003,2025-02-14 15:00:00,dry,5,15,20,0.25,OK
BLR003,2025-02-14 16:00:00,dry,4,16,20,0.2,OK
BLR003,2025-02-14 17:00:00,dry,4,16,20,0.2,OK
BLR003,2025-02-14 18:00:00,dry,3,17,20,0.15,OK
BLR003,2025-02-14 19:00:00,dry,3,17,20,0.15,OK
BLR003,2025-02-14 20:00:00,dry,1,19,20,0.05,Understocked
BLR003,2025-02-14 21:00:00,dry,0,20,20,0.0,Understocked
BLR003,2025-02-14 22:00:00,dry,0,20,20,0.0,Understocked
BLR003,2025-02-14 23:00:00,dry,0,20,20,0.0,Understocked
BLR003,2025-02-15 00:00:00,dry,0,20,20,0.0,Understocked
BLR003,2025-02-15 01:00:00,dry,1,19,20,0.05,Understocked
BLR003,2025-02-15 02:00:00,dry,2,18,20,0.1,Understocked
BLR003,2025-02-15 03:00:00,dry,3,17,20,0.15,OK
BLR003,2025-02-15 04:00:00,dry,3,17,20,0.15,OK
BLR003,2025-02-15 05:00:00,dry,2,18,20,0.1,Understocked
BLR003,2025-02-15 06:00:00,dry,1,19,20,0.05,Understocked
BLR003,2025-02-15 07:00:00,dry,1,19,20,0.05,Understocked
BLR003,2025-02-15 08:00:00,dry,2,18,20,0.1,Understocked
BLR003,2025-02-15 09:00:00,dry,2,18,20,0.1,Understocked
BLR003,2025-02-15 10:00:00,dry,3,17,20,0.15,OK
BLR003,2025-02-15 11:00:00,dry,4,16,20,0.2,OK
BLR003,2025-02-15 12:00:00,dry,3,17,20,0.15,OK
BLR003,2025-02-15 13:00:00,dry,3,17,20,0.15,OK
BLR003,2025-02-15 14:00:00,dry,4,16,20,0.2,OK
BLR003,2025-02-15 15:00:00,dry,5,15,20,0.25,OK
BLR003,2025-02-15 16:00:00,dry,6,14,20,0.3,OK
BLR003,2025-02-15 17:00:00,dry,5,15,20,0.25,OK
BLR003,2025-02-15 18:00:00,dry,2,18,20,0.1,Understocked
BLR003,2025-02-15 19:00:00,dry,1,19,20,0.05,Understocked
BLR003,2025-02-15 20:00:00,dry,1,19,20,0.05,Understocked
BLR003,2025-02-15 21:00:00,dry,0,20,20,0.0,Understocked
BLR003,2025-02-15 22:00:00,dry,0,20,20,0.0,Understocked
BLR003,2025-02-15 23:00:00,dry,1,19,20,0.05,Understocked
BLR003,2025-02-16 00:00:00,dry,1,19,20,0.05,Understocked
BLR003,2025-02-16 01:00:00,dry,0,20,20,0.0,Understocked
BLR003,2025-02-16 02:00:00,dry,0,20,20,0.0,Understocked
BLR003,2025-02-16 03:00:00,dry,1,19,20,0.05,Understocked
BLR003,2025-02-16 04:00:00,dry,0,20,20,0.0,Understocked
BLR003,2025-02-16 05:00:00,dry,0,20,20,0.0,Understocked
BLR003,2025-02-16 06:00:00,dry,0,20,20,0.0,Understocked
BLR003,2025-02-16 07:00:00,dry,0,20,20,0.0,Understocked
BLR003,2025-02-16 08:00:00,dry,0,20,20,0.0,Understocked
BLR003,2025-02-16 09:00:00,dry,0,20,20,0.0,Understocked
BLR003,2025-02-16 10:00:00,dry,1,19,20,0.05,Understocked
BLR003,2025-02-16 11:00:00,dry,0,20,20,0.0,Understocked
BLR003,2025-02-16 12:00:00,dry,0,20,20,0.0,Understocked
BLR003,2025-02-16 13:00:00,dry,1,19,20,0.05,Understocked
BLR003,2025-02-16 14:00:00,dry,2,18,20,0.1,Understocked
BLR003,2025-02-16 15:00:00,dry,2,18,20,0.1,Understocked
BLR003,2025-02-16 16:00:00,dry,3,17,20,0.15,OK
BLR003,2025-02-16 17:00:00,dry,0,20,20,0.0,Understocked
BLR003,2025-02-16 18:00:00,dry,0,20,20,0.0,Understocked
BLR003,2025-02-16 19:00:00,dry,0,20,20,0.0,Understocked
BLR003,2025-02-16 20:00:00,dry,0,20,20,0.0,Understocked
BLR003,2025-02-16 21:00:00,dry,1,19,20,0.05,Understocked
BLR003,2025-02-16 22:00:00,dry,2,18,20,0.1,Understocked
BLR003,2025-02-16 23:00:00,dry,3,17,20,0.15,OK
BLR004,2025-02-10 00:00:00,dry,7,9,16,0.44,OK
BLR004,2025-02-10 01:00:00,dry,6,10,16,0.38,OK
BLR004,2025-02-10 02:00:00,dry,6,10,16,0.38,OK
BLR004,2025-02-10 03:00:00,dry,5,11,16,0.31,OK
BLR004,2025-02-10 04:00:00,dry,5,11,16,0.31,OK
BLR004,2025-02-10 05:00:00,dry,4,12,16,0.25,OK
BLR004,2025-02-10 06:00:00,dry,4,12,16,0.25,OK
BLR004,2025-02-10 07:00:00,dry,4,12,16,0.25,OK
BLR004,2025-02-10 08:00:00,dry,4,12,16,0.25,OK
BLR004,2025-02-10 09:00:00,dry,4,12,16,0.25,OK
BLR004,2025-02-10 10:00:00,dry,5,11,16,0.31,OK
BLR004,2025-02-10 11:00:00,dry,6,10,16,0.38,OK
BLR004,2025-02-10 12:00:00,dry,5,11,16,0.31,OK
BLR004,2025-02-10 13:00:00,dry,4,12,16,0.25,OK
BLR004,2025-02-10 14:00:00,dry,4,12,16,0.25,OK
BLR004,2025-02-10 15:00:00,dry,3,13,16,0.19,OK
BLR004,2025-02-10 16:00:00,dry,2,14,16,0.12,OK
BLR004,2025-02-10 17:00:00,dry,1,15,16,0.06,Understocked
BLR004,2025-02-10 18:00:00,dry,0,16,16,0.0,Understocked
BLR004,2025-02-10 19:00:00,dry,0,16,16,0.0,Understocked
BLR004,2025-02-10 20:00:00,dry,0,16,16,0.0,Understocked
BLR004,2025-02-10 21:00:00,dry,0,16,16,0.0,Understocked
BLR004,2025-02-10 22:00:00,dry,0,16,16,0.0,Understocked
BLR004,2025-02-10 23:00:00,dry,1,15,16,0.06,Understocked
BLR004,2025-02-11 00:00:00,dry,0,16,16,0.0,Understocked
BLR004,2025-02-11 01:00:00,dry,0,16,16,0.0,Understocked
BLR004,2025-02-11 02:00:00,dry,1,15,16,0.06,Understocked
BLR004,2025-02-11 03:00:00,dry,2,14,16,0.12,OK
BLR004,2025-02-11 04:00:00,dry,3,13,16,0.19,OK
BLR004,2025-02-11 05:00:00,dry,2,14,16,0.12,OK
BLR004,2025-02-11 06:00:00,dry,3,13,16,0.19,OK
BLR004,2025-02-11 07:00:00,dry,4,12,16,0.25,OK
BLR004,2025-02-11 08:00:00,dry,4,12,16,0.25,OK
BLR004,2025-02-11 09:00:00,dry,8,8,16,0.5,OK
BLR004,2025-02-11 10:00:00,dry,10,6,16,0.62,OK
BLR004,2025-02-11 11:00:00,dry,11,5,16,0.69,OK
BLR004,2025-02-11 12:00:00,dry,12,4,16,0.75,OK
BLR004,2025-02-11 13:00:00,dry,11,5,16,0.69,OK
BLR004,2025-02-11 14:00:00,dry,12,4,16,0.75,OK
BLR004,2025-02-11 15:00:00,dry,13,3,16,0.81,OK
BLR004,2025-02-11 16:00:00,dry,13,3,16,0.81,OK
BLR004,2025-02-11 17:00:00,dry,13,3,16,0.81,OK
BLR004,2025-02-11 18:00:00,dry,12,4,16,0.75,OK
BLR004,2025-02-11 19:00:00,dry,12,4,16,0.75,OK
BLR004,2025-02-11 20:00:00,dry,10,6,16,0.62,OK
BLR004,2025-02-11 21:00:00,dry,9,7,16,0.56,OK
BLR004,2025-02-11 22:00:00,dry,10,6,16,0.62,OK
BLR004,2025-02-11 23:00:00,dry,10,6,16,0.62,OK
BLR004,2025-02-12 00:00:00,dry,9,7,16,0.56,OK
BLR004,2025-02-12 01:00:00,dry,8,8,16,0.5,OK
BLR004,2025-02-12 02:00:00,dry,7,9,16,0.44,OK
BLR004,2025-02-12 03:00:00,dry,6,10,16,0.38,OK
BLR004,2025-02-12 04:00:00,dry,7,9,16,0.44,OK
BLR004,2025-02-12 05:00:00,dry,6,10,16,0.38,OK
BLR004,2025-02-12 06:00:00,dry,7,9,16,0.44,OK
BLR004,2025-02-12 07:00:00,dry,8,8,16,0.5,OK
BLR004,2025-02-12 08:00:00,dry,8,8,16,0.5,OK
BLR004,2025-02-12 09:00:00,dry,10,6,16,0.62,OK
BLR004,2025-02-12 10:00:00,dry,10,6,16,0.62,OK
BLR004,2025-02-12 11:00:00,dry,11,5,16,0.69,OK
BLR004,2025-02-12 12:00:00,dry,12,4,16,0.75,OK
BLR004,2025-02-12 13:00:00,dry,12,4,16,0.75,OK
BLR004,2025-02-12 14:00:00,dry,13,3,16,0.81,OK
BLR004,2025-02-12 15:00:00,dry,12,4,16,0.75,OK
BLR004,2025-02-12 16:00:00,dry,11,5,16,0.69,OK
BLR004,2025-02-12 17:00:00,dry,10,6,16,0.62,OK
BLR004,2025-02-12 18:00:00,dry,9,7,16,0.56,OK
BLR004,2025-02-12 19:00:00,dry,7,9,16,0.44,OK
BLR004,2025-02-12 20:00:00,dry,5,11,16,0.31,OK
BLR004,2025-02-12 21:00:00,dry,5,11,16,0.31,OK
BLR004,2025-02-12 22:00:00,dry,4,12,16,0.25,OK
BLR004,2025-02-12 23:00:00,dry,3,13,16,0.19,OK
BLR004,2025-02-13 00:00:00,dry,3,13,16,0.19,OK
BLR004,2025-02-13 01:00:00,dry,2,14,16,0.12,OK
BLR004,2025-02-13 02:00:00,dry,1,15,16,0.06,Understocked
BLR004,2025-02-13 03:00:00,dry,0,16,16,0.0,Understocked
BLR004,2025-02-13 04:00:00,dry,0,16,16,0.0,Understocked
BLR004,2025-02-13 05:00:00,dry,0,16,16,0.0,Understocked
BLR004,2025-02-13 06:00:00,dry,0,16,16,0.0,Understocked
BLR004,2025-02-13 07:00:00,dry,0,16,16,0.0,Understocked
BLR004,2025-02-13 08:00:00,dry,0,16,16,0.0,Understocked
BLR004,2025-02-13 09:00:00,dry,1,15,16,0.06,Understocked
BLR004,2025-02-13 10:00:00,dry,2,14,16,0.12,OK
BLR004,2025-02-13 11:00:00,dry,2,14,16,0.12,OK
BLR004,2025-02-13 12:00:00,dry,1,15,16,0.06,Understocked
BLR004,2025-02-13 13:00:00,dry,2,14,16,0.12,OK
BLR004,2025-02-13 14:00:00,dry,1,15,16,0.06,Understocked
BLR004,2025-02-13 15:00:00,dry,2,14,16,0.12,OK
BLR004,2025-02-13 16:00:00,dry,1,15,16,0.06,Understocked
BLR004,2025-02-13 17:00:00,dry,0,16,16,0.0,Understocked
BLR004,2025-02-13 18:00:00,dry,0,16,16,0.0,Understocked
BLR004,2025-02-13 19:00:00,dry,0,16,16,0.0,Understocked
BLR004,2025-02-13 20:00:00,dry,0,16,16,0.0,Understocked
BLR004,2025-02-13 21:00:00,dry,1,15,16,0.06,Understocked
BLR004,2025-02-13 22:00:00,dry,2,14,16,0.12,OK
BLR004,2025-02-13 23:00:00,dry,1,15,16,0.06,Understocked
BLR004,2025-02-14 00:00:00,dry,2,14,16,0.12,OK
BLR004,2025-02-14 01:00:00,dry,2,14,16,0.12,OK
BLR004,2025-02-14 02:00:00,dry,2,14,16,0.12,OK
BLR004,2025-02-14 03:00:00,dry,3,13,16,0.19,OK
BLR004,2025-02-14 04:00:00,dry,2,14,16,0.12,OK
BLR004,2025-02-14 05:00:00,dry,3,13,16,0.19,OK
BLR004,2025-02-14 06:00:00,dry,4,12,16,0.25,OK
BLR004,2025-02-14 07:00:00,dry,5,11,16,0.31,OK
BLR004,2025-02-14 08:00:00,dry,5,11,16,0.31,OK
BLR004,2025-02-14 09:00:00,dry,9,7,16,0.56,OK
BLR004,2025-02-14 10:00:00,dry,9,7,16,0.56,OK
BLR004,2025-02-14 11:00:00,dry,10,6,16,0.62,OK
BLR004,2025-02-14 12:00:00,dry,9,7,16,0.56,OK
BLR004,2025-02-14 13:00:00,dry,8,8,16,0.5,OK
BLR004,2025-02-14 14:00:00,dry,7,9,16,0.44,OK
BLR004,2025-02-14 15:00:00,dry,8,8,16,0.5,OK
BLR004,2025-02-14 16:00:00,dry,9,7,16,0.56,OK
BLR004,2025-02-14 17:00:00,dry,6,10,16,0.38,OK
BLR004,2025-02-14 18:00:00,dry,5,11,16,0.31,OK
BLR004,2025-02-14 19:00:00,dry,4,12,16,0.25,OK
BLR004,2025-02-14 20:00:00,dry,3,13,16,0.19,OK
BLR004,2025-02-14 21:00:00,dry,3,13,16,0.19,OK
BLR004,2025-02-14 22:00:00,dry,4,12,16,0.25,OK
BLR004,2025-02-14 23:00:00,dry,4,12,16,0.25,OK
BLR004,2025-02-15 00:00:00,dry,5,11,16,0.31,OK
BLR004,2025-02-15 01:00:00,dry,6,10,16,0.38,OK
BLR004,2025-02-15 02:00:00,dry,7,9,16,0.44,OK
BLR004,2025-02-15 03:00:00,dry,7,9,16,0.44,OK
BLR004,2025-02-15 04:00:00,dry,7,9,16,0.44,OK
BLR004,2025-02-15 05:00:00,dry,6,10,16,0.38,OK
BLR004,2025-02-15 06:00:00,dry,6,10,16,0.38,OK
BLR004,2025-02-15 07:00:00,dry,6,10,16,0.38,OK
BLR004,2025-02-15 08:00:00,dry,7,9,16,0.44,OK
BLR004,2025-02-15 09:00:00,dry,7,9,16,0.44,OK
BLR004,2025-02-15 10:00:00,dry,9,7,16,0.56,OK
BLR004,2025-02-15 11:00:00,dry,10,6,16,0.62,OK
BLR004,2025-02-15 12:00:00,dry,10,6,16,0.62,OK
BLR004,2025-02-15 13:00:00,dry,11,5,16,0.69,OK
BLR004,2025-02-15 14:00:00,dry,10,6,16,0.62,OK
BLR004,2025-02-15 15:00:00,dry,9,7,16,0.56,OK
BLR004,2025-02-15 16:00:00,dry,10,6,16,0.62,OK
BLR004,2025-02-15 17:00:00,dry,3,13,16,0.19,OK
BLR004,2025-02-15 18:00:00,dry,2,14,16,0.12,OK
BLR004,2025-02-15 19:00:00,dry,2,14,16,0.12,OK
BLR004,2025-02-15 20:00:00,dry,1,15,16,0.06,Understocked
BLR004,2025-02-15 21:00:00,dry,2,14,16,0.12,OK
BLR004,2025-02-15 22:00:00,dry,2,14,16,0.12,OK
BLR004,2025-02-15 23:00:00,dry,2,14,16,0.12,OK
BLR004,2025-02-16 00:00:00,dry,2,14,16,0.12,OK
BLR004,2025-02-16 01:00:00,dry,1,15,16,0.06,Understocked
BLR004,2025-02-16 02:00:00,dry,2,14,16,0.12,OK
BLR004,2025-02-16 03:00:00,dry,3,13,16,0.19,OK
BLR004,2025-02-16 04:00:00,dry,3,13,16,0.19,OK
BLR004,2025-02-16 05:00:00,dry,4,12,16,0.25,OK
BLR004,2025-02-16 06:00:00,dry,5,11,16,0.31,OK
BLR004,2025-02-16 07:00:00,dry,5,11,16,0.31,OK
BLR004,2025-02-16 08:00:00,dry,5,11,16,0.31,OK
BLR004,2025-02-16 09:00:00,dry,5,11,16,0.31,OK
BLR004,2025-02-16 10:00:00,dry,6,10,16,0.38,OK
BLR004,2025-02-16 11:00:00,dry,7,9,16,0.44,OK
BLR004,2025-02-16 12:00:00,dry,6,10,16,0.38,OK
BLR004,2025-02-16 13:00:00,dry,6,10,16,0.38,OK
BLR004,2025-02-16 14:00:00,dry,6,10,16,0.38,OK
BLR004,2025-02-16 15:00:00,dry,6,10,16,0.38,OK
BLR004,2025-02-16 16:00:00,dry,7,9,16,0.44,OK
BLR004,2025-02-16 17:00:00,dry,4,12,16,0.25,OK
BLR004,2025-02-16 18:00:00,dry,1,15,16,0.06,Understocked
BLR004,2025-02-16 19:00:00,dry,0,16,16,0.0,Understocked
BLR004,2025-02-16 20:00:00,dry,0,16,16,0.0,Understocked
BLR004,2025-02-16 21:00:00,dry,1,15,16,0.06,Understocked
BLR004,2025-02-16 22:00:00,dry,0,16,16,0.0,Understocked
BLR004,2025-02-16 23:00:00,dry,1,15,16,0.06,Understocked
BLR005,2025-02-10 00:00:00,dry,19,11,30,0.63,OK
BLR005,2025-02-10 01:00:00,dry,20,10,30,0.67,OK
BLR005,2025-02-10 02:00:00,dry,20,10,30,0.67,OK
BLR005,2025-02-10 03:00:00,dry,19,11,30,0.63,OK
BLR005,2025-02-10 04:00:00,dry,20,10,30,0.67,OK
BLR005,2025-02-10 05:00:00,dry,20,10,30,0.67,OK
BLR005,2025-02-10 06:00:00,dry,19,11,30,0.63,OK
BLR005,2025-02-10 07:00:00,dry,20,10,30,0.67,OK
BLR005,2025-02-10 08:00:00,dry,21,9,30,0.7,OK
BLR005,2025-02-10 09:00:00,dry,22,8,30,0.73,OK
BLR005,2025-02-10 10:00:00,dry,26,4,30,0.87,OK
BLR005,2025-02-10 11:00:00,dry,27,3,30,0.9,Overstocked
BLR005,2025-02-10 12:00:00,dry,26,4,30,0.87,OK
BLR005,2025-02-10 13:00:00,dry,26,4,30,0.87,OK
BLR005,2025-02-10 14:00:00,dry,27,3,30,0.9,Overstocked
BLR005,2025-02-10 15:00:00,dry,27,3,30,0.9,Overstocked
BLR005,2025-02-10 16:00:00,dry,27,3,30,0.9,Overstocked
BLR005,2025-02-10 17:00:00,dry,27,3,30,0.9,Overstocked
BLR005,2025-02-10 18:00:00,dry,27,3,30,0.9,Overstocked
BLR005,2025-02-10 19:00:00,dry,25,5,30,0.83,OK
BLR005,2025-02-10 20:00:00,dry,23,7,30,0.77,OK
BLR005,2025-02-10 21:00:00,dry,22,8,30,0.73,OK
BLR005,2025-02-10 22:00:00,dry,22,8,30,0.73,OK
BLR005,2025-02-10 23:00:00,dry,21,9,30,0.7,OK
BLR005,2025-02-11 00:00:00,dry,21,9,30,0.7,OK
BLR005,2025-02-11 01:00:00,dry,22,8,30,0.73,OK
BLR005,2025-02-11 02:00:00,dry,21,9,30,0.7,OK
BLR005,2025-02-11 03:00:00,dry,21,9,30,0.7,OK
BLR005,2025-02-11 04:00:00,dry,21,9,30,0.7,OK
BLR005,2025-02-11 05:00:00,dry,20,10,30,0.67,OK
BLR005,2025-02-11 06:00:00,dry,21,9,30,0.7,OK
BLR005,2025-02-11 07:00:00,dry,22,8,30,0.73,OK
BLR005,2025-02-11 08:00:00,dry,22,8,30,0.73,OK
BLR005,2025-02-11 09:00:00,dry,24,6,30,0.8,OK
BLR005,2025-02-11 10:00:00,dry,24,6,30,0.8,OK
BLR005,2025-02-11 11:00:00,dry,23,7,30,0.77,OK
BLR005,2025-02-11 12:00:00,dry,23,7,30,0.77,OK
BLR005,2025-02-11 13:00:00,dry,24,6,30,0.8,OK
BLR005,2025-02-11 14:00:00,dry,25,5,30,0.83,OK
BLR005,2025-02-11 15:00:00,dry,26,4,30,0.87,OK
BLR005,2025-02-11 16:00:00,dry,27,3,30,0.9,Overstocked
BLR005,2025-02-11 17:00:00,dry,27,3,30,0.9,Overstocked
BLR005,2025-02-11 18:00:00,dry,27,3,30,0.9,Overstocked
BLR005,2025-02-11 19:00:00,dry,24,6,30,0.8,OK
BLR005,2025-02-11 20:00:00,dry,21,9,30,0.7,OK
BLR005,2025-02-11 21:00:00,dry,22,8,30,0.73,OK
BLR005,2025-02-11 22:00:00,dry,23,7,30,0.77,OK
BLR005,2025-02-11 23:00:00,dry,24,6,30,0.8,OK
BLR005,2025-02-12 00:00:00,dry,24,6,30,0.8,OK
BLR005,2025-02-12 01:00:00,dry,25,5,30,0.83,OK
BLR005,2025-02-12 02:00:00,dry,24,6,30,0.8,OK
BLR005,2025-02-12 03:00:00,dry,24,6,30,0.8,OK
BLR005,2025-02-12 04:00:00,dry,25,5,30,0.83,OK
BLR005,2025-02-12 05:00:00,dry,24,6,30,0.8,OK
BLR005,2025-02-12 06:00:00,dry,23,7,30,0.77,OK
BLR005,2025-02-12 07:00:00,dry,24,6,30,0.8,OK
BLR005,2025-02-12 08:00:00,dry,24,6,30,0.8,OK
BLR005,2025-02-12 09:00:00,dry,26,4,30,0.87,OK
BLR005,2025-02-12 10:00:00,dry,26,4,30,0.87,OK
BLR005,2025-02-12 11:00:00,dry,27,3,30,0.9,Overstocked
BLR005,2025-02-12 12:00:00,dry,26,4,30,0.87,OK
BLR005,2025-02-12 13:00:00,dry,25,5,30,0.83,OK
BLR005,2025-02-12 14:00:00,dry,25,5,30,0.83,OK
BLR005,2025-02-12 15:00:00,dry,25,5,30,0.83,OK
BLR005,2025-02-12 16:00:00,dry,24,6,30,0.8,OK
BLR005,2025-02-12 17:00:00,dry,23,7,30,0.77,OK
BLR005,2025-02-12 18:00:00,dry,22,8,30,0.73,OK
BLR005,2025-02-12 19:00:00,dry,22,8,30,0.73,OK
BLR005,2025-02-12 20:00:00,dry,18,12,30,0.6,OK
BLR005,2025-02-12 21:00:00,dry,19,11,30,0.63,OK
BLR005,2025-02-12 22:00:00,dry,20,10,30,0.67,OK
BLR005,2025-02-12 23:00:00,dry,20,10,30,0.67,OK
BLR005,2025-02-13 00:00:00,dry,21,9,30,0.7,OK
BLR005,2025-02-13 01:00:00,dry,21,9,30,0.7,OK
BLR005,2025-02-13 02:00:00,dry,21,9,30,0.7,OK
BLR005,2025-02-13 03:00:00,dry,21,9,30,0.7,OK
BLR005,2025-02-13 04:00:00,dry,21,9,30,0.7,OK
BLR005,2025-02-13 05:00:00,dry,21,9,30,0.7,OK
BLR005,2025-02-13 06:00:00,dry,20,10,30,0.67,OK
BLR005,2025-02-13 07:00:00,dry,21,9,30,0.7,OK
BLR005,2025-02-13 08:00:00,dry,21,9,30,0.7,OK
BLR005,2025-02-13 09:00:00,dry,21,9,30,0.7,OK
BLR005,2025-02-13 10:00:00,dry,21,9,30,0.7,OK
BLR005,2025-02-13 11:00:00,dry,21,9,30,0.7,OK
BLR005,2025-02-13 12:00:00,dry,21,9,30,0.7,OK
BLR005,2025-02-13 13:00:00,dry,20,10,30,0.67,OK
BLR005,2025-02-13 14:00:00,dry,20,10,30,0.67,OK
BLR005,2025-02-13 15:00:00,dry,20,10,30,0.67,OK
BLR005,2025-02-13 16:00:00,dry,19,11,30,0.63,OK
BLR005,2025-02-13 17:00:00,dry,19,11,30,0.63,OK
BLR005,2025-02-13 18:00:00,dry,17,13,30,0.57,OK
BLR005,2025-02-13 19:00:00,dry,16,14,30,0.53,OK
BLR005,2025-02-13 20:00:00,dry,14,16,30,0.47,OK
BLR005,2025-02-13 21:00:00,dry,15,15,30,0.5,OK
BLR005,2025-02-13 22:00:00,dry,15,15,30,0.5,OK
BLR005,2025-02-13 23:00:00,dry,16,14,30,0.53,OK
BLR005,2025-02-14 00:00:00,dry,15,15,30,0.5,OK
BLR005,2025-02-14 01:00:00,dry,16,14,30,0.53,OK
BLR005,2025-02-14 02:00:00,dry,17,13,30,0.57,OK
BLR005,2025-02-14 03:00:00,dry,16,14,30,0.53,OK
BLR005,2025-02-14 04:00:00,dry,17,13,30,0.57,OK
BLR005,2025-02-14 05:00:00,dry,16,14,30,0.53,OK
BLR005,2025-02-14 06:00:00,dry,16,14,30,0.53,OK
BLR005,2025-02-14 07:00:00,dry,19,11,30,0.63,OK
BLR005,2025-02-14 08:00:00,dry,20,10,30,0.67,OK
BLR005,2025-02-14 09:00:00,dry,20,10,30,0.67,OK
BLR005,2025-02-14 10:00:00,dry,20,10,30,0.67,OK
BLR005,2025-02-14 11:00:00,dry,21,9,30,0.7,OK
BLR005,2025-02-14 12:00:00,dry,21,9,30,0.7,OK
BLR005,2025-02-14 13:00:00,dry,21,9,30,0.7,OK
BLR005,2025-02-14 14:00:00,dry,21,9,30,0.7,OK
BLR005,2025-02-14 15:00:00,dry,21,9,30,0.7,OK
BLR005,2025-02-14 16:00:00,dry,21,9,30,0.7,OK
BLR005,2025-02-14 17:00:00,dry,21,9,30,0.7,OK
BLR005,2025-02-14 18:00:00,dry,19,11,30,0.63,OK
BLR005,2025-02-14 19:00:00,dry,19,11,30,0.63,OK
BLR005,2025-02-14 20:00:00,dry,16,14,30,0.53,OK
BLR005,2025-02-14 21:00:00,dry,17,13,30,0.57,OK
BLR005,2025-02-14 22:00:00,dry,16,14,30,0.53,OK
BLR005,2025-02-14 23:00:00,dry,15,15,30,0.5,OK
BLR005,2025-02-15 00:00:00,dry,15,15,30,0.5,OK
BLR005,2025-02-15 01:00:00,dry,14,16,30,0.47,OK
BLR005,2025-02-15 02:00:00,dry,13,17,30,0.43,OK
BLR005,2025-02-15 03:00:00,dry,14,16,30,0.47,OK
BLR005,2025-02-15 04:00:00,dry,13,17,30,0.43,OK
BLR005,2025-02-15 05:00:00,dry,14,16,30,0.47,OK
BLR005,2025-02-15 06:00:00,dry,13,17,30,0.43,OK
BLR005,2025-02-15 07:00:00,dry,14,16,30,0.47,OK
BLR005,2025-02-15 08:00:00,dry,14,16,30,0.47,OK
BLR005,2025-02-15 09:00:00,dry,17,13,30,0.57,OK
BLR005,2025-02-15 10:00:00,dry,17,13,30,0.57,OK
BLR005,2025-02-15 11:00:00,dry,16,14,30,0.53,OK
BLR005,2025-02-15 12:00:00,dry,17,13,30,0.57,OK
BLR005,2025-02-15 13:00:00,dry,16,14,30,0.53,OK
BLR005,2025-02-15 14:00:00,dry,17,13,30,0.57,OK
BLR005,2025-02-15 15:00:00,dry,18,12,30,0.6,OK
BLR005,2025-02-15 16:00:00,dry,17,13,30,0.57,OK
BLR005,2025-02-15 17:00:00,dry,15,15,30,0.5,OK
BLR005,2025-02-15 18:00:00,dry,14,16,30,0.47,OK
BLR005,2025-02-15 19:00:00,dry,13,17,30,0.43,OK
BLR005,2025-02-15 20:00:00,dry,13,17,30,0.43,OK
BLR005,2025-02-15 21:00:00,dry,14,16,30,0.47,OK
BLR005,2025-02-15 22:00:00,dry,15,15,30,0.5,OK
BLR005,2025-02-15 23:00:00,dry,15,15,30,0.5,OK
BLR005,2025-02-16 00:00:00,dry,15,15,30,0.5,OK
BLR005,2025-02-16 01:00:00,dry,15,15,30,0.5,OK
BLR005,2025-02-16 02:00:00,dry,16,14,30,0.53,OK
BLR005,2025-02-16 03:00:00,dry,16,14,30,0.53,OK
BLR005,2025-02-16 04:00:00,dry,16,14,30,0.53,OK
BLR005,2025-02-16 05:00:00,dry,15,15,30,0.5,OK
BLR005,2025-02-16 06:00:00,dry,14,16,30,0.47,OK
BLR005,2025-02-16 07:00:00,dry,14,16,30,0.47,OK
BLR005,2025-02-16 08:00:00,dry,14,16,30,0.47,OK
BLR005,2025-02-16 09:00:00,dry,14,16,30,0.47,OK
BLR005,2025-02-16 10:00:00,dry,15,15,30,0.5,OK
BLR005,2025-02-16 11:00:00,dry,14,16,30,0.47,OK
BLR005,2025-02-16 12:00:00,dry,14,16,30,0.47,OK
BLR005,2025-02-16 13:00:00,dry,15,15,30,0.5,OK
BLR005,2025-02-16 14:00:00,dry,16,14,30,0.53,OK
BLR005,2025-02-16 15:00:00,dry,15,15,30,0.5,OK
BLR005,2025-02-16 16:00:00,dry,15,15,30,0.5,OK
BLR005,2025-02-16 17:00:00,dry,12,18,30,0.4,OK
BLR005,2025-02-16 18:00:00,dry,11,19,30,0.37,OK
BLR005,2025-02-16 19:00:00,dry,10,20,30,0.33,OK
BLR005,2025-02-16 20:00:00,dry,9,21,30,0.3,OK
BLR005,2025-02-16 21:00:00,dry,8,22,30,0.27,OK
BLR005,2025-02-16 22:00:00,dry,9,21,30,0.3,OK
BLR005,2025-02-16 23:00:00,dry,9,21,30,0.3,OK
BLR006,2025-02-10 00:00:00,dry,10,10,20,0.5,OK
BLR006,2025-02-10 01:00:00,dry,11,9,20,0.55,OK
BLR006,2025-02-10 02:00:00,dry,10,10,20,0.5,OK
BLR006,2025-02-10 03:00:00,dry,11,9,20,0.55,OK
BLR006,2025-02-10 04:00:00,dry,10,10,20,0.5,OK
BLR006,2025-02-10 05:00:00,dry,11,9,20,0.55,OK
BLR006,2025-02-10 06:00:00,dry,11,9,20,0.55,OK
BLR006,2025-02-10 07:00:00,dry,11,9,20,0.55,OK
BLR006,2025-02-10 08:00:00,dry,12,8,20,0.6,OK
BLR006,2025-02-10 09:00:00,dry,13,7,20,0.65,OK
BLR006,2025-02-10 10:00:00,dry,13,7,20,0.65,OK
BLR006,2025-02-10 11:00:00,dry,13,7,20,0.65,OK
BLR006,2025-02-10 12:00:00,dry,14,6,20,0.7,OK
BLR006,2025-02-10 13:00:00,dry,15,5,20,0.75,OK
BLR006,2025-02-10 14:00:00,dry,16,4,20,0.8,OK
BLR006,2025-02-10 15:00:00,dry,16,4,20,0.8,OK
BLR006,2025-02-10 16:00:00,dry,17,3,20,0.85,OK
BLR006,2025-02-10 17:00:00,dry,16,4,20,0.8,OK
BLR006,2025-02-10 18:00:00,dry,15,5,20,0.75,OK
BLR006,2025-02-10 19:00:00,dry,14,6,20,0.7,OK
BLR006,2025-02-10 20:00:00,dry,13,7,20,0.65,OK
BLR006,2025-02-10 21:00:00,dry,13,7,20,0.65,OK
BLR006,2025-02-10 22:00:00,dry,12,8,20,0.6,OK
BLR006,2025-02-10 23:00:00,dry,13,7,20,0.65,OK
BLR006,2025-02-11 00:00:00,dry,14,6,20,0.7,OK
BLR006,2025-02-11 01:00:00,dry,15,5,20,0.75,OK
BLR006,2025-02-11 02:00:00,dry,16,4,20,0.8,OK
BLR006,2025-02-11 03:00:00,dry,17,3,20,0.85,OK
BLR006,2025-02-11 04:00:00,dry,18,2,20,0.9,Overstocked
BLR006,2025-02-11 05:00:00,dry,18,2,20,0.9,Overstocked
BLR006,2025-02-11 06:00:00,dry,19,1,20,0.95,Overstocked
BLR006,2025-02-11 07:00:00,dry,19,1,20,0.95,Overstocked
BLR006,2025-02-11 08:00:00,dry,20,0,20,1.0,Overstocked
BLR006,2025-02-11 09:00:00,dry,20,0,20,1.0,Overstocked
BLR006,2025-02-11 10:00:00,dry,20,0,20,1.0,Overstocked
BLR006,2025-02-11 11:00:00,dry,20,0,20,1.0,Overstocked
BLR006,2025-02-11 12:00:00,dry,20,0,20,1.0,Overstocked
BLR006,2025-02-11 13:00:00,dry,20,0,20,1.0,Overstocked
BLR006,2025-02-11 14:00:00,dry,19,1,20,0.95,Overstocked
BLR006,2025-02-11 15:00:00,dry,18,2,20,0.9,Overstocked
BLR006,2025-02-11 16:00:00,dry,18,2,20,0.9,Overstocked
BLR006,2025-02-11 17:00:00,dry,17,3,20,0.85,OK
BLR006,2025-02-11 18:00:00,dry,15,5,20,0.75,OK
BLR006,2025-02-11 19:00:00,dry,15,5,20,0.75,OK
BLR006,2025-02-11 20:00:00,dry,11,9,20,0.55,OK
BLR006,2025-02-11 21:00:00,dry,12,8,20,0.6,OK
BLR006,2025-02-11 22:00:00,dry,11,9,20,0.55,OK
BLR006,2025-02-11 23:00:00,dry,10,10,20,0.5,OK
BLR006,2025-02-12 00:00:00,dry,11,9,20,0.55,OK
BLR006,2025-02-12 01:00:00,dry,10,10,20,0.5,OK
BLR006,2025-02-12 02:00:00,dry,9,11,20,0.45,OK
BLR006,2025-02-12 03:00:00,dry,9,11,20,0.45,OK
BLR006,2025-02-12 04:00:00,dry,10,10,20,0.5,OK
BLR006,2025-02-12 05:00:00,dry,10,10,20,0.5,OK
BLR006,2025-02-12 06:00:00,dry,10,10,20,0.5,OK
BLR006,2025-02-12 07:00:00,dry,11,9,20,0.55,OK
BLR006,2025-02-12 08:00:00,dry,13,7,20,0.65,OK
BLR006,2025-02-12 09:00:00,dry,16,4,20,0.8,OK
BLR006,2025-02-12 10:00:00,dry,19,1,20,0.95,Overstocked
BLR006,2025-02-12 11:00:00,dry,20,0,20,1.0,Overstocked
BLR006,2025-02-12 12:00:00,dry,20,0,20,1.0,Overstocked
BLR006,2025-02-12 13:00:00,dry,20,0,20,1.0,Overstocked
BLR006,2025-02-12 14:00:00,dry,19,1,20,0.95,Overstocked
BLR006,2025-02-12 15:00:00,dry,19,1,20,0.95,Overstocked
BLR006,2025-02-12 16:00:00,dry,19,1,20,0.95,Overstocked
BLR006,2025-02-12 17:00:00,dry,18,2,20,0.9,Overstocked
BLR006,2025-02-12 18:00:00,dry,17,3,20,0.85,OK
BLR006,2025-02-12 19:00:00,dry,17,3,20,0.85,OK
BLR006,2025-02-12 20:00:00,dry,15,5,20,0.75,OK
BLR006,2025-02-12 21:00:00,dry,14,6,20,0.7,OK
BLR006,2025-02-12 22:00:00,dry,13,7,20,0.65,OK
BLR006,2025-02-12 23:00:00,dry,13,7,20,0.65,OK
BLR006,2025-02-13 00:00:00,dry,13,7,20,0.65,OK
BLR006,2025-02-13 01:00:00,dry,13,7,20,0.65,OK
BLR006,2025-02-13 02:00:00,dry,13,7,20,0.65,OK
BLR006,2025-02-13 03:00:00,dry,14,6,20,0.7,OK
BLR006,2025-02-13 04:00:00,dry,14,6,20,0.7,OK
BLR006,2025-02-13 05:00:00,dry,13,7,20,0.65,OK
BLR006,2025-02-13 06:00:00,dry,13,7,20,0.65,OK
BLR006,2025-02-13 07:00:00,dry,15,5,20,0.75,OK
BLR006,2025-02-13 08:00:00,dry,15,5,20,0.75,OK
BLR006,2025-02-13 09:00:00,dry,17,3,20,0.85,OK
BLR006,2025-02-13 10:00:00,dry,20,0,20,1.0,Overstocked
BLR006,2025-02-13 11:00:00,dry,19,1,20,0.95,Overstocked
BLR006,2025-02-13 12:00:00,dry,19,1,20,0.95,Overstocked
BLR006,2025-02-13 13:00:00,dry,18,2,20,0.9,Overstocked
BLR006,2025-02-13 14:00:00,dry,18,2,20,0.9,Overstocked
BLR006,2025-02-13 15:00:00,dry,19,1,20,0.95,Overstocked
BLR006,2025-02-13 16:00:00,dry,19,1,20,0.95,Overstocked
BLR006,2025-02-13 17:00:00,dry,18,2,20,0.9,Overstocked
BLR006,2025-02-13 18:00:00,dry,17,3,20,0.85,OK
BLR006,2025-02-13 19:00:00,dry,14,6,20,0.7,OK
BLR006,2025-02-13 20:00:00,dry,14,6,20,0.7,OK
BLR006,2025-02-13 21:00:00,dry,14,6,20,0.7,OK
BLR006,2025-02-13 22:00:00,dry,15,5,20,0.75,OK
BLR006,2025-02-13 23:00:00,dry,16,4,20,0.8,OK
BLR006,2025-02-14 00:00:00,dry,15,5,20,0.75,OK
BLR006,2025-02-14 01:00:00,dry,14,6,20,0.7,OK
BLR006,2025-02-14 02:00:00,dry,13,7,20,0.65,OK
BLR006,2025-02-14 03:00:00,dry,12,8,20,0.6,OK
BLR006,2025-02-14 04:00:00,dry,11,9,20,0.55,OK
BLR006,2025-02-14 05:00:00,dry,12,8,20,0.6,OK
BLR006,2025-02-14 06:00:00,dry,11,9,20,0.55,OK
BLR006,2025-02-14 07:00:00,dry,11,9,20,0.55,OK
BLR006,2025-02-14 08:00:00,dry,12,8,20,0.6,OK
BLR006,2025-02-14 09:00:00,dry,12,8,20,0.6,OK
BLR006,2025-02-14 10:00:00,dry,12,8,20,0.6,OK
BLR006,2025-02-14 11:00:00,dry,12,8,20,0.6,OK
BLR006,2025-02-14 12:00:00,dry,12,8,20,0.6,OK
BLR006,2025-02-14 13:00:00,dry,13,7,20,0.65,OK
BLR006,2025-02-14 14:00:00,dry,12,8,20,0.6,OK
BLR006,2025-02-14 15:00:00,dry,11,9,20,0.55,OK
BLR006,2025-02-14 16:00:00,dry,11,9,20,0.55,OK
BLR006,2025-02-14 17:00:00,dry,11,9,20,0.55,OK
BLR006,2025-02-14 18:00:00,dry,10,10,20,0.5,OK
BLR006,2025-02-14 19:00:00,dry,8,12,20,0.4,OK
BLR006,2025-02-14 20:00:00,dry,8,12,20,0.4,OK
BLR006,2025-02-14 21:00:00,dry,9,11,20,0.45,OK
BLR006,2025-02-14 22:00:00,dry,10,10,20,0.5,OK
BLR006,2025-02-14 23:00:00,dry,10,10,20,0.5,OK
BLR006,2025-02-15 00:00:00,dry,11,9,20,0.55,OK
BLR006,2025-02-15 01:00:00,dry,12,8,20,0.6,OK
BLR006,2025-02-15 02:00:00,dry,13,7,20,0.65,OK
BLR006,2025-02-15 03:00:00,dry,12,8,20,0.6,OK
BLR006,2025-02-15 04:00:00,dry,12,8,20,0.6,OK
BLR006,2025-02-15 05:00:00,dry,13,7,20,0.65,OK
BLR006,2025-02-15 06:00:00,dry,14,6,20,0.7,OK
BLR006,2025-02-15 07:00:00,dry,14,6,20,0.7,OK
BLR006,2025-02-15 08:00:00,dry,14,6,20,0.7,OK
BLR006,2025-02-15 09:00:00,dry,16,4,20,0.8,OK
BLR006,2025-02-15 10:00:00,dry,16,4,20,0.8,OK
BLR006,2025-02-15 11:00:00,dry,16,4,20,0.8,OK
BLR006,2025-02-15 12:00:00,dry,15,5,20,0.75,OK
BLR006,2025-02-15 13:00:00,dry,14,6,20,0.7,OK
BLR006,2025-02-15 14:00:00,dry,14,6,20,0.7,OK
BLR006,2025-02-15 15:00:00,dry,14,6,20,0.7,OK
BLR006,2025-02-15 16:00:00,dry,15,5,20,0.75,OK
BLR006,2025-02-15 17:00:00,dry,14,6,20,0.7,OK
BLR006,2025-02-15 18:00:00,dry,14,6,20,0.7,OK
BLR006,2025-02-15 19:00:00,dry,14,6,20,0.7,OK
BLR006,2025-02-15 20:00:00,dry,13,7,20,0.65,OK
BLR006,2025-02-15 21:00:00,dry,12,8,20,0.6,OK
BLR006,2025-02-15 22:00:00,dry,13,7,20,0.65,OK
BLR006,2025-02-15 23:00:00,dry,12,8,20,0.6,OK
BLR006,2025-02-16 00:00:00,dry,11,9,20,0.55,OK
BLR006,2025-02-16 01:00:00,dry,11,9,20,0.55,OK
BLR006,2025-02-16 02:00:00,dry,12,8,20,0.6,OK
BLR006,2025-02-16 03:00:00,dry,12,8,20,0.6,OK
BLR006,2025-02-16 04:00:00,dry,13,7,20,0.65,OK
BLR006,2025-02-16 05:00:00,dry,14,6,20,0.7,OK
BLR006,2025-02-16 06:00:00,dry,13,7,20,0.65,OK
BLR006,2025-02-16 07:00:00,dry,13,7,20,0.65,OK
BLR006,2025-02-16 08:00:00,dry,13,7,20,0.65,OK
BLR006,2025-02-16 09:00:00,dry,14,6,20,0.7,OK
BLR006,2025-02-16 10:00:00,dry,18,2,20,0.9,Overstocked
BLR006,2025-02-16 11:00:00,dry,18,2,20,0.9,Overstocked
BLR006,2025-02-16 12:00:00,dry,19,1,20,0.95,Overstocked
BLR006,2025-02-16 13:00:00,dry,19,1,20,0.95,Overstocked
BLR006,2025-02-16 14:00:00,dry,20,0,20,1.0,Overstocked
BLR006,2025-02-16 15:00:00,dry,20,0,20,1.0,Overstocked
BLR006,2025-02-16 16:00:00,dry,20,0,20,1.0,Overstocked
BLR006,2025-02-16 17:00:00,dry,16,4,20,0.8,OK
BLR006,2025-02-16 18:00:00,dry,14,6,20,0.7,OK
BLR006,2025-02-16 19:00:00,dry,10,10,20,0.5,OK
BLR006,2025-02-16 20:00:00,dry,10,10,20,0.5,OK
BLR006,2025-02-16 21:00:00,dry,10,10,20,0.5,OK
BLR006,2025-02-16 22:00:00,dry,11,9,20,0.55,OK
BLR006,2025-02-16 23:00:00,dry,12,8,20,0.6,OK
BLR007,2025-02-10 00:00:00,dry,5,15,20,0.25,OK
BLR007,2025-02-10 01:00:00,dry,6,14,20,0.3,OK
BLR007,2025-02-10 02:00:00,dry,6,14,20,0.3,OK
BLR007,2025-02-10 03:00:00,dry,5,15,20,0.25,OK
BLR007,2025-02-10 04:00:00,dry,6,14,20,0.3,OK
BLR007,2025-02-10 05:00:00,dry,6,14,20,0.3,OK
BLR007,2025-02-10 06:00:00,dry,5,15,20,0.25,OK
BLR007,2025-02-10 07:00:00,dry,5,15,20,0.25,OK
BLR007,2025-02-10 08:00:00,dry,5,15,20,0.25,OK
BLR007,2025-02-10 09:00:00,dry,7,13,20,0.35,OK
BLR007,2025-02-10 10:00:00,dry,7,13,20,0.35,OK
BLR007,2025-02-10 11:00:00,dry,7,13,20,0.35,OK
BLR007,2025-02-10 12:00:00,dry,6,14,20,0.3,OK
BLR007,2025-02-10 13:00:00,dry,5,15,20,0.25,OK
BLR007,2025-02-10 14:00:00,dry,4,16,20,0.2,OK
BLR007,2025-02-10 15:00:00,dry,4,16,20,0.2,OK
BLR007,2025-02-10 16:00:00,dry,4,16,20,0.2,OK
BLR007,2025-02-10 17:00:00,dry,4,16,20,0.2,OK
BLR007,2025-02-10 18:00:00,dry,4,16,20,0.2,OK
BLR007,2025-02-10 19:00:00,dry,2,18,20,0.1,Understocked
BLR007,2025-02-10 20:00:00,dry,1,19,20,0.05,Understocked
BLR007,2025-02-10 21:00:00,dry,1,19,20,0.05,Understocked
BLR007,2025-02-10 22:00:00,dry,2,18,20,0.1,Understocked
BLR007,2025-02-10 23:00:00,dry,3,17,20,0.15,OK
BLR007,2025-02-11 00:00:00,dry,4,16,20,0.2,OK
BLR007,2025-02-11 01:00:00,dry,3,17,20,0.15,OK
BLR007,2025-02-11 02:00:00,dry,2,18,20,0.1,Understocked
BLR007,2025-02-11 03:00:00,dry,3,17,20,0.15,OK
BLR007,2025-02-11 04:00:00,dry,4,16,20,0.2,OK
BLR007,2025-02-11 05:00:00,dry,5,15,20,0.25,OK
BLR007,2025-02-11 06:00:00,dry,4,16,20,0.2,OK
BLR007,2025-02-11 07:00:00,dry,5,15,20,0.25,OK
BLR007,2025-02-11 08:00:00,dry,7,13,20,0.35,OK
BLR007,2025-02-11 09:00:00,dry,8,12,20,0.4,OK
BLR007,2025-02-11 10:00:00,dry,8,12,20,0.4,OK
BLR007,2025-02-11 11:00:00,dry,8,12,20,0.4,OK
BLR007,2025-02-11 12:00:00,dry,9,11,20,0.45,OK
BLR007,2025-02-11 13:00:00,dry,10,10,20,0.5,OK
BLR007,2025-02-11 14:00:00,dry,11,9,20,0.55,OK
BLR007,2025-02-11 15:00:00,dry,11,9,20,0.55,OK
BLR007,2025-02-11 16:00:00,dry,10,10,20,0.5,OK
BLR007,2025-02-11 17:00:00,dry,10,10,20,0.5,OK
BLR007,2025-02-11 18:00:00,dry,9,11,20,0.45,OK
BLR007,2025-02-11 19:00:00,dry,5,15,20,0.25,OK
BLR007,2025-02-11 20:00:00,dry,4,16,20,0.2,OK
BLR007,2025-02-11 21:00:00,dry,3,17,20,0.15,OK
BLR007,2025-02-11 22:00:00,dry,3,17,20,0.15,OK
BLR007,2025-02-11 23:00:00,dry,4,16,20,0.2,OK
BLR007,2025-02-12 00:00:00,dry,5,15,20,0.25,OK
BLR007,2025-02-12 01:00:00,dry,5,15,20,0.25,OK
BLR007,2025-02-12 02:00:00,dry,6,14,20,0.3,OK
BLR007,2025-02-12 03:00:00,dry,7,13,20,0.35,OK
BLR007,2025-02-12 04:00:00,dry,6,14,20,0.3,OK
BLR007,2025-02-12 05:00:00,dry,7,13,20,0.35,OK
BLR007,2025-02-12 06:00:00,dry,8,12,20,0.4,OK
BLR007,2025-02-12 07:00:00,dry,9,11,20,0.45,OK
BLR007,2025-02-12 08:00:00,dry,9,11,20,0.45,OK
BLR007,2025-02-12 09:00:00,dry,9,11,20,0.45,OK
BLR007,2025-02-12 10:00:00,dry,10,10,20,0.5,OK
BLR007,2025-02-12 11:00:00,dry,10,10,20,0.5,OK
BLR007,2025-02-12 12:00:00,dry,10,10,20,0.5,OK
BLR007,2025-02-12 13:00:00,dry,11,9,20,0.55,OK
BLR007,2025-02-12 14:00:00,dry,11,9,20,0.55,OK
BLR007,2025-02-12 15:00:00,dry,11,9,20,0.55,OK
BLR007,2025-02-12 16:00:00,dry,12,8,20,0.6,OK
BLR007,2025-02-12 17:00:00,dry,11,9,20,0.55,OK
BLR007,2025-02-12 18:00:00,dry,10,10,20,0.5,OK
BLR007,2025-02-12 19:00:00,dry,7,13,20,0.35,OK
BLR007,2025-02-12 20:00:00,dry,7,13,20,0.35,OK
BLR007,2025-02-12 21:00:00,dry,8,12,20,0.4,OK
BLR007,2025-02-12 22:00:00,dry,7,13,20,0.35,OK
BLR007,2025-02-12 23:00:00,dry,8,12,20,0.4,OK
BLR007,2025-02-13 00:00:00,dry,7,13,20,0.35,OK
BLR007,2025-02-13 01:00:00,dry,7,13,20,0.35,OK
BLR007,2025-02-13 02:00:00,dry,7,13,20,0.35,OK
BLR007,2025-02-13 03:00:00,dry,7,13,20,0.35,OK
BLR007,2025-02-13 04:00:00,dry,8,12,20,0.4,OK
BLR007,2025-02-13 05:00:00,dry,7,13,20,0.35,OK
BLR007,2025-02-13 06:00:00,dry,8,12,20,0.4,OK
BLR007,2025-02-13 07:00:00,dry,8,12,20,0.4,OK
BLR007,2025-02-13 08:00:00,dry,9,11,20,0.45,OK
BLR007,2025-02-13 09:00:00,dry,10,10,20,0.5,OK
BLR007,2025-02-13 10:00:00,dry,11,9,20,0.55,OK
BLR007,2025-02-13 11:00:00,dry,11,9,20,0.55,OK
BLR007,2025-02-13 12:00:00,dry,10,10,20,0.5,OK
BLR007,2025-02-13 13:00:00,dry,11,9,20,0.55,OK
BLR007,2025-02-13 14:00:00,dry,11,9,20,0.55,OK
BLR007,2025-02-13 15:00:00,dry,11,9,20,0.55,OK
BLR007,2025-02-13 16:00:00,dry,11,9,20,0.55,OK
BLR007,2025-02-13 17:00:00,dry,11,9,20,0.55,OK
BLR007,2025-02-13 18:00:00,dry,10,10,20,0.5,OK
BLR007,2025-02-13 19:00:00,dry,7,13,20,0.35,OK
BLR007,2025-02-13 20:00:00,dry,7,13,20,0.35,OK
BLR007,2025-02-13 21:00:00,dry,8,12,20,0.4,OK
BLR007,2025-02-13 22:00:00,dry,7,13,20,0.35,OK
BLR007,2025-02-13 23:00:00,dry,8,12,20,0.4,OK
BLR007,2025-02-14 00:00:00,dry,7,13,20,0.35,OK
BLR007,2025-02-14 01:00:00,dry,8,12,20,0.4,OK
BLR007,2025-02-14 02:00:00,dry,7,13,20,0.35,OK
BLR007,2025-02-14 03:00:00,dry,6,14,20,0.3,OK
BLR007,2025-02-14 04:00:00,dry,6,14,20,0.3,OK
BLR007,2025-02-14 05:00:00,dry,6,14,20,0.3,OK
BLR007,2025-02-14 06:00:00,dry,6,14,20,0.3,OK
BLR007,2025-02-14 07:00:00,dry,6,14,20,0.3,OK
BLR007,2025-02-14 08:00:00,dry,6,14,20,0.3,OK
BLR007,2025-02-14 09:00:00,dry,7,13,20,0.35,OK
BLR007,2025-02-14 10:00:00,dry,8,12,20,0.4,OK
BLR007,2025-02-14 11:00:00,dry,9,11,20,0.45,OK
BLR007,2025-02-14 12:00:00,dry,10,10,20,0.5,OK
BLR007,2025-02-14 13:00:00,dry,11,9,20,0.55,OK
BLR007,2025-02-14 14:00:00,dry,11,9,20,0.55,OK
BLR007,2025-02-14 15:00:00,dry,12,8,20,0.6,OK
BLR007,2025-02-14 16:00:00,dry,12,8,20,0.6,OK
BLR007,2025-02-14 17:00:00,dry,11,9,20,0.55,OK
BLR007,2025-02-14 18:00:00,dry,11,9,20,0.55,OK
BLR007,2025-02-14 19:00:00,dry,10,10,20,0.5,OK
BLR007,2025-02-14 20:00:00,dry,10,10,20,0.5,OK
BLR007,2025-02-14 21:00:00,dry,10,10,20,0.5,OK
BLR007,2025-02-14 22:00:00,dry,11,9,20,0.55,OK
BLR007,2025-02-14 23:00:00,dry,12,8,20,0.6,OK
BLR007,2025-02-15 00:00:00,dry,12,8,20,0.6,OK
BLR007,2025-02-15 01:00:00,dry,11,9,20,0.55,OK
BLR007,2025-02-15 02:00:00,dry,11,9,20,0.55,OK
BLR007,2025-02-15 03:00:00,dry,11,9,20,0.55,OK
BLR007,2025-02-15 04:00:00,dry,11,9,20,0.55,OK
BLR007,2025-02-15 05:00:00,dry,11,9,20,0.55,OK
BLR007,2025-02-15 06:00:00,dry,11,9,20,0.55,OK
BLR007,2025-02-15 07:00:00,dry,11,9,20,0.55,OK
BLR007,2025-02-15 08:00:00,dry,12,8,20,0.6,OK
BLR007,2025-02-15 09:00:00,dry,14,6,20,0.7,OK
BLR007,2025-02-15 10:00:00,dry,15,5,20,0.75,OK
BLR007,2025-02-15 11:00:00,dry,15,5,20,0.75,OK
BLR007,2025-02-15 12:00:00,dry,15,5,20,0.75,OK
BLR007,2025-02-15 13:00:00,dry,16,4,20,0.8,OK
BLR007,2025-02-15 14:00:00,dry,16,4,20,0.8,OK
BLR007,2025-02-15 15:00:00,dry,15,5,20,0.75,OK
BLR007,2025-02-15 16:00:00,dry,15,5,20,0.75,OK
BLR007,2025-02-15 17:00:00,dry,14,6,20,0.7,OK
BLR007,2025-02-15 18:00:00,dry,13,7,20,0.65,OK
BLR007,2025-02-15 19:00:00,dry,12,8,20,0.6,OK
BLR007,2025-02-15 20:00:00,dry,8,12,20,0.4,OK
BLR007,2025-02-15 21:00:00,dry,7,13,20,0.35,OK
BLR007,2025-02-15 22:00:00,dry,8,12,20,0.4,OK
BLR007,2025-02-15 23:00:00,dry,9,11,20,0.45,OK
BLR007,2025-02-16 00:00:00,dry,8,12,20,0.4,OK
BLR007,2025-02-16 01:00:00,dry,9,11,20,0.45,OK
BLR007,2025-02-16 02:00:00,dry,9,11,20,0.45,OK
BLR007,2025-02-16 03:00:00,dry,9,11,20,0.45,OK
BLR007,2025-02-16 04:00:00,dry,10,10,20,0.5,OK
BLR007,2025-02-16 05:00:00,dry,10,10,20,0.5,OK
BLR007,2025-02-16 06:00:00,dry,10,10,20,0.5,OK
BLR007,2025-02-16 07:00:00,dry,10,10,20,0.5,OK
BLR007,2025-02-16 08:00:00,dry,10,10,20,0.5,OK
BLR007,2025-02-16 09:00:00,dry,13,7,20,0.65,OK
BLR007,2025-02-16 10:00:00,dry,15,5,20,0.75,OK
BLR007,2025-02-16 11:00:00,dry,15,5,20,0.75,OK
BLR007,2025-02-16 12:00:00,dry,15,5,20,0.75,OK
BLR007,2025-02-16 13:00:00,dry,15,5,20,0.75,OK
BLR007,2025-02-16 14:00:00,dry,15,5,20,0.75,OK
BLR007,2025-02-16 15:00:00,dry,15,5,20,0.75,OK
BLR007,2025-02-16 16:00:00,dry,16,4,20,0.8,OK
BLR007,2025-02-16 17:00:00,dry,15,5,20,0.75,OK
BLR007,2025-02-16 18:00:00,dry,15,5,20,0.75,OK
BLR007,2025-02-16 19:00:00,dry,13,7,20,0.65,OK
BLR007,2025-02-16 20:00:00,dry,11,9,20,0.55,OK
BLR007,2025-02-16 21:00:00,dry,12,8,20,0.6,OK
BLR007,2025-02-16 22:00:00,dry,11,9,20,0.55,OK
BLR007,2025-02-16 23:00:00,dry,12,8,20,0.6,OK
BLR008,2025-02-10 00:00:00,dry,8,8,16,0.5,OK
BLR008,2025-02-10 01:00:00,dry,7,9,16,0.44,OK
BLR008,2025-02-10 02:00:00,dry,6,10,16,0.38,OK
BLR008,2025-02-10 03:00:00,dry,6,10,16,0.38,OK
BLR008,2025-02-10 04:00:00,dry,6,10,16,0.38,OK
BLR008,2025-02-10 05:00:00,dry,5,11,16,0.31,OK
BLR008,2025-02-10 06:00:00,dry,4,12,16,0.25,OK
BLR008,2025-02-10 07:00:00,dry,4,12,16,0.25,OK
BLR008,2025-02-10 08:00:00,dry,4,12,16,0.25,OK
BLR008,2025-02-10 09:00:00,dry,6,10,16,0.38,OK
BLR008,2025-02-10 10:00:00,dry,9,7,16,0.56,OK
BLR008,2025-02-10 11:00:00,dry,9,7,16,0.56,OK
BLR008,2025-02-10 12:00:00,dry,8,8,16,0.5,OK
BLR008,2025-02-10 13:00:00,dry,9,7,16,0.56,OK
BLR008,2025-02-10 14:00:00,dry,9,7,16,0.56,OK
BLR008,2025-02-10 15:00:00,dry,10,6,16,0.62,OK
BLR008,2025-02-10 16:00:00,dry,9,7,16,0.56,OK
BLR008,2025-02-10 17:00:00,dry,8,8,16,0.5,OK
BLR008,2025-02-10 18:00:00,dry,8,8,16,0.5,OK
BLR008,2025-02-10 19:00:00,dry,8,8,16,0.5,OK
BLR008,2025-02-10 20:00:00,dry,8,8,16,0.5,OK
BLR008,2025-02-10 21:00:00,dry,8,8,16,0.5,OK
BLR008,2025-02-10 22:00:00,dry,9,7,16,0.56,OK
BLR008,2025-02-10 23:00:00,dry,10,6,16,0.62,OK
BLR008,2025-02-11 00:00:00,dry,9,7,16,0.56,OK
BLR008,2025-02-11 01:00:00,dry,10,6,16,0.62,OK
BLR008,2025-02-11 02:00:00,dry,11,5,16,0.69,OK
BLR008,2025-02-11 03:00:00,dry,12,4,16,0.75,OK
BLR008,2025-02-11 04:00:00,dry,12,4,16,0.75,OK
BLR008,2025-02-11 05:00:00,dry,13,3,16,0.81,OK
BLR008,2025-02-11 06:00:00,dry,12,4,16,0.75,OK
BLR008,2025-02-11 07:00:00,dry,13,3,16,0.81,OK
BLR008,2025-02-11 08:00:00,dry,14,2,16,0.88,OK
BLR008,2025-02-11 09:00:00,dry,14,2,16,0.88,OK
BLR008,2025-02-11 10:00:00,dry,15,1,16,0.94,Overstocked
BLR008,2025-02-11 11:00:00,dry,15,1,16,0.94,Overstocked
BLR008,2025-02-11 12:00:00,dry,16,0,16,1.0,Overstocked
BLR008,2025-02-11 13:00:00,dry,16,0,16,1.0,Overstocked
BLR008,2025-02-11 14:00:00,dry,16,0,16,1.0,Overstocked
BLR008,2025-02-11 15:00:00,dry,16,0,16,1.0,Overstocked
BLR008,2025-02-11 16:00:00,dry,16,0,16,1.0,Overstocked
BLR008,2025-02-11 17:00:00,dry,15,1,16,0.94,Overstocked
BLR008,2025-02-11 18:00:00,dry,14,2,16,0.88,OK
BLR008,2025-02-11 19:00:00,dry,12,4,16,0.75,OK
BLR008,2025-02-11 20:00:00,dry,11,5,16,0.69,OK
BLR008,2025-02-11 21:00:00,dry,11,5,16,0.69,OK
BLR008,2025-02-11 22:00:00,dry,12,4,16,0.75,OK
BLR008,2025-02-11 23:00:00,dry,12,4,16,0.75,OK
BLR008,2025-02-12 00:00:00,dry,11,5,16,0.69,OK
BLR008,2025-02-12 01:00:00,dry,11,5,16,0.69,OK
BLR008,2025-02-12 02:00:00,dry,11,5,16,0.69,OK
BLR008,2025-02-12 03:00:00,dry,10,6,16,0.62,OK
BLR008,2025-02-12 04:00:00,dry,11,5,16,0.69,OK
BLR008,2025-02-12 05:00:00,dry,12,4,16,0.75,OK
BLR008,2025-02-12 06:00:00,dry,12,4,16,0.75,OK
BLR008,2025-02-12 07:00:00,dry,12,4,16,0.75,OK
BLR008,2025-02-12 08:00:00,dry,13,3,16,0.81,OK
BLR008,2025-02-12 09:00:00,dry,14,2,16,0.88,OK
BLR008,2025-02-12 10:00:00,dry,15,1,16,0.94,Overstocked
BLR008,2025-02-12 11:00:00,dry,15,1,16,0.94,Overstocked
BLR008,2025-02-12 12:00:00,dry,16,0,16,1.0,Overstocked
BLR008,2025-02-12 13:00:00,dry,16,0,16,1.0,Overstocked
BLR008,2025-02-12 14:00:00,dry,15,1,16,0.94,Overstocked
BLR008,2025-02-12 15:00:00,dry,15,1,16,0.94,Overstocked
BLR008,2025-02-12 16:00:00,dry,15,1,16,0.94,Overstocked
BLR008,2025-02-12 17:00:00,dry,15,1,16,0.94,Overstocked
BLR008,2025-02-12 18:00:00,dry,14,2,16,0.88,OK
BLR008,2025-02-12 19:00:00,dry,11,5,16,0.69,OK
BLR008,2025-02-12 20:00:00,dry,10,6,16,0.62,OK
BLR008,2025-02-12 21:00:00,dry,9,7,16,0.56,OK
BLR008,2025-02-12 22:00:00,dry,8,8,16,0.5,OK
BLR008,2025-02-12 23:00:00,dry,8,8,16,0.5,OK
BLR008,2025-02-13 00:00:00,dry,7,9,16,0.44,OK
BLR008,2025-02-13 01:00:00,dry,7,9,16,0.44,OK
BLR008,2025-02-13 02:00:00,dry,7,9,16,0.44,OK
BLR008,2025-02-13 03:00:00,dry,7,9,16,0.44,OK
BLR008,2025-02-13 04:00:00,dry,7,9,16,0.44,OK
BLR008,2025-02-13 05:00:00,dry,8,8,16,0.5,OK
BLR008,2025-02-13 06:00:00,dry,8,8,16,0.5,OK
BLR008,2025-02-13 07:00:00,dry,9,7,16,0.56,OK
BLR008,2025-02-13 08:00:00,dry,9,7,16,0.56,OK
BLR008,2025-02-13 09:00:00,dry,9,7,16,0.56,OK
BLR008,2025-02-13 10:00:00,dry,9,7,16,0.56,OK
BLR008,2025-02-13 11:00:00,dry,8,8,16,0.5,OK
BLR008,2025-02-13 12:00:00,dry,9,7,16,0.56,OK
BLR008,2025-02-13 13:00:00,dry,8,8,16,0.5,OK
BLR008,2025-02-13 14:00:00,dry,8,8,16,0.5,OK
BLR008,2025-02-13 15:00:00,dry,7,9,16,0.44,OK
BLR008,2025-02-13 16:00:00,dry,8,8,16,0.5,OK
BLR008,2025-02-13 17:00:00,dry,7,9,16,0.44,OK
BLR008,2025-02-13 18:00:00,dry,5,11,16,0.31,OK
BLR008,2025-02-13 19:00:00,dry,5,11,16,0.31,OK
BLR008,2025-02-13 20:00:00,dry,4,12,16,0.25,OK
BLR008,2025-02-13 21:00:00,dry,3,13,16,0.19,OK
BLR008,2025-02-13 22:00:00,dry,4,12,16,0.25,OK
BLR008,2025-02-13 23:00:00,dry,5,11,16,0.31,OK
BLR008,2025-02-14 00:00:00,dry,4,12,16,0.25,OK
BLR008,2025-02-14 01:00:00,dry,5,11,16,0.31,OK
BLR008,2025-02-14 02:00:00,dry,6,10,16,0.38,OK
BLR008,2025-02-14 03:00:00,dry,7,9,16,0.44,OK
BLR008,2025-02-14 04:00:00,dry,7,9,16,0.44,OK
BLR008,2025-02-14 05:00:00,dry,6,10,16,0.38,OK
BLR008,2025-02-14 06:00:00,dry,6,10,16,0.38,OK
BLR008,2025-02-14 07:00:00,dry,6,10,16,0.38,OK
BLR008,2025-02-14 08:00:00,dry,7,9,16,0.44,OK
BLR008,2025-02-14 09:00:00,dry,8,8,16,0.5,OK
BLR008,2025-02-14 10:00:00,dry,10,6,16,0.62,OK
BLR008,2025-02-14 11:00:00,dry,10,6,16,0.62,OK
BLR008,2025-02-14 12:00:00,dry,9,7,16,0.56,OK
BLR008,2025-02-14 13:00:00,dry,10,6,16,0.62,OK
BLR008,2025-02-14 14:00:00,dry,11,5,16,0.69,OK
BLR008,2025-02-14 15:00:00,dry,10,6,16,0.62,OK
BLR008,2025-02-14 16:00:00,dry,10,6,16,0.62,OK
BLR008,2025-02-14 17:00:00,dry,10,6,16,0.62,OK
BLR008,2025-02-14 18:00:00,dry,8,8,16,0.5,OK
BLR008,2025-02-14 19:00:00,dry,6,10,16,0.38,OK
BLR008,2025-02-14 20:00:00,dry,4,12,16,0.25,OK
BLR008,2025-02-14 21:00:00,dry,5,11,16,0.31,OK
BLR008,2025-02-14 22:00:00,dry,4,12,16,0.25,OK
BLR008,2025-02-14 23:00:00,dry,4,12,16,0.25,OK
BLR008,2025-02-15 00:00:00,dry,4,12,16,0.25,OK
BLR008,2025-02-15 01:00:00,dry,3,13,16,0.19,OK
BLR008,2025-02-15 02:00:00,dry,2,14,16,0.12,OK
BLR008,2025-02-15 03:00:00,dry,2,14,16,0.12,OK
BLR008,2025-02-15 04:00:00,dry,2,14,16,0.12,OK
BLR008,2025-02-15 05:00:00,dry,2,14,16,0.12,OK
BLR008,2025-02-15 06:00:00,dry,1,15,16,0.06,Understocked
BLR008,2025-02-15 07:00:00,dry,1,15,16,0.06,Understocked
BLR008,2025-02-15 08:00:00,dry,1,15,16,0.06,Understocked
BLR008,2025-02-15 09:00:00,dry,2,14,16,0.12,OK
BLR008,2025-02-15 10:00:00,dry,3,13,16,0.19,OK
BLR008,2025-02-15 11:00:00,dry,4,12,16,0.25,OK
BLR008,2025-02-15 12:00:00,dry,3,13,16,0.19,OK
BLR008,2025-02-15 13:00:00,dry,2,14,16,0.12,OK
BLR008,2025-02-15 14:00:00,dry,2,14,16,0.12,OK
BLR008,2025-02-15 15:00:00,dry,2,14,16,0.12,OK
BLR008,2025-02-15 16:00:00,dry,2,14,16,0.12,OK
BLR008,2025-02-15 17:00:00,dry,0,16,16,0.0,Understocked
BLR008,2025-02-15 18:00:00,dry,0,16,16,0.0,Understocked
BLR008,2025-02-15 19:00:00,dry,0,16,16,0.0,Understocked
BLR008,2025-02-15 20:00:00,dry,0,16,16,0.0,Understocked
BLR008,2025-02-15 21:00:00,dry,1,15,16,0.06,Understocked
BLR008,2025-02-15 22:00:00,dry,1,15,16,0.06,Understocked
BLR008,2025-02-15 23:00:00,dry,0,16,16,0.0,Understocked
BLR008,2025-02-16 00:00:00,dry,0,16,16,0.0,Understocked
BLR008,2025-02-16 01:00:00,dry,1,15,16,0.06,Understocked
BLR008,2025-02-16 02:00:00,dry,0,16,16,0.0,Understocked
BLR008,2025-02-16 03:00:00,dry,0,16,16,0.0,Understocked
BLR008,2025-02-16 04:00:00,dry,0,16,16,0.0,Understocked
BLR008,2025-02-16 05:00:00,dry,1,15,16,0.06,Understocked
BLR008,2025-02-16 06:00:00,dry,1,15,16,0.06,Understocked
BLR008,2025-02-16 07:00:00,dry,3,13,16,0.19,OK
BLR008,2025-02-16 08:00:00,dry,3,13,16,0.19,OK
BLR008,2025-02-16 09:00:00,dry,3,13,16,0.19,OK
BLR008,2025-02-16 10:00:00,dry,5,11,16,0.31,OK
BLR008,2025-02-16 11:00:00,dry,5,11,16,0.31,OK
BLR008,2025-02-16 12:00:00,dry,5,11,16,0.31,OK
BLR008,2025-02-16 13:00:00,dry,4,12,16,0.25,OK
BLR008,2025-02-16 14:00:00,dry,4,12,16,0.25,OK
BLR008,2025-02-16 15:00:00,dry,4,12,16,0.25,OK
BLR008,2025-02-16 16:00:00,dry,5,11,16,0.31,OK
BLR008,2025-02-16 17:00:00,dry,4,12,16,0.25,OK
BLR008,2025-02-16 18:00:00,dry,3,13,16,0.19,OK
BLR008,2025-02-16 19:00:00,dry,2,14,16,0.12,OK
BLR008,2025-02-16 20:00:00,dry,0,16,16,0.0,Understocked
BLR008,2025-02-16 21:00:00,dry,0,16,16,0.0,Understocked
BLR008,2025-02-16 22:00:00,dry,1,15,16,0.06,Understocked
BLR008,2025-02-16 23:00:00,dry,2,14,16,0.12,OK
BLR009,2025-02-10 00:00:00,dry,9,11,20,0.45,OK
BLR009,2025-02-10 01:00:00,dry,10,10,20,0.5,OK
BLR009,2025-02-10 02:00:00,dry,9,11,20,0.45,OK
BLR009,2025-02-10 03:00:00,dry,10,10,20,0.5,OK
BLR009,2025-02-10 04:00:00,dry,10,10,20,0.5,OK
BLR009,2025-02-10 05:00:00,dry,9,11,20,0.45,OK
BLR009,2025-02-10 06:00:00,dry,8,12,20,0.4,OK
BLR009,2025-02-10 07:00:00,dry,8,12,20,0.4,OK
BLR009,2025-02-10 08:00:00,dry,8,12,20,0.4,OK
BLR009,2025-02-10 09:00:00,dry,8,12,20,0.4,OK
BLR009,2025-02-10 10:00:00,dry,10,10,20,0.5,OK
BLR009,2025-02-10 11:00:00,dry,9,11,20,0.45,OK
BLR009,2025-02-10 12:00:00,dry,10,10,20,0.5,OK
BLR009,2025-02-10 13:00:00,dry,11,9,20,0.55,OK
BLR009,2025-02-10 14:00:00,dry,12,8,20,0.6,OK
BLR009,2025-02-10 15:00:00,dry,13,7,20,0.65,OK
BLR009,2025-02-10 16:00:00,dry,12,8,20,0.6,OK
BLR009,2025-02-10 17:00:00,dry,11,9,20,0.55,OK
BLR009,2025-02-10 18:00:00,dry,8,12,20,0.4,OK
BLR009,2025-02-10 19:00:00,dry,5,15,20,0.25,OK
BLR009,2025-02-10 20:00:00,dry,4,16,20,0.2,OK
BLR009,2025-02-10 21:00:00,dry,5,15,20,0.25,OK
BLR009,2025-02-10 22:00:00,dry,6,14,20,0.3,OK
BLR009,2025-02-10 23:00:00,dry,7,13,20,0.35,OK
BLR009,2025-02-11 00:00:00,dry,7,13,20,0.35,OK
BLR009,2025-02-11 01:00:00,dry,6,14,20,0.3,OK
BLR009,2025-02-11 02:00:00,dry,5,15,20,0.25,OK
BLR009,2025-02-11 03:00:00,dry,4,16,20,0.2,OK
BLR009,2025-02-11 04:00:00,dry,4,16,20,0.2,OK
BLR009,2025-02-11 05:00:00,dry,4,16,20,0.2,OK
BLR009,2025-02-11 06:00:00,dry,4,16,20,0.2,OK
BLR009,2025-02-11 07:00:00,dry,4,16,20,0.2,OK
BLR009,2025-02-11 08:00:00,dry,4,16,20,0.2,OK
BLR009,2025-02-11 09:00:00,dry,4,16,20,0.2,OK
BLR009,2025-02-11 10:00:00,dry,4,16,20,0.2,OK
BLR009,2025-02-11 11:00:00,dry,5,15,20,0.25,OK
BLR009,2025-02-11 12:00:00,dry,6,14,20,0.3,OK
BLR009,2025-02-11 13:00:00,dry,5,15,20,0.25,OK
BLR009,2025-02-11 14:00:00,dry,6,14,20,0.3,OK
BLR009,2025-02-11 15:00:00,dry,7,13,20,0.35,OK
BLR009,2025-02-11 16:00:00,dry,8,12,20,0.4,OK
BLR009,2025-02-11 17:00:00,dry,7,13,20,0.35,OK
BLR009,2025-02-11 18:00:00,dry,5,15,20,0.25,OK
BLR009,2025-02-11 19:00:00,dry,3,17,20,0.15,OK
BLR009,2025-02-11 20:00:00,dry,1,19,20,0.05,Understocked
BLR009,2025-02-11 21:00:00,dry,2,18,20,0.1,Understocked
BLR009,2025-02-11 22:00:00,dry,2,18,20,0.1,Understocked
BLR009,2025-02-11 23:00:00,dry,2,18,20,0.1,Understocked
BLR009,2025-02-12 00:00:00,dry,2,18,20,0.1,Understocked
BLR009,2025-02-12 01:00:00,dry,2,18,20,0.1,Understocked
BLR009,2025-02-12 02:00:00,dry,3,17,20,0.15,OK
BLR009,2025-02-12 03:00:00,dry,3,17,20,0.15,OK
BLR009,2025-02-12 04:00:00,dry,3,17,20,0.15,OK
BLR009,2025-02-12 05:00:00,dry,3,17,20,0.15,OK
BLR009,2025-02-12 06:00:00,dry,2,18,20,0.1,Understocked
BLR009,2025-02-12 07:00:00,dry,3,17,20,0.15,OK
BLR009,2025-02-12 08:00:00,dry,3,17,20,0.15,OK
BLR009,2025-02-12 09:00:00,dry,4,16,20,0.2,OK
BLR009,2025-02-12 10:00:00,dry,5,15,20,0.25,OK
BLR009,2025-02-12 11:00:00,dry,4,16,20,0.2,OK
BLR009,2025-02-12 12:00:00,dry,4,16,20,0.2,OK
BLR009,2025-02-12 13:00:00,dry,5,15,20,0.25,OK
BLR009,2025-02-12 14:00:00,dry,4,16,20,0.2,OK
BLR009,2025-02-12 15:00:00,dry,4,16,20,0.2,OK
BLR009,2025-02-12 16:00:00,dry,3,17,20,0.15,OK
BLR009,2025-02-12 17:00:00,dry,3,17,20,0.15,OK
BLR009,2025-02-12 18:00:00,dry,3,17,20,0.15,OK
BLR009,2025-02-12 19:00:00,dry,2,18,20,0.1,Understocked
BLR009,2025-02-12 20:00:00,dry,0,20,20,0.0,Understocked
BLR009,2025-02-12 21:00:00,dry,1,19,20,0.05,Understocked
BLR009,2025-02-12 22:00:00,dry,2,18,20,0.1,Understocked
BLR009,2025-02-12 23:00:00,dry,2,18,20,0.1,Understocked
BLR009,2025-02-13 00:00:00,dry,3,17,20,0.15,OK
BLR009,2025-02-13 01:00:00,dry,4,16,20,0.2,OK
BLR009,2025-02-13 02:00:00,dry,3,17,20,0.15,OK
BLR009,2025-02-13 03:00:00,dry,2,18,20,0.1,Understocked
BLR009,2025-02-13 04:00:00,dry,2,18,20,0.1,Understocked
BLR009,2025-02-13 05:00:00,dry,1,19,20,0.05,Understocked
BLR009,2025-02-13 06:00:00,dry,2,18,20,0.1,Understocked
BLR009,2025-02-13 07:00:00,dry,2,18,20,0.1,Understocked
BLR009,2025-02-13 08:00:00,dry,3,17,20,0.15,OK
BLR009,2025-02-13 09:00:00,dry,4,16,20,0.2,OK
BLR009,2025-02-13 10:00:00,dry,6,14,20,0.3,OK
BLR009,2025-02-13 11:00:00,dry,6,14,20,0.3,OK
BLR009,2025-02-13 12:00:00,dry,7,13,20,0.35,OK
BLR009,2025-02-13 13:00:00,dry,7,13,20,0.35,OK
BLR009,2025-02-13 14:00:00,dry,6,14,20,0.3,OK
BLR009,2025-02-13 15:00:00,dry,6,14,20,0.3,OK
BLR009,2025-02-13 16:00:00,dry,7,13,20,0.35,OK
BLR009,2025-02-13 17:00:00,dry,5,15,20,0.25,OK
BLR009,2025-02-13 18:00:00,dry,3,17,20,0.15,OK
BLR009,2025-02-13 19:00:00,dry,3,17,20,0.15,OK
BLR009,2025-02-13 20:00:00,dry,2,18,20,0.1,Understocked
BLR009,2025-02-13 21:00:00,dry,1,19,20,0.05,Understocked
BLR009,2025-02-13 22:00:00,dry,1,19,20,0.05,Understocked
BLR009,2025-02-13 23:00:00,dry,2,18,20,0.1,Understocked
BLR009,2025-02-14 00:00:00,dry,1,19,20,0.05,Understocked
BLR009,2025-02-14 01:00:00,dry,1,19,20,0.05,Understocked
BLR009,2025-02-14 02:00:00,dry,1,19,20,0.05,Understocked
BLR009,2025-02-14 03:00:00,dry,2,18,20,0.1,Understocked
BLR009,2025-02-14 04:00:00,dry,3,17,20,0.15,OK
BLR009,2025-02-14 05:00:00,dry,2,18,20,0.1,Understocked
BLR009,2025-02-14 06:00:00,dry,2,18,20,0.1,Understocked
BLR009,2025-02-14 07:00:00,dry,2,18,20,0.1,Understocked
BLR009,2025-02-14 08:00:00,dry,3,17,20,0.15,OK
BLR009,2025-02-14 09:00:00,dry,3,17,20,0.15,OK
BLR009,2025-02-14 10:00:00,dry,4,16,20,0.2,OK
BLR009,2025-02-14 11:00:00,dry,3,17,20,0.15,OK
BLR009,2025-02-14 12:00:00,dry,2,18,20,0.1,Understocked
BLR009,2025-02-14 13:00:00,dry,2,18,20,0.1,Understocked
BLR009,2025-02-14 14:00:00,dry,1,19,20,0.05,Understocked
BLR009,2025-02-14 15:00:00,dry,1,19,20,0.05,Understocked
BLR009,2025-02-14 16:00:00,dry,0,20,20,0.0,Understocked
BLR009,2025-02-14 17:00:00,dry,0,20,20,0.0,Understocked
BLR009,2025-02-14 18:00:00,dry,0,20,20,0.0,Understocked
BLR009,2025-02-14 19:00:00,dry,0,20,20,0.0,Understocked
BLR009,2025-02-14 20:00:00,dry,0,20,20,0.0,Understocked
BLR009,2025-02-14 21:00:00,dry,0,20,20,0.0,Understocked
BLR009,2025-02-14 22:00:00,dry,0,20,20,0.0,Understocked
BLR009,2025-02-14 23:00:00,dry,0,20,20,0.0,Understocked
BLR009,2025-02-15 00:00:00,dry,0,20,20,0.0,Understocked
BLR009,2025-02-15 01:00:00,dry,0,20,20,0.0,Understocked
BLR009,2025-02-15 02:00:00,dry,0,20,20,0.0,Understocked
BLR009,2025-02-15 03:00:00,dry,0,20,20,0.0,Understocked
BLR009,2025-02-15 04:00:00,dry,1,19,20,0.05,Understocked
BLR009,2025-02-15 05:00:00,dry,0,20,20,0.0,Understocked
BLR009,2025-02-15 06:00:00,dry,0,20,20,0.0,Understocked
BLR009,2025-02-15 07:00:00,dry,0,20,20,0.0,Understocked
BLR009,2025-02-15 08:00:00,dry,2,18,20,0.1,Understocked
BLR009,2025-02-15 09:00:00,dry,2,18,20,0.1,Understocked
BLR009,2025-02-15 10:00:00,dry,2,18,20,0.1,Understocked
BLR009,2025-02-15 11:00:00,dry,2,18,20,0.1,Understocked
BLR009,2025-02-15 12:00:00,dry,1,19,20,0.05,Understocked
BLR009,2025-02-15 13:00:00,dry,0,20,20,0.0,Understocked
BLR009,2025-02-15 14:00:00,dry,1,19,20,0.05,Understocked
BLR009,2025-02-15 15:00:00,dry,0,20,20,0.0,Understocked
BLR009,2025-02-15 16:00:00,dry,1,19,20,0.05,Understocked
BLR009,2025-02-15 17:00:00,dry,0,20,20,0.0,Understocked
BLR009,2025-02-15 18:00:00,dry,0,20,20,0.0,Understocked
BLR009,2025-02-15 19:00:00,dry,0,20,20,0.0,Understocked
BLR009,2025-02-15 20:00:00,dry,0,20,20,0.0,Understocked
BLR009,2025-02-15 21:00:00,dry,0,20,20,0.0,Understocked
BLR009,2025-02-15 22:00:00,dry,0,20,20,0.0,Understocked
BLR009,2025-02-15 23:00:00,dry,0,20,20,0.0,Understocked
BLR009,2025-02-16 00:00:00,dry,0,20,20,0.0,Understocked
BLR009,2025-02-16 01:00:00,dry,1,19,20,0.05,Understocked
BLR009,2025-02-16 02:00:00,dry,0,20,20,0.0,Understocked
BLR009,2025-02-16 03:00:00,dry,0,20,20,0.0,Understocked
BLR009,2025-02-16 04:00:00,dry,1,19,20,0.05,Understocked
BLR009,2025-02-16 05:00:00,dry,1,19,20,0.05,Understocked
BLR009,2025-02-16 06:00:00,dry,0,20,20,0.0,Understocked
BLR009,2025-02-16 07:00:00,dry,0,20,20,0.0,Understocked
BLR009,2025-02-16 08:00:00,dry,0,20,20,0.0,Understocked
BLR009,2025-02-16 09:00:00,dry,0,20,20,0.0,Understocked
BLR009,2025-02-16 10:00:00,dry,0,20,20,0.0,Understocked
BLR009,2025-02-16 11:00:00,dry,1,19,20,0.05,Understocked
BLR009,2025-02-16 12:00:00,dry,0,20,20,0.0,Understocked
BLR009,2025-02-16 13:00:00,dry,1,19,20,0.05,Understocked
BLR009,2025-02-16 14:00:00,dry,2,18,20,0.1,Understocked
BLR009,2025-02-16 15:00:00,dry,2,18,20,0.1,Understocked
BLR009,2025-02-16 16:00:00,dry,3,17,20,0.15,OK
BLR009,2025-02-16 17:00:00,dry,3,17,20,0.15,OK
BLR009,2025-02-16 18:00:00,dry,0,20,20,0.0,Understocked
BLR009,2025-02-16 19:00:00,dry,0,20,20,0.0,Understocked
BLR009,2025-02-16 20:00:00,dry,0,20,20,0.0,Understocked
BLR009,2025-02-16 21:00:00,dry,1,19,20,0.05,Understocked
BLR009,2025-02-16 22:00:00,dry,1,19,20,0.05,Understocked
BLR009,2025-02-16 23:00:00,dry,2,18,20,0.1,Understocked
BLR010,2025-02-10 00:00:00,dry,7,17,24,0.29,OK
BLR010,2025-02-10 01:00:00,dry,8,16,24,0.33,OK
BLR010,2025-02-10 02:00:00,dry,8,16,24,0.33,OK
BLR010,2025-02-10 03:00:00,dry,8,16,24,0.33,OK
BLR010,2025-02-10 04:00:00,dry,7,17,24,0.29,OK
BLR010,2025-02-10 05:00:00,dry,7,17,24,0.29,OK
BLR010,2025-02-10 06:00:00,dry,7,17,24,0.29,OK
BLR010,2025-02-10 07:00:00,dry,8,16,24,0.33,OK
BLR010,2025-02-10 08:00:00,dry,8,16,24,0.33,OK
BLR010,2025-02-10 09:00:00,dry,8,16,24,0.33,OK
BLR010,2025-02-10 10:00:00,dry,9,15,24,0.38,OK
BLR010,2025-02-10 11:00:00,dry,10,14,24,0.42,OK
BLR010,2025-02-10 12:00:00,dry,9,15,24,0.38,OK
BLR010,2025-02-10 13:00:00,dry,10,14,24,0.42,OK
BLR010,2025-02-10 14:00:00,dry,11,13,24,0.46,OK
BLR010,2025-02-10 15:00:00,dry,10,14,24,0.42,OK
BLR010,2025-02-10 16:00:00,dry,9,15,24,0.38,OK
BLR010,2025-02-10 17:00:00,dry,6,18,24,0.25,OK
BLR010,2025-02-10 18:00:00,dry,6,18,24,0.25,OK
BLR010,2025-02-10 19:00:00,dry,3,21,24,0.12,OK
BLR010,2025-02-10 20:00:00,dry,0,24,24,0.0,Understocked
BLR010,2025-02-10 21:00:00,dry,0,24,24,0.0,Understocked
BLR010,2025-02-10 22:00:00,dry,0,24,24,0.0,Understocked
BLR010,2025-02-10 23:00:00,dry,1,23,24,0.04,Understocked
BLR010,2025-02-11 00:00:00,dry,1,23,24,0.04,Understocked
BLR010,2025-02-11 01:00:00,dry,2,22,24,0.08,Understocked
BLR010,2025-02-11 02:00:00,dry,3,21,24,0.12,OK
BLR010,2025-02-11 03:00:00,dry,3,21,24,0.12,OK
BLR010,2025-02-11 04:00:00,dry,4,20,24,0.17,OK
BLR010,2025-02-11 05:00:00,dry,3,21,24,0.12,OK
BLR010,2025-02-11 06:00:00,dry,2,22,24,0.08,Understocked
BLR010,2025-02-11 07:00:00,dry,3,21,24,0.12,OK
BLR010,2025-02-11 08:00:00,dry,3,21,24,0.12,OK
BLR010,2025-02-11 09:00:00,dry,3,21,24,0.12,OK
BLR010,2025-02-11 10:00:00,dry,5,19,24,0.21,OK
BLR010,2025-02-11 11:00:00,dry,5,19,24,0.21,OK
BLR010,2025-02-11 12:00:00,dry,6,18,24,0.25,OK
BLR010,2025-02-11 13:00:00,dry,7,17,24,0.29,OK
BLR010,2025-02-11 14:00:00,dry,6,18,24,0.25,OK
BLR010,2025-02-11 15:00:00,dry,6,18,24,0.25,OK
BLR010,2025-02-11 16:00:00,dry,7,17,24,0.29,OK
BLR010,2025-02-11 17:00:00,dry,6,18,24,0.25,OK
BLR010,2025-02-11 18:00:00,dry,3,21,24,0.12,OK
BLR010,2025-02-11 19:00:00,dry,2,22,24,0.08,Understocked
BLR010,2025-02-11 20:00:00,dry,2,22,24,0.08,Understocked
BLR010,2025-02-11 21:00:00,dry,1,23,24,0.04,Understocked
BLR010,2025-02-11 22:00:00,dry,0,24,24,0.0,Understocked
BLR010,2025-02-11 23:00:00,dry,0,24,24,0.0,Understocked
BLR010,2025-02-12 00:00:00,dry,0,24,24,0.0,Understocked
BLR010,2025-02-12 01:00:00,dry,0,24,24,0.0,Understocked
BLR010,2025-02-12 02:00:00,dry,0,24,24,0.0,Understocked
BLR010,2025-02-12 03:00:00,dry,0,24,24,0.0,Understocked
BLR010,2025-02-12 04:00:00,dry,1,23,24,0.04,Understocked
BLR010,2025-02-12 05:00:00,dry,2,22,24,0.08,Understocked
BLR010,2025-02-12 06:00:00,dry,3,21,24,0.12,OK
BLR010,2025-02-12 07:00:00,dry,5,19,24,0.21,OK
BLR010,2025-02-12 08:00:00,dry,6,18,24,0.25,OK
BLR010,2025-02-12 09:00:00,dry,7,17,24,0.29,OK
BLR010,2025-02-12 10:00:00,dry,8,16,24,0.33,OK
BLR010,2025-02-12 11:00:00,dry,7,17,24,0.29,OK
BLR010,2025-02-12 12:00:00,dry,6,18,24,0.25,OK
BLR010,2025-02-12 13:00:00,dry,6,18,24,0.25,OK
BLR010,2025-02-12 14:00:00,dry,7,17,24,0.29,OK
BLR010,2025-02-12 15:00:00,dry,6,18,24,0.25,OK
BLR010,2025-02-12 16:00:00,dry,7,17,24,0.29,OK
BLR010,2025-02-12 17:00:00,dry,6,18,24,0.25,OK
BLR010,2025-02-12 18:00:00,dry,5,19,24,0.21,OK
BLR010,2025-02-12 19:00:00,dry,4,20,24,0.17,OK
BLR010,2025-02-12 20:00:00,dry,4,20,24,0.17,OK
BLR010,2025-02-12 21:00:00,dry,4,20,24,0.17,OK
BLR010,2025-02-12 22:00:00,dry,3,21,24,0.12,OK
BLR010,2025-02-12 23:00:00,dry,2,22,24,0.08,Understocked
BLR010,2025-02-13 00:00:00,dry,1,23,24,0.04,Understocked
BLR010,2025-02-13 01:00:00,dry,2,22,24,0.08,Understocked
BLR010,2025-02-13 02:00:00,dry,1,23,24,0.04,Understocked
BLR010,2025-02-13 03:00:00,dry,0,24,24,0.0,Understocked
BLR010,2025-02-13 04:00:00,dry,0,24,24,0.0,Understocked
BLR010,2025-02-13 05:00:00,dry,1,23,24,0.04,Understocked
BLR010,2025-02-13 06:00:00,dry,1,23,24,0.04,Understocked
BLR010,2025-02-13 07:00:00,dry,1,23,24,0.04,Understocked
BLR010,2025-02-13 08:00:00,dry,3,21,24,0.12,OK
BLR010,2025-02-13 09:00:00,dry,8,16,24,0.33,OK
BLR010,2025-02-13 10:00:00,dry,8,16,24,0.33,OK
BLR010,2025-02-13 11:00:00,dry,9,15,24,0.38,OK
BLR010,2025-02-13 12:00:00,dry,8,16,24,0.33,OK
BLR010,2025-02-13 13:00:00,dry,7,17,24,0.29,OK
BLR010,2025-02-13 14:00:00,dry,8,16,24,0.33,OK
BLR010,2025-02-13 15:00:00,dry,7,17,24,0.29,OK
BLR010,2025-02-13 16:00:00,dry,6,18,24,0.25,OK
BLR010,2025-02-13 17:00:00,dry,6,18,24,0.25,OK
BLR010,2025-02-13 18:00:00,dry,6,18,24,0.25,OK
BLR010,2025-02-13 19:00:00,dry,6,18,24,0.25,OK
BLR010,2025-02-13 20:00:00,dry,6,18,24,0.25,OK
BLR010,2025-02-13 21:00:00,dry,5,19,24,0.21,OK
BLR010,2025-02-13 22:00:00,dry,4,20,24,0.17,OK
BLR010,2025-02-13 23:00:00,dry,3,21,24,0.12,OK
BLR010,2025-02-14 00:00:00,dry,4,20,24,0.17,OK
BLR010,2025-02-14 01:00:00,dry,4,20,24,0.17,OK
BLR010,2025-02-14 02:00:00,dry,5,19,24,0.21,OK
BLR010,2025-02-14 03:00:00,dry,6,18,24,0.25,OK
BLR010,2025-02-14 04:00:00,dry,7,17,24,0.29,OK
BLR010,2025-02-14 05:00:00,dry,8,16,24,0.33,OK
BLR010,2025-02-14 06:00:00,dry,8,16,24,0.33,OK
BLR010,2025-02-14 07:00:00,dry,10,14,24,0.42,OK
BLR010,2025-02-14 08:00:00,dry,11,13,24,0.46,OK
BLR010,2025-02-14 09:00:00,dry,12,12,24,0.5,OK
BLR010,2025-02-14 10:00:00,dry,16,8,24,0.67,OK
BLR010,2025-02-14 11:00:00,dry,15,9,24,0.62,OK
BLR010,2025-02-14 12:00:00,dry,15,9,24,0.62,OK
BLR010,2025-02-14 13:00:00,dry,16,8,24,0.67,OK
BLR010,2025-02-14 14:00:00,dry,17,7,24,0.71,OK
BLR010,2025-02-14 15:00:00,dry,17,7,24,0.71,OK
BLR010,2025-02-14 16:00:00,dry,16,8,24,0.67,OK
BLR010,2025-02-14 17:00:00,dry,15,9,24,0.62,OK
BLR010,2025-02-14 18:00:00,dry,14,10,24,0.58,OK
BLR010,2025-02-14 19:00:00,dry,10,14,24,0.42,OK
BLR010,2025-02-14 20:00:00,dry,9,15,24,0.38,OK
BLR010,2025-02-14 21:00:00,dry,9,15,24,0.38,OK
BLR010,2025-02-14 22:00:00,dry,10,14,24,0.42,OK
BLR010,2025-02-14 23:00:00,dry,10,14,24,0.42,OK
BLR010,2025-02-15 00:00:00,dry,11,13,24,0.46,OK
BLR010,2025-02-15 01:00:00,dry,12,12,24,0.5,OK
BLR010,2025-02-15 02:00:00,dry,13,11,24,0.54,OK
BLR010,2025-02-15 03:00:00,dry,13,11,24,0.54,OK
BLR010,2025-02-15 04:00:00,dry,12,12,24,0.5,OK
BLR010,2025-02-15 05:00:00,dry,12,12,24,0.5,OK
BLR010,2025-02-15 06:00:00,dry,13,11,24,0.54,OK
BLR010,2025-02-15 07:00:00,dry,13,11,24,0.54,OK
BLR010,2025-02-15 08:00:00,dry,13,11,24,0.54,OK
BLR010,2025-02-15 09:00:00,dry,14,10,24,0.58,OK
BLR010,2025-02-15 10:00:00,dry,14,10,24,0.58,OK
BLR010,2025-02-15 11:00:00,dry,15,9,24,0.62,OK
BLR010,2025-02-15 12:00:00,dry,14,10,24,0.58,OK
BLR010,2025-02-15 13:00:00,dry,13,11,24,0.54,OK
BLR010,2025-02-15 14:00:00,dry,12,12,24,0.5,OK
BLR010,2025-02-15 15:00:00,dry,13,11,24,0.54,OK
BLR010,2025-02-15 16:00:00,dry,14,10,24,0.58,OK
BLR010,2025-02-15 17:00:00,dry,14,10,24,0.58,OK
BLR010,2025-02-15 18:00:00,dry,11,13,24,0.46,OK
BLR010,2025-02-15 19:00:00,dry,10,14,24,0.42,OK
BLR010,2025-02-15 20:00:00,dry,10,14,24,0.42,OK
BLR010,2025-02-15 21:00:00,dry,10,14,24,0.42,OK
BLR010,2025-02-15 22:00:00,dry,9,15,24,0.38,OK
BLR010,2025-02-15 23:00:00,dry,10,14,24,0.42,OK
BLR010,2025-02-16 00:00:00,dry,10,14,24,0.42,OK
BLR010,2025-02-16 01:00:00,dry,10,14,24,0.42,OK
BLR010,2025-02-16 02:00:00,dry,9,15,24,0.38,OK
BLR010,2025-02-16 03:00:00,dry,10,14,24,0.42,OK
BLR010,2025-02-16 04:00:00,dry,10,14,24,0.42,OK
BLR010,2025-02-16 05:00:00,dry,9,15,24,0.38,OK
BLR010,2025-02-16 06:00:00,dry,9,15,24,0.38,OK
BLR010,2025-02-16 07:00:00,dry,9,15,24,0.38,OK
BLR010,2025-02-16 08:00:00,dry,9,15,24,0.38,OK
BLR010,2025-02-16 09:00:00,dry,10,14,24,0.42,OK
BLR010,2025-02-16 10:00:00,dry,10,14,24,0.42,OK
BLR010,2025-02-16 11:00:00,dry,11,13,24,0.46,OK
BLR010,2025-02-16 12:00:00,dry,11,13,24,0.46,OK
BLR010,2025-02-16 13:00:00,dry,12,12,24,0.5,OK
BLR010,2025-02-16 14:00:00,dry,13,11,24,0.54,OK
BLR010,2025-02-16 15:00:00,dry,12,12,24,0.5,OK
BLR010,2025-02-16 16:00:00,dry,12,12,24,0.5,OK
BLR010,2025-02-16 17:00:00,dry,9,15,24,0.38,OK
BLR010,2025-02-16 18:00:00,dry,6,18,24,0.25,OK
BLR010,2025-02-16 19:00:00,dry,4,20,24,0.17,OK
BLR010,2025-02-16 20:00:00,dry,3,21,24,0.12,OK
BLR010,2025-02-16 21:00:00,dry,2,22,24,0.08,Understocked
BLR010,2025-02-16 22:00:00,dry,1,23,24,0.04,Understocked
BLR010,2025-02-16 23:00:00,dry,2,22,24,0.08,Understocked
BLR011,2025-02-10 00:00:00,dry,20,10,30,0.67,OK
BLR011,2025-02-10 01:00:00,dry,19,11,30,0.63,OK
BLR011,2025-02-10 02:00:00,dry,20,10,30,0.67,OK
BLR011,2025-02-10 03:00:00,dry,21,9,30,0.7,OK
BLR011,2025-02-10 04:00:00,dry,20,10,30,0.67,OK
BLR011,2025-02-10 05:00:00,dry,21,9,30,0.7,OK
BLR011,2025-02-10 06:00:00,dry,22,8,30,0.73,OK
BLR011,2025-02-10 07:00:00,dry,23,7,30,0.77,OK
BLR011,2025-02-10 08:00:00,dry,23,7,30,0.77,OK
BLR011,2025-02-10 09:00:00,dry,27,3,30,0.9,Overstocked
BLR011,2025-02-10 10:00:00,dry,28,2,30,0.93,Overstocked
BLR011,2025-02-10 11:00:00,dry,27,3,30,0.9,Overstocked
BLR011,2025-02-10 12:00:00,dry,27,3,30,0.9,Overstocked
BLR011,2025-02-10 13:00:00,dry,26,4,30,0.87,OK
BLR011,2025-02-10 14:00:00,dry,25,5,30,0.83,OK
BLR011,2025-02-10 15:00:00,dry,26,4,30,0.87,OK
BLR011,2025-02-10 16:00:00,dry,26,4,30,0.87,OK
BLR011,2025-02-10 17:00:00,dry,26,4,30,0.87,OK
BLR011,2025-02-10 18:00:00,dry,26,4,30,0.87,OK
BLR011,2025-02-10 19:00:00,dry,25,5,30,0.83,OK
BLR011,2025-02-10 20:00:00,dry,24,6,30,0.8,OK
BLR011,2025-02-10 21:00:00,dry,25,5,30,0.83,OK
BLR011,2025-02-10 22:00:00,dry,26,4,30,0.87,OK
BLR011,2025-02-10 23:00:00,dry,27,3,30,0.9,Overstocked
BLR011,2025-02-11 00:00:00,dry,26,4,30,0.87,OK
BLR011,2025-02-11 01:00:00,dry,25,5,30,0.83,OK
BLR011,2025-02-11 02:00:00,dry,24,6,30,0.8,OK
BLR011,2025-02-11 03:00:00,dry,25,5,30,0.83,OK
BLR011,2025-02-11 04:00:00,dry,25,5,30,0.83,OK
BLR011,2025-02-11 05:00:00,dry,26,4,30,0.87,OK
BLR011,2025-02-11 06:00:00,dry,26,4,30,0.87,OK
BLR011,2025-02-11 07:00:00,dry,26,4,30,0.87,OK
BLR011,2025-02-11 08:00:00,dry,27,3,30,0.9,Overstocked
BLR011,2025-02-11 09:00:00,dry,30,0,30,1.0,Overstocked
BLR011,2025-02-11 10:00:00,dry,30,0,30,1.0,Overstocked
BLR011,2025-02-11 11:00:00,dry,29,1,30,0.97,Overstocked
BLR011,2025-02-11 12:00:00,dry,30,0,30,1.0,Overstocked
BLR011,2025-02-11 13:00:00,dry,30,0,30,1.0,Overstocked
BLR011,2025-02-11 14:00:00,dry,29,1,30,0.97,Overstocked
BLR011,2025-02-11 15:00:00,dry,29,1,30,0.97,Overstocked
BLR011,2025-02-11 16:00:00,dry,28,2,30,0.93,Overstocked
BLR011,2025-02-11 17:00:00,dry,27,3,30,0.9,Overstocked
BLR011,2025-02-11 18:00:00,dry,24,6,30,0.8,OK
BLR011,2025-02-11 19:00:00,dry,21,9,30,0.7,OK
BLR011,2025-02-11 20:00:00,dry,21,9,30,0.7,OK
BLR011,2025-02-11 21:00:00,dry,21,9,30,0.7,OK
BLR011,2025-02-11 22:00:00,dry,21,9,30,0.7,OK
BLR011,2025-02-11 23:00:00,dry,21,9,30,0.7,OK
BLR011,2025-02-12 00:00:00,dry,21,9,30,0.7,OK
BLR011,2025-02-12 01:00:00,dry,20,10,30,0.67,OK
BLR011,2025-02-12 02:00:00,dry,20,10,30,0.67,OK
BLR011,2025-02-12 03:00:00,dry,20,10,30,0.67,OK
BLR011,2025-02-12 04:00:00,dry,20,10,30,0.67,OK
BLR011,2025-02-12 05:00:00,dry,19,11,30,0.63,OK
BLR011,2025-02-12 06:00:00,dry,18,12,30,0.6,OK
BLR011,2025-02-12 07:00:00,dry,21,9,30,0.7,OK
BLR011,2025-02-12 08:00:00,dry,23,7,30,0.77,OK
BLR011,2025-02-12 09:00:00,dry,26,4,30,0.87,OK
BLR011,2025-02-12 10:00:00,dry,26,4,30,0.87,OK
BLR011,2025-02-12 11:00:00,dry,25,5,30,0.83,OK
BLR011,2025-02-12 12:00:00,dry,24,6,30,0.8,OK
BLR011,2025-02-12 13:00:00,dry,23,7,30,0.77,OK
BLR011,2025-02-12 14:00:00,dry,24,6,30,0.8,OK
BLR011,2025-02-12 15:00:00,dry,25,5,30,0.83,OK
BLR011,2025-02-12 16:00:00,dry,26,4,30,0.87,OK
BLR011,2025-02-12 17:00:00,dry,25,5,30,0.83,OK
BLR011,2025-02-12 18:00:00,dry,22,8,30,0.73,OK
BLR011,2025-02-12 19:00:00,dry,21,9,30,0.7,OK
BLR011,2025-02-12 20:00:00,dry,21,9,30,0.7,OK
BLR011,2025-02-12 21:00:00,dry,20,10,30,0.67,OK
BLR011,2025-02-12 22:00:00,dry,19,11,30,0.63,OK
BLR011,2025-02-12 23:00:00,dry,19,11,30,0.63,OK
BLR011,2025-02-13 00:00:00,dry,18,12,30,0.6,OK
BLR011,2025-02-13 01:00:00,dry,18,12,30,0.6,OK
BLR011,2025-02-13 02:00:00,dry,18,12,30,0.6,OK
BLR011,2025-02-13 03:00:00,dry,17,13,30,0.57,OK
BLR011,2025-02-13 04:00:00,dry,16,14,30,0.53,OK
BLR011,2025-02-13 05:00:00,dry,17,13,30,0.57,OK
BLR011,2025-02-13 06:00:00,dry,18,12,30,0.6,OK
BLR011,2025-02-13 07:00:00,dry,18,12,30,0.6,OK
BLR011,2025-02-13 08:00:00,dry,20,10,30,0.67,OK
BLR011,2025-02-13 09:00:00,dry,21,9,30,0.7,OK
BLR011,2025-02-13 10:00:00,dry,21,9,30,0.7,OK
BLR011,2025-02-13 11:00:00,dry,20,10,30,0.67,OK
BLR011,2025-02-13 12:00:00,dry,20,10,30,0.67,OK
BLR011,2025-02-13 13:00:00,dry,19,11,30,0.63,OK
BLR011,2025-02-13 14:00:00,dry,20,10,30,0.67,OK
BLR011,2025-02-13 15:00:00,dry,21,9,30,0.7,OK
BLR011,2025-02-13 16:00:00,dry,21,9,30,0.7,OK
BLR011,2025-02-13 17:00:00,dry,20,10,30,0.67,OK
BLR011,2025-02-13 18:00:00,dry,19,11,30,0.63,OK
BLR011,2025-02-13 19:00:00,dry,18,12,30,0.6,OK
BLR011,2025-02-13 20:00:00,dry,17,13,30,0.57,OK
BLR011,2025-02-13 21:00:00,dry,16,14,30,0.53,OK
BLR011,2025-02-13 22:00:00,dry,17,13,30,0.57,OK
BLR011,2025-02-13 23:00:00,dry,18,12,30,0.6,OK
BLR011,2025-02-14 00:00:00,dry,19,11,30,0.63,OK
BLR011,2025-02-14 01:00:00,dry,18,12,30,0.6,OK
BLR011,2025-02-14 02:00:00,dry,19,11,30,0.63,OK
BLR011,2025-02-14 03:00:00,dry,19,11,30,0.63,OK
BLR011,2025-02-14 04:00:00,dry,19,11,30,0.63,OK
BLR011,2025-02-14 05:00:00,dry,19,11,30,0.63,OK
BLR011,2025-02-14 06:00:00,dry,19,11,30,0.63,OK
BLR011,2025-02-14 07:00:00,dry,20,10,30,0.67,OK
BLR011,2025-02-14 08:00:00,dry,21,9,30,0.7,OK
BLR011,2025-02-14 09:00:00,dry,22,8,30,0.73,OK
BLR011,2025-02-14 10:00:00,dry,23,7,30,0.77,OK
BLR011,2025-02-14 11:00:00,dry,24,6,30,0.8,OK
BLR011,2025-02-14 12:00:00,dry,24,6,30,0.8,OK
BLR011,2025-02-14 13:00:00,dry,23,7,30,0.77,OK
BLR011,2025-02-14 14:00:00,dry,23,7,30,0.77,OK
BLR011,2025-02-14 15:00:00,dry,22,8,30,0.73,OK
BLR011,2025-02-14 16:00:00,dry,21,9,30,0.7,OK
BLR011,2025-02-14 17:00:00,dry,20,10,30,0.67,OK
BLR011,2025-02-14 18:00:00,dry,19,11,30,0.63,OK
BLR011,2025-02-14 19:00:00,dry,19,11,30,0.63,OK
BLR011,2025-02-14 20:00:00,dry,19,11,30,0.63,OK
BLR011,2025-02-14 21:00:00,dry,19,11,30,0.63,OK
BLR011,2025-02-14 22:00:00,dry,18,12,30,0.6,OK
BLR011,2025-02-14 23:00:00,dry,17,13,30,0.57,OK
BLR011,2025-02-15 00:00:00,dry,17,13,30,0.57,OK
BLR011,2025-02-15 01:00:00,dry,17,13,30,0.57,OK
BLR011,2025-02-15 02:00:00,dry,18,12,30,0.6,OK
BLR011,2025-02-15 03:00:00,dry,19,11,30,0.63,OK
BLR011,2025-02-15 04:00:00,dry,19,11,30,0.63,OK
BLR011,2025-02-15 05:00:00,dry,19,11,30,0.63,OK
BLR011,2025-02-15 06:00:00,dry,20,10,30,0.67,OK
BLR011,2025-02-15 07:00:00,dry,20,10,30,0.67,OK
BLR011,2025-02-15 08:00:00,dry,21,9,30,0.7,OK
BLR011,2025-02-15 09:00:00,dry,22,8,30,0.73,OK
BLR011,2025-02-15 10:00:00,dry,22,8,30,0.73,OK
BLR011,2025-02-15 11:00:00,dry,21,9,30,0.7,OK
BLR011,2025-02-15 12:00:00,dry,22,8,30,0.73,OK
BLR011,2025-02-15 13:00:00,dry,23,7,30,0.77,OK
BLR011,2025-02-15 14:00:00,dry,22,8,30,0.73,OK
BLR011,2025-02-15 15:00:00,dry,21,9,30,0.7,OK
BLR011,2025-02-15 16:00:00,dry,22,8,30,0.73,OK
BLR011,2025-02-15 17:00:00,dry,19,11,30,0.63,OK
BLR011,2025-02-15 18:00:00,dry,19,11,30,0.63,OK
BLR011,2025-02-15 19:00:00,dry,19,11,30,0.63,OK
BLR011,2025-02-15 20:00:00,dry,19,11,30,0.63,OK
BLR011,2025-02-15 21:00:00,dry,19,11,30,0.63,OK
BLR011,2025-02-15 22:00:00,dry,20,10,30,0.67,OK
BLR011,2025-02-15 23:00:00,dry,19,11,30,0.63,OK
BLR011,2025-02-16 00:00:00,dry,19,11,30,0.63,OK
BLR011,2025-02-16 01:00:00,dry,19,11,30,0.63,OK
BLR011,2025-02-16 02:00:00,dry,18,12,30,0.6,OK
BLR011,2025-02-16 03:00:00,dry,18,12,30,0.6,OK
BLR011,2025-02-16 04:00:00,dry,17,13,30,0.57,OK
BLR011,2025-02-16 05:00:00,dry,16,14,30,0.53,OK
BLR011,2025-02-16 06:00:00,dry,16,14,30,0.53,OK
BLR011,2025-02-16 07:00:00,dry,16,14,30,0.53,OK
BLR011,2025-02-16 08:00:00,dry,16,14,30,0.53,OK
BLR011,2025-02-16 09:00:00,dry,16,14,30,0.53,OK
BLR011,2025-02-16 10:00:00,dry,19,11,30,0.63,OK
BLR011,2025-02-16 11:00:00,dry,20,10,30,0.67,OK
BLR011,2025-02-16 12:00:00,dry,21,9,30,0.7,OK
BLR011,2025-02-16 13:00:00,dry,22,8,30,0.73,OK
BLR011,2025-02-16 14:00:00,dry,21,9,30,0.7,OK
BLR011,2025-02-16 15:00:00,dry,22,8,30,0.73,OK
BLR011,2025-02-16 16:00:00,dry,23,7,30,0.77,OK
BLR011,2025-02-16 17:00:00,dry,22,8,30,0.73,OK
BLR011,2025-02-16 18:00:00,dry,20,10,30,0.67,OK
BLR011,2025-02-16 19:00:00,dry,19,11,30,0.63,OK
BLR011,2025-02-16 20:00:00,dry,17,13,30,0.57,OK
BLR011,2025-02-16 21:00:00,dry,18,12,30,0.6,OK
BLR011,2025-02-16 22:00:00,dry,18,12,30,0.6,OK
BLR011,2025-02-16 23:00:00,dry,19,11,30,0.63,OK
BLR012,2025-02-10 00:00:00,dry,8,8,16,0.5,OK
BLR012,2025-02-10 01:00:00,dry,8,8,16,0.5,OK
BLR012,2025-02-10 02:00:00,dry,7,9,16,0.44,OK
BLR012,2025-02-10 03:00:00,dry,6,10,16,0.38,OK
BLR012,2025-02-10 04:00:00,dry,6,10,16,0.38,OK
BLR012,2025-02-10 05:00:00,dry,6,10,16,0.38,OK
BLR012,2025-02-10 06:00:00,dry,5,11,16,0.31,OK
BLR012,2025-02-10 07:00:00,dry,5,11,16,0.31,OK
BLR012,2025-02-10 08:00:00,dry,7,9,16,0.44,OK
BLR012,2025-02-10 09:00:00,dry,9,7,16,0.56,OK
BLR012,2025-02-10 10:00:00,dry,9,7,16,0.56,OK
BLR012,2025-02-10 11:00:00,dry,10,6,16,0.62,OK
BLR012,2025-02-10 12:00:00,dry,9,7,16,0.56,OK
BLR012,2025-02-10 13:00:00,dry,10,6,16,0.62,OK
BLR012,2025-02-10 14:00:00,dry,11,5,16,0.69,OK
BLR012,2025-02-10 15:00:00,dry,12,4,16,0.75,OK
BLR012,2025-02-10 16:00:00,dry,12,4,16,0.75,OK
BLR012,2025-02-10 17:00:00,dry,11,5,16,0.69,OK
BLR012,2025-02-10 18:00:00,dry,10,6,16,0.62,OK
BLR012,2025-02-10 19:00:00,dry,9,7,16,0.56,OK
BLR012,2025-02-10 20:00:00,dry,8,8,16,0.5,OK
BLR012,2025-02-10 21:00:00,dry,7,9,16,0.44,OK
BLR012,2025-02-10 22:00:00,dry,6,10,16,0.38,OK
BLR012,2025-02-10 23:00:00,dry,7,9,16,0.44,OK
BLR012,2025-02-11 00:00:00,dry,7,9,16,0.44,OK
BLR012,2025-02-11 01:00:00,dry,7,9,16,0.44,OK
BLR012,2025-02-11 02:00:00,dry,7,9,16,0.44,OK
BLR012,2025-02-11 03:00:00,dry,6,10,16,0.38,OK
BLR012,2025-02-11 04:00:00,dry,5,11,16,0.31,OK
BLR012,2025-02-11 05:00:00,dry,5,11,16,0.31,OK
BLR012,2025-02-11 06:00:00,dry,4,12,16,0.25,OK
BLR012,2025-02-11 07:00:00,dry,6,10,16,0.38,OK
BLR012,2025-02-11 08:00:00,dry,6,10,16,0.38,OK
BLR012,2025-02-11 09:00:00,dry,6,10,16,0.38,OK
BLR012,2025-02-11 10:00:00,dry,7,9,16,0.44,OK
BLR012,2025-02-11 11:00:00,dry,7,9,16,0.44,OK
BLR012,2025-02-11 12:00:00,dry,7,9,16,0.44,OK
BLR012,2025-02-11 13:00:00,dry,7,9,16,0.44,OK
BLR012,2025-02-11 14:00:00,dry,7,9,16,0.44,OK
BLR012,2025-02-11 15:00:00,dry,6,10,16,0.38,OK
BLR012,2025-02-11 16:00:00,dry,5,11,16,0.31,OK
BLR012,2025-02-11 17:00:00,dry,5,11,16,0.31,OK
BLR012,2025-02-11 18:00:00,dry,5,11,16,0.31,OK
BLR012,2025-02-11 19:00:00,dry,4,12,16,0.25,OK
BLR012,2025-02-11 20:00:00,dry,3,13,16,0.19,OK
BLR012,2025-02-11 21:00:00,dry,2,14,16,0.12,OK
BLR012,2025-02-11 22:00:00,dry,2,14,16,0.12,OK
BLR012,2025-02-11 23:00:00,dry,1,15,16,0.06,Understocked
BLR012,2025-02-12 00:00:00,dry,1,15,16,0.06,Understocked
BLR012,2025-02-12 01:00:00,dry,1,15,16,0.06,Understocked
BLR012,2025-02-12 02:00:00,dry,0,16,16,0.0,Understocked
BLR012,2025-02-12 03:00:00,dry,1,15,16,0.06,Understocked
BLR012,2025-02-12 04:00:00,dry,1,15,16,0.06,Understocked
BLR012,2025-02-12 05:00:00,dry,0,16,16,0.0,Understocked
BLR012,2025-02-12 06:00:00,dry,0,16,16,0.0,Understocked
BLR012,2025-02-12 07:00:00,dry,0,16,16,0.0,Understocked
BLR012,2025-02-12 08:00:00,dry,0,16,16,0.0,Understocked
BLR012,2025-02-12 09:00:00,dry,1,15,16,0.06,Understocked
BLR012,2025-02-12 10:00:00,dry,1,15,16,0.06,Understocked
BLR012,2025-02-12 11:00:00,dry,0,16,16,0.0,Understocked
BLR012,2025-02-12 12:00:00,dry,0,16,16,0.0,Understocked
BLR012,2025-02-12 13:00:00,dry,0,16,16,0.0,Understocked
BLR012,2025-02-12 14:00:00,dry,0,16,16,0.0,Understocked
BLR012,2025-02-12 15:00:00,dry,0,16,16,0.0,Understocked
BLR012,2025-02-12 16:00:00,dry,1,15,16,0.06,Understocked
BLR012,2025-02-12 17:00:00,dry,1,15,16,0.06,Understocked
BLR012,2025-02-12 18:00:00,dry,0,16,16,0.0,Understocked
BLR012,2025-02-12 19:00:00,dry,0,16,16,0.0,Understocked
BLR012,2025-02-12 20:00:00,dry,0,16,16,0.0,Understocked
BLR012,2025-02-12 21:00:00,dry,0,16,16,0.0,Understocked
BLR012,2025-02-12 22:00:00,dry,0,16,16,0.0,Understocked
BLR012,2025-02-12 23:00:00,dry,0,16,16,0.0,Understocked
BLR012,2025-02-13 00:00:00,dry,0,16,16,0.0,Understocked
BLR012,2025-02-13 01:00:00,dry,0,16,16,0.0,Understocked
BLR012,2025-02-13 02:00:00,dry,0,16,16,0.0,Understocked
BLR012,2025-02-13 03:00:00,dry,1,15,16,0.06,Understocked
BLR012,2025-02-13 04:00:00,dry,2,14,16,0.12,OK
BLR012,2025-02-13 05:00:00,dry,2,14,16,0.12,OK
BLR012,2025-02-13 06:00:00,dry,1,15,16,0.06,Understocked
BLR012,2025-02-13 07:00:00,dry,1,15,16,0.06,Understocked
BLR012,2025-02-13 08:00:00,dry,2,14,16,0.12,OK
BLR012,2025-02-13 09:00:00,dry,3,13,16,0.19,OK
BLR012,2025-02-13 10:00:00,dry,3,13,16,0.19,OK
BLR012,2025-02-13 11:00:00,dry,4,12,16,0.25,OK
BLR012,2025-02-13 12:00:00,dry,4,12,16,0.25,OK
BLR012,2025-02-13 13:00:00,dry,3,13,16,0.19,OK
BLR012,2025-02-13 14:00:00,dry,4,12,16,0.25,OK
BLR012,2025-02-13 15:00:00,dry,3,13,16,0.19,OK
BLR012,2025-02-13 16:00:00,dry,4,12,16,0.25,OK
BLR012,2025-02-13 17:00:00,dry,4,12,16,0.25,OK
BLR012,2025-02-13 18:00:00,dry,3,13,16,0.19,OK
BLR012,2025-02-13 19:00:00,dry,2,14,16,0.12,OK
BLR012,2025-02-13 20:00:00,dry,1,15,16,0.06,Understocked
BLR012,2025-02-13 21:00:00,dry,0,16,16,0.0,Understocked
BLR012,2025-02-13 22:00:00,dry,1,15,16,0.06,Understocked
BLR012,2025-02-13 23:00:00,dry,1,15,16,0.06,Understocked
BLR012,2025-02-14 00:00:00,dry,2,14,16,0.12,OK
BLR012,2025-02-14 01:00:00,dry,2,14,16,0.12,OK
BLR012,2025-02-14 02:00:00,dry,2,14,16,0.12,OK
BLR012,2025-02-14 03:00:00,dry,1,15,16,0.06,Understocked
BLR012,2025-02-14 04:00:00,dry,1,15,16,0.06,Understocked
BLR012,2025-02-14 05:00:00,dry,2,14,16,0.12,OK
BLR012,2025-02-14 06:00:00,dry,2,14,16,0.12,OK
BLR012,2025-02-14 07:00:00,dry,3,13,16,0.19,OK
BLR012,2025-02-14 08:00:00,dry,3,13,16,0.19,OK
BLR012,2025-02-14 09:00:00,dry,4,12,16,0.25,OK
BLR012,2025-02-14 10:00:00,dry,8,8,16,0.5,OK
BLR012,2025-02-14 11:00:00,dry,8,8,16,0.5,OK
BLR012,2025-02-14 12:00:00,dry,8,8,16,0.5,OK
BLR012,2025-02-14 13:00:00,dry,7,9,16,0.44,OK
BLR012,2025-02-14 14:00:00,dry,6,10,16,0.38,OK
BLR012,2025-02-14 15:00:00,dry,6,10,16,0.38,OK
BLR012,2025-02-14 16:00:00,dry,6,10,16,0.38,OK
BLR012,2025-02-14 17:00:00,dry,4,12,16,0.25,OK
BLR012,2025-02-14 18:00:00,dry,3,13,16,0.19,OK
BLR012,2025-02-14 19:00:00,dry,0,16,16,0.0,Understocked
BLR012,2025-02-14 20:00:00,dry,0,16,16,0.0,Understocked
BLR012,2025-02-14 21:00:00,dry,0,16,16,0.0,Understocked
BLR012,2025-02-14 22:00:00,dry,0,16,16,0.0,Understocked
BLR012,2025-02-14 23:00:00,dry,1,15,16,0.06,Understocked
BLR012,2025-02-15 00:00:00,dry,2,14,16,0.12,OK
BLR012,2025-02-15 01:00:00,dry,2,14,16,0.12,OK
BLR012,2025-02-15 02:00:00,dry,3,13,16,0.19,OK
BLR012,2025-02-15 03:00:00,dry,4,12,16,0.25,OK
BLR012,2025-02-15 04:00:00,dry,3,13,16,0.19,OK
BLR012,2025-02-15 05:00:00,dry,3,13,16,0.19,OK
BLR012,2025-02-15 06:00:00,dry,4,12,16,0.25,OK
BLR012,2025-02-15 07:00:00,dry,4,12,16,0.25,OK
BLR012,2025-02-15 08:00:00,dry,4,12,16,0.25,OK
BLR012,2025-02-15 09:00:00,dry,4,12,16,0.25,OK
BLR012,2025-02-15 10:00:00,dry,4,12,16,0.25,OK
BLR012,2025-02-15 11:00:00,dry,4,12,16,0.25,OK
BLR012,2025-02-15 12:00:00,dry,3,13,16,0.19,OK
BLR012,2025-02-15 13:00:00,dry,2,14,16,0.12,OK
BLR012,2025-02-15 14:00:00,dry,3,13,16,0.19,OK
BLR012,2025-02-15 15:00:00,dry,3,13,16,0.19,OK
BLR012,2025-02-15 16:00:00,dry,2,14,16,0.12,OK
BLR012,2025-02-15 17:00:00,dry,0,16,16,0.0,Understocked
BLR012,2025-02-15 18:00:00,dry,0,16,16,0.0,Understocked
BLR012,2025-02-15 19:00:00,dry,0,16,16,0.0,Understocked
BLR012,2025-02-15 20:00:00,dry,0,16,16,0.0,Understocked
BLR012,2025-02-15 21:00:00,dry,0,16,16,0.0,Understocked
BLR012,2025-02-15 22:00:00,dry,0,16,16,0.0,Understocked
BLR012,2025-02-15 23:00:00,dry,0,16,16,0.0,Understocked
BLR012,2025-02-16 00:00:00,dry,1,15,16,0.06,Understocked
BLR012,2025-02-16 01:00:00,dry,2,14,16,0.12,OK
BLR012,2025-02-16 02:00:00,dry,2,14,16,0.12,OK
BLR012,2025-02-16 03:00:00,dry,1,15,16,0.06,Understocked
BLR012,2025-02-16 04:00:00,dry,0,16,16,0.0,Understocked
BLR012,2025-02-16 05:00:00,dry,0,16,16,0.0,Understocked
BLR012,2025-02-16 06:00:00,dry,0,16,16,0.0,Understocked
BLR012,2025-02-16 07:00:00,dry,1,15,16,0.06,Understocked
BLR012,2025-02-16 08:00:00,dry,1,15,16,0.06,Understocked
BLR012,2025-02-16 09:00:00,dry,1,15,16,0.06,Understocked
BLR012,2025-02-16 10:00:00,dry,1,15,16,0.06,Understocked
BLR012,2025-02-16 11:00:00,dry,1,15,16,0.06,Understocked
BLR012,2025-02-16 12:00:00,dry,2,14,16,0.12,OK
BLR012,2025-02-16 13:00:00,dry,2,14,16,0.12,OK
BLR012,2025-02-16 14:00:00,dry,2,14,16,0.12,OK
BLR012,2025-02-16 15:00:00,dry,2,14,16,0.12,OK
BLR012,2025-02-16 16:00:00,dry,1,15,16,0.06,Understocked
BLR012,2025-02-16 17:00:00,dry,0,16,16,0.0,Understocked
BLR012,2025-02-16 18:00:00,dry,0,16,16,0.0,Understocked
BLR012,2025-02-16 19:00:00,dry,0,16,16,0.0,Understocked
BLR012,2025-02-16 20:00:00,dry,0,16,16,0.0,Understocked
BLR012,2025-02-16 21:00:00,dry,0,16,16,0.0,Understocked
BLR012,2025-02-16 22:00:00,dry,0,16,16,0.0,Understocked
BLR012,2025-02-16 23:00:00,dry,1,15,16,0.06,Understocked
BLR013,2025-02-10 00:00:00,dry,11,13,24,0.46,OK
BLR013,2025-02-10 01:00:00,dry,12,12,24,0.5,OK
BLR013,2025-02-10 02:00:00,dry,13,11,24,0.54,OK
BLR013,2025-02-10 03:00:00,dry,14,10,24,0.58,OK
BLR013,2025-02-10 04:00:00,dry,13,11,24,0.54,OK
BLR013,2025-02-10 05:00:00,dry,12,12,24,0.5,OK
BLR013,2025-02-10 06:00:00,dry,11,13,24,0.46,OK
BLR013,2025-02-10 07:00:00,dry,11,13,24,0.46,OK
BLR013,2025-02-10 08:00:00,dry,12,12,24,0.5,OK
BLR013,2025-02-10 09:00:00,dry,12,12,24,0.5,OK
BLR013,2025-02-10 10:00:00,dry,13,11,24,0.54,OK
BLR013,2025-02-10 11:00:00,dry,14,10,24,0.58,OK
BLR013,2025-02-10 12:00:00,dry,13,11,24,0.54,OK
BLR013,2025-02-10 13:00:00,dry,14,10,24,0.58,OK
BLR013,2025-02-10 14:00:00,dry,13,11,24,0.54,OK
BLR013,2025-02-10 15:00:00,dry,13,11,24,0.54,OK
BLR013,2025-02-10 16:00:00,dry,14,10,24,0.58,OK
BLR013,2025-02-10 17:00:00,dry,13,11,24,0.54,OK
BLR013,2025-02-10 18:00:00,dry,13,11,24,0.54,OK
BLR013,2025-02-10 19:00:00,dry,12,12,24,0.5,OK
BLR013,2025-02-10 20:00:00,dry,12,12,24,0.5,OK
BLR013,2025-02-10 21:00:00,dry,12,12,24,0.5,OK
BLR013,2025-02-10 22:00:00,dry,13,11,24,0.54,OK
BLR013,2025-02-10 23:00:00,dry,12,12,24,0.5,OK
BLR013,2025-02-11 00:00:00,dry,12,12,24,0.5,OK
BLR013,2025-02-11 01:00:00,dry,11,13,24,0.46,OK
BLR013,2025-02-11 02:00:00,dry,12,12,24,0.5,OK
BLR013,2025-02-11 03:00:00,dry,12,12,24,0.5,OK
BLR013,2025-02-11 04:00:00,dry,13,11,24,0.54,OK
BLR013,2025-02-11 05:00:00,dry,14,10,24,0.58,OK
BLR013,2025-02-11 06:00:00,dry,13,11,24,0.54,OK
BLR013,2025-02-11 07:00:00,dry,15,9,24,0.62,OK
BLR013,2025-02-11 08:00:00,dry,15,9,24,0.62,OK
BLR013,2025-02-11 09:00:00,dry,17,7,24,0.71,OK
BLR013,2025-02-11 10:00:00,dry,18,6,24,0.75,OK
BLR013,2025-02-11 11:00:00,dry,18,6,24,0.75,OK
BLR013,2025-02-11 12:00:00,dry,17,7,24,0.71,OK
BLR013,2025-02-11 13:00:00,dry,17,7,24,0.71,OK
BLR013,2025-02-11 14:00:00,dry,17,7,24,0.71,OK
BLR013,2025-02-11 15:00:00,dry,16,8,24,0.67,OK
BLR013,2025-02-11 16:00:00,dry,15,9,24,0.62,OK
BLR013,2025-02-11 17:00:00,dry,15,9,24,0.62,OK
BLR013,2025-02-11 18:00:00,dry,15,9,24,0.62,OK
BLR013,2025-02-11 19:00:00,dry,13,11,24,0.54,OK
BLR013,2025-02-11 20:00:00,dry,12,12,24,0.5,OK
BLR013,2025-02-11 21:00:00,dry,11,13,24,0.46,OK
BLR013,2025-02-11 22:00:00,dry,10,14,24,0.42,OK
BLR013,2025-02-11 23:00:00,dry,9,15,24,0.38,OK
BLR013,2025-02-12 00:00:00,dry,8,16,24,0.33,OK
BLR013,2025-02-12 01:00:00,dry,7,17,24,0.29,OK
BLR013,2025-02-12 02:00:00,dry,6,18,24,0.25,OK
BLR013,2025-02-12 03:00:00,dry,7,17,24,0.29,OK
BLR013,2025-02-12 04:00:00,dry,7,17,24,0.29,OK
BLR013,2025-02-12 05:00:00,dry,8,16,24,0.33,OK
BLR013,2025-02-12 06:00:00,dry,7,17,24,0.29,OK
BLR013,2025-02-12 07:00:00,dry,7,17,24,0.29,OK
BLR013,2025-02-12 08:00:00,dry,11,13,24,0.46,OK
BLR013,2025-02-12 09:00:00,dry,13,11,24,0.54,OK
BLR013,2025-02-12 10:00:00,dry,13,11,24,0.54,OK
BLR013,2025-02-12 11:00:00,dry,14,10,24,0.58,OK
BLR013,2025-02-12 12:00:00,dry,15,9,24,0.62,OK
BLR013,2025-02-12 13:00:00,dry,15,9,24,0.62,OK
BLR013,2025-02-12 14:00:00,dry,14,10,24,0.58,OK
BLR013,2025-02-12 15:00:00,dry,14,10,24,0.58,OK
BLR013,2025-02-12 16:00:00,dry,14,10,24,0.58,OK
BLR013,2025-02-12 17:00:00,dry,14,10,24,0.58,OK
BLR013,2025-02-12 18:00:00,dry,13,11,24,0.54,OK
BLR013,2025-02-12 19:00:00,dry,11,13,24,0.46,OK
BLR013,2025-02-12 20:00:00,dry,7,17,24,0.29,OK
BLR013,2025-02-12 21:00:00,dry,6,18,24,0.25,OK
BLR013,2025-02-12 22:00:00,dry,5,19,24,0.21,OK
BLR013,2025-02-12 23:00:00,dry,4,20,24,0.17,OK
BLR013,2025-02-13 00:00:00,dry,3,21,24,0.12,OK
BLR013,2025-02-13 01:00:00,dry,4,20,24,0.17,OK
BLR013,2025-02-13 02:00:00,dry,3,21,24,0.12,OK
BLR013,2025-02-13 03:00:00,dry,4,20,24,0.17,OK
BLR013,2025-02-13 04:00:00,dry,4,20,24,0.17,OK
BLR013,2025-02-13 05:00:00,dry,5,19,24,0.21,OK
BLR013,2025-02-13 06:00:00,dry,5,19,24,0.21,OK
BLR013,2025-02-13 07:00:00,dry,5,19,24,0.21,OK
BLR013,2025-02-13 08:00:00,dry,5,19,24,0.21,OK
BLR013,2025-02-13 09:00:00,dry,5,19,24,0.21,OK
BLR013,2025-02-13 10:00:00,dry,5,19,24,0.21,OK
BLR013,2025-02-13 11:00:00,dry,6,18,24,0.25,OK
BLR013,2025-02-13 12:00:00,dry,7,17,24,0.29,OK
BLR013,2025-02-13 13:00:00,dry,8,16,24,0.33,OK
BLR013,2025-02-13 14:00:00,dry,9,15,24,0.38,OK
BLR013,2025-02-13 15:00:00,dry,10,14,24,0.42,OK
BLR013,2025-02-13 16:00:00,dry,11,13,24,0.46,OK
BLR013,2025-02-13 17:00:00,dry,10,14,24,0.42,OK
BLR013,2025-02-13 18:00:00,dry,8,16,24,0.33,OK
BLR013,2025-02-13 19:00:00,dry,7,17,24,0.29,OK
BLR013,2025-02-13 20:00:00,dry,5,19,24,0.21,OK
BLR013,2025-02-13 21:00:00,dry,5,19,24,0.21,OK
BLR013,2025-02-13 22:00:00,dry,6,18,24,0.25,OK
BLR013,2025-02-13 23:00:00,dry,5,19,24,0.21,OK
BLR013,2025-02-14 00:00:00,dry,5,19,24,0.21,OK
BLR013,2025-02-14 01:00:00,dry,4,20,24,0.17,OK
BLR013,2025-02-14 02:00:00,dry,5,19,24,0.21,OK
BLR013,2025-02-14 03:00:00,dry,4,20,24,0.17,OK
BLR013,2025-02-14 04:00:00,dry,4,20,24,0.17,OK
BLR013,2025-02-14 05:00:00,dry,3,21,24,0.12,OK
BLR013,2025-02-14 06:00:00,dry,4,20,24,0.17,OK
BLR013,2025-02-14 07:00:00,dry,5,19,24,0.21,OK
BLR013,2025-02-14 08:00:00,dry,5,19,24,0.21,OK
BLR013,2025-02-14 09:00:00,dry,9,15,24,0.38,OK
BLR013,2025-02-14 10:00:00,dry,9,15,24,0.38,OK
BLR013,2025-02-14 11:00:00,dry,9,15,24,0.38,OK
BLR013,2025-02-14 12:00:00,dry,8,16,24,0.33,OK
BLR013,2025-02-14 13:00:00,dry,9,15,24,0.38,OK
BLR013,2025-02-14 14:00:00,dry,10,14,24,0.42,OK
BLR013,2025-02-14 15:00:00,dry,11,13,24,0.46,OK
BLR013,2025-02-14 16:00:00,dry,12,12,24,0.5,OK
BLR013,2025-02-14 17:00:00,dry,12,12,24,0.5,OK
BLR013,2025-02-14 18:00:00,dry,11,13,24,0.46,OK
BLR013,2025-02-14 19:00:00,dry,8,16,24,0.33,OK
BLR013,2025-02-14 20:00:00,dry,6,18,24,0.25,OK
BLR013,2025-02-14 21:00:00,dry,5,19,24,0.21,OK
BLR013,2025-02-14 22:00:00,dry,4,20,24,0.17,OK
BLR013,2025-02-14 23:00:00,dry,5,19,24,0.21,OK
BLR013,2025-02-15 00:00:00,dry,5,19,24,0.21,OK
BLR013,2025-02-15 01:00:00,dry,4,20,24,0.17,OK
BLR013,2025-02-15 02:00:00,dry,5,19,24,0.21,OK
BLR013,2025-02-15 03:00:00,dry,4,20,24,0.17,OK
BLR013,2025-02-15 04:00:00,dry,4,20,24,0.17,OK
BLR013,2025-02-15 05:00:00,dry,3,21,24,0.12,OK
BLR013,2025-02-15 06:00:00,dry,4,20,24,0.17,OK
BLR013,2025-02-15 07:00:00,dry,5,19,24,0.21,OK
BLR013,2025-02-15 08:00:00,dry,5,19,24,0.21,OK
BLR013,2025-02-15 09:00:00,dry,5,19,24,0.21,OK
BLR013,2025-02-15 10:00:00,dry,5,19,24,0.21,OK
BLR013,2025-02-15 11:00:00,dry,6,18,24,0.25,OK
BLR013,2025-02-15 12:00:00,dry,5,19,24,0.21,OK
BLR013,2025-02-15 13:00:00,dry,4,20,24,0.17,OK
BLR013,2025-02-15 14:00:00,dry,3,21,24,0.12,OK
BLR013,2025-02-15 15:00:00,dry,2,22,24,0.08,Understocked
BLR013,2025-02-15 16:00:00,dry,2,22,24,0.08,Understocked
BLR013,2025-02-15 17:00:00,dry,2,22,24,0.08,Understocked
BLR013,2025-02-15 18:00:00,dry,2,22,24,0.08,Understocked
BLR013,2025-02-15 19:00:00,dry,1,23,24,0.04,Understocked
BLR013,2025-02-15 20:00:00,dry,0,24,24,0.0,Understocked
BLR013,2025-02-15 21:00:00,dry,0,24,24,0.0,Understocked
BLR013,2025-02-15 22:00:00,dry,0,24,24,0.0,Understocked
BLR013,2025-02-15 23:00:00,dry,0,24,24,0.0,Understocked
BLR013,2025-02-16 00:00:00,dry,1,23,24,0.04,Understocked
BLR013,2025-02-16 01:00:00,dry,0,24,24,0.0,Understocked
BLR013,2025-02-16 02:00:00,dry,1,23,24,0.04,Understocked
BLR013,2025-02-16 03:00:00,dry,2,22,24,0.08,Understocked
BLR013,2025-02-16 04:00:00,dry,3,21,24,0.12,OK
BLR013,2025-02-16 05:00:00,dry,4,20,24,0.17,OK
BLR013,2025-02-16 06:00:00,dry,3,21,24,0.12,OK
BLR013,2025-02-16 07:00:00,dry,4,20,24,0.17,OK
BLR013,2025-02-16 08:00:00,dry,4,20,24,0.17,OK
BLR013,2025-02-16 09:00:00,dry,4,20,24,0.17,OK
BLR013,2025-02-16 10:00:00,dry,5,19,24,0.21,OK
BLR013,2025-02-16 11:00:00,dry,4,20,24,0.17,OK
BLR013,2025-02-16 12:00:00,dry,5,19,24,0.21,OK
BLR013,2025-02-16 13:00:00,dry,6,18,24,0.25,OK
BLR013,2025-02-16 14:00:00,dry,6,18,24,0.25,OK
BLR013,2025-02-16 15:00:00,dry,5,19,24,0.21,OK
BLR013,2025-02-16 16:00:00,dry,4,20,24,0.17,OK
BLR013,2025-02-16 17:00:00,dry,3,21,24,0.12,OK
BLR013,2025-02-16 18:00:00,dry,3,21,24,0.12,OK
BLR013,2025-02-16 19:00:00,dry,3,21,24,0.12,OK
BLR013,2025-02-16 20:00:00,dry,1,23,24,0.04,Understocked
BLR013,2025-02-16 21:00:00,dry,0,24,24,0.0,Understocked
BLR013,2025-02-16 22:00:00,dry,1,23,24,0.04,Understocked
BLR013,2025-02-16 23:00:00,dry,1,23,24,0.04,Understocked
BLR014,2025-02-10 00:00:00,dry,5,7,12,0.42,OK
BLR014,2025-02-10 01:00:00,dry,6,6,12,0.5,OK
BLR014,2025-02-10 02:00:00,dry,6,6,12,0.5,OK
BLR014,2025-02-10 03:00:00,dry,7,5,12,0.58,OK
BLR014,2025-02-10 04:00:00,dry,7,5,12,0.58,OK
BLR014,2025-02-10 05:00:00,dry,8,4,12,0.67,OK
BLR014,2025-02-10 06:00:00,dry,7,5,12,0.58,OK
BLR014,2025-02-10 07:00:00,dry,7,5,12,0.58,OK
BLR014,2025-02-10 08:00:00,dry,7,5,12,0.58,OK
BLR014,2025-02-10 09:00:00,dry,8,4,12,0.67,OK
BLR014,2025-02-10 10:00:00,dry,9,3,12,0.75,OK
BLR014,2025-02-10 11:00:00,dry,10,2,12,0.83,OK
BLR014,2025-02-10 12:00:00,dry,11,1,12,0.92,Overstocked
BLR014,2025-02-10 13:00:00,dry,11,1,12,0.92,Overstocked
BLR014,2025-02-10 14:00:00,dry,10,2,12,0.83,OK
BLR014,2025-02-10 15:00:00,dry,9,3,12,0.75,OK
BLR014,2025-02-10 16:00:00,dry,9,3,12,0.75,OK
BLR014,2025-02-10 17:00:00,dry,8,4,12,0.67,OK
BLR014,2025-02-10 18:00:00,dry,7,5,12,0.58,OK
BLR014,2025-02-10 19:00:00,dry,5,7,12,0.42,OK
BLR014,2025-02-10 20:00:00,dry,4,8,12,0.33,OK
BLR014,2025-02-10 21:00:00,dry,5,7,12,0.42,OK
BLR014,2025-02-10 22:00:00,dry,6,6,12,0.5,OK
BLR014,2025-02-10 23:00:00,dry,6,6,12,0.5,OK
BLR014,2025-02-11 00:00:00,dry,7,5,12,0.58,OK
BLR014,2025-02-11 01:00:00,dry,6,6,12,0.5,OK
BLR014,2025-02-11 02:00:00,dry,7,5,12,0.58,OK
BLR014,2025-02-11 03:00:00,dry,7,5,12,0.58,OK
BLR014,2025-02-11 04:00:00,dry,6,6,12,0.5,OK
BLR014,2025-02-11 05:00:00,dry,7,5,12,0.58,OK
BLR014,2025-02-11 06:00:00,dry,7,5,12,0.58,OK
BLR014,2025-02-11 07:00:00,dry,8,4,12,0.67,OK
BLR014,2025-02-11 08:00:00,dry,8,4,12,0.67,OK
BLR014,2025-02-11 09:00:00,dry,12,0,12,1.0,Overstocked
BLR014,2025-02-11 10:00:00,dry,12,0,12,1.0,Overstocked
BLR014,2025-02-11 11:00:00,dry,11,1,12,0.92,Overstocked
BLR014,2025-02-11 12:00:00,dry,10,2,12,0.83,OK
BLR014,2025-02-11 13:00:00,dry,9,3,12,0.75,OK
BLR014,2025-02-11 14:00:00,dry,10,2,12,0.83,OK
BLR014,2025-02-11 15:00:00,dry,10,2,12,0.83,OK
BLR014,2025-02-11 16:00:00,dry,11,1,12,0.92,Overstocked
BLR014,2025-02-11 17:00:00,dry,10,2,12,0.83,OK
BLR014,2025-02-11 18:00:00,dry,8,4,12,0.67,OK
BLR014,2025-02-11 19:00:00,dry,8,4,12,0.67,OK
BLR014,2025-02-11 20:00:00,dry,7,5,12,0.58,OK
BLR014,2025-02-11 21:00:00,dry,6,6,12,0.5,OK
BLR014,2025-02-11 22:00:00,dry,5,7,12,0.42,OK
BLR014,2025-02-11 23:00:00,dry,4,8,12,0.33,OK
BLR014,2025-02-12 00:00:00,dry,3,9,12,0.25,OK
BLR014,2025-02-12 01:00:00,dry,3,9,12,0.25,OK
BLR014,2025-02-12 02:00:00,dry,2,10,12,0.17,OK
BLR014,2025-02-12 03:00:00,dry,3,9,12,0.25,OK
BLR014,2025-02-12 04:00:00,dry,4,8,12,0.33,OK
BLR014,2025-02-12 05:00:00,dry,3,9,12,0.25,OK
BLR014,2025-02-12 06:00:00,dry,2,10,12,0.17,OK
BLR014,2025-02-12 07:00:00,dry,2,10,12,0.17,OK
BLR014,2025-02-12 08:00:00,dry,3,9,12,0.25,OK
BLR014,2025-02-12 09:00:00,dry,5,7,12,0.42,OK
BLR014,2025-02-12 10:00:00,dry,6,6,12,0.5,OK
BLR014,2025-02-12 11:00:00,dry,7,5,12,0.58,OK
BLR014,2025-02-12 12:00:00,dry,8,4,12,0.67,OK
BLR014,2025-02-12 13:00:00,dry,7,5,12,0.58,OK
BLR014,2025-02-12 14:00:00,dry,7,5,12,0.58,OK
BLR014,2025-02-12 15:00:00,dry,7,5,12,0.58,OK
BLR014,2025-02-12 16:00:00,dry,8,4,12,0.67,OK
BLR014,2025-02-12 17:00:00,dry,6,6,12,0.5,OK
BLR014,2025-02-12 18:00:00,dry,3,9,12,0.25,OK
BLR014,2025-02-12 19:00:00,dry,1,11,12,0.08,Understocked
BLR014,2025-02-12 20:00:00,dry,0,12,12,0.0,Understocked
BLR014,2025-02-12 21:00:00,dry,1,11,12,0.08,Understocked
BLR014,2025-02-12 22:00:00,dry,0,12,12,0.0,Understocked
BLR014,2025-02-12 23:00:00,dry,0,12,12,0.0,Understocked
BLR014,2025-02-13 00:00:00,dry,0,12,12,0.0,Understocked
BLR014,2025-02-13 01:00:00,dry,1,11,12,0.08,Understocked
BLR014,2025-02-13 02:00:00,dry,2,10,12,0.17,OK
BLR014,2025-02-13 03:00:00,dry,3,9,12,0.25,OK
BLR014,2025-02-13 04:00:00,dry,3,9,12,0.25,OK
BLR014,2025-02-13 05:00:00,dry,2,10,12,0.17,OK
BLR014,2025-02-13 06:00:00,dry,2,10,12,0.17,OK
BLR014,2025-02-13 07:00:00,dry,4,8,12,0.33,OK
BLR014,2025-02-13 08:00:00,dry,5,7,12,0.42,OK
BLR014,2025-02-13 09:00:00,dry,5,7,12,0.42,OK
BLR014,2025-02-13 10:00:00,dry,7,5,12,0.58,OK
BLR014,2025-02-13 11:00:00,dry,6,6,12,0.5,OK
BLR014,2025-02-13 12:00:00,dry,5,7,12,0.42,OK
BLR014,2025-02-13 13:00:00,dry,5,7,12,0.42,OK
BLR014,2025-02-13 14:00:00,dry,4,8,12,0.33,OK
BLR014,2025-02-13 15:00:00,dry,4,8,12,0.33,OK
BLR014,2025-02-13 16:00:00,dry,3,9,12,0.25,OK
BLR014,2025-02-13 17:00:00,dry,1,11,12,0.08,Understocked
BLR014,2025-02-13 18:00:00,dry,0,12,12,0.0,Understocked
BLR014,2025-02-13 19:00:00,dry,0,12,12,0.0,Understocked
BLR014,2025-02-13 20:00:00,dry,0,12,12,0.0,Understocked
BLR014,2025-02-13 21:00:00,dry,1,11,12,0.08,Understocked
BLR014,2025-02-13 22:00:00,dry,1,11,12,0.08,Understocked
BLR014,2025-02-13 23:00:00,dry,1,11,12,0.08,Understocked
BLR014,2025-02-14 00:00:00,dry,2,10,12,0.17,OK
BLR014,2025-02-14 01:00:00,dry,1,11,12,0.08,Understocked
BLR014,2025-02-14 02:00:00,dry,0,12,12,0.0,Understocked
BLR014,2025-02-14 03:00:00,dry,0,12,12,0.0,Understocked
BLR014,2025-02-14 04:00:00,dry,0,12,12,0.0,Understocked
BLR014,2025-02-14 05:00:00,dry,1,11,12,0.08,Understocked
BLR014,2025-02-14 06:00:00,dry,2,10,12,0.17,OK
BLR014,2025-02-14 07:00:00,dry,2,10,12,0.17,OK
BLR014,2025-02-14 08:00:00,dry,2,10,12,0.17,OK
BLR014,2025-02-14 09:00:00,dry,2,10,12,0.17,OK
BLR014,2025-02-14 10:00:00,dry,4,8,12,0.33,OK
BLR014,2025-02-14 11:00:00,dry,4,8,12,0.33,OK
BLR014,2025-02-14 12:00:00,dry,4,8,12,0.33,OK
BLR014,2025-02-14 13:00:00,dry,3,9,12,0.25,OK
BLR014,2025-02-14 14:00:00,dry,3,9,12,0.25,OK
BLR014,2025-02-14 15:00:00,dry,2,10,12,0.17,OK
BLR014,2025-02-14 16:00:00,dry,2,10,12,0.17,OK
BLR014,2025-02-14 17:00:00,dry,2,10,12,0.17,OK
BLR014,2025-02-14 18:00:00,dry,0,12,12,0.0,Understocked
BLR014,2025-02-14 19:00:00,dry,0,12,12,0.0,Understocked
BLR014,2025-02-14 20:00:00,dry,0,12,12,0.0,Understocked
BLR014,2025-02-14 21:00:00,dry,1,11,12,0.08,Understocked
BLR014,2025-02-14 22:00:00,dry,1,11,12,0.08,Understocked
BLR014,2025-02-14 23:00:00,dry,0,12,12,0.0,Understocked
BLR014,2025-02-15 00:00:00,dry,1,11,12,0.08,Understocked
BLR014,2025-02-15 01:00:00,dry,2,10,12,0.17,OK
BLR014,2025-02-15 02:00:00,dry,2,10,12,0.17,OK
BLR014,2025-02-15 03:00:00,dry,2,10,12,0.17,OK
BLR014,2025-02-15 04:00:00,dry,2,10,12,0.17,OK
BLR014,2025-02-15 05:00:00,dry,1,11,12,0.08,Understocked
BLR014,2025-02-15 06:00:00,dry,2,10,12,0.17,OK
BLR014,2025-02-15 07:00:00,dry,2,10,12,0.17,OK
BLR014,2025-02-15 08:00:00,dry,2,10,12,0.17,OK
BLR014,2025-02-15 09:00:00,dry,2,10,12,0.17,OK
BLR014,2025-02-15 10:00:00,dry,4,8,12,0.33,OK
BLR014,2025-02-15 11:00:00,dry,3,9,12,0.25,OK
BLR014,2025-02-15 12:00:00,dry,3,9,12,0.25,OK
BLR014,2025-02-15 13:00:00,dry,4,8,12,0.33,OK
BLR014,2025-02-15 14:00:00,dry,5,7,12,0.42,OK
BLR014,2025-02-15 15:00:00,dry,4,8,12,0.33,OK
BLR014,2025-02-15 16:00:00,dry,5,7,12,0.42,OK
BLR014,2025-02-15 17:00:00,dry,3,9,12,0.25,OK
BLR014,2025-02-15 18:00:00,dry,0,12,12,0.0,Understocked
BLR014,2025-02-15 19:00:00,dry,0,12,12,0.0,Understocked
BLR014,2025-02-15 20:00:00,dry,0,12,12,0.0,Understocked
BLR014,2025-02-15 21:00:00,dry,0,12,12,0.0,Understocked
BLR014,2025-02-15 22:00:00,dry,1,11,12,0.08,Understocked
BLR014,2025-02-15 23:00:00,dry,0,12,12,0.0,Understocked
BLR014,2025-02-16 00:00:00,dry,0,12,12,0.0,Understocked
BLR014,2025-02-16 01:00:00,dry,0,12,12,0.0,Understocked
BLR014,2025-02-16 02:00:00,dry,1,11,12,0.08,Understocked
BLR014,2025-02-16 03:00:00,dry,0,12,12,0.0,Understocked
BLR014,2025-02-16 04:00:00,dry,0,12,12,0.0,Understocked
BLR014,2025-02-16 05:00:00,dry,0,12,12,0.0,Understocked
BLR014,2025-02-16 06:00:00,dry,0,12,12,0.0,Understocked
BLR014,2025-02-16 07:00:00,dry,0,12,12,0.0,Understocked
BLR014,2025-02-16 08:00:00,dry,0,12,12,0.0,Understocked
BLR014,2025-02-16 09:00:00,dry,0,12,12,0.0,Understocked
BLR014,2025-02-16 10:00:00,dry,3,9,12,0.25,OK
BLR014,2025-02-16 11:00:00,dry,3,9,12,0.25,OK
BLR014,2025-02-16 12:00:00,dry,3,9,12,0.25,OK
BLR014,2025-02-16 13:00:00,dry,3,9,12,0.25,OK
BLR014,2025-02-16 14:00:00,dry,2,10,12,0.17,OK
BLR014,2025-02-16 15:00:00,dry,2,10,12,0.17,OK
BLR014,2025-02-16 16:00:00,dry,2,10,12,0.17,OK
BLR014,2025-02-16 17:00:00,dry,0,12,12,0.0,Understocked
BLR014,2025-02-16 18:00:00,dry,0,12,12,0.0,Understocked
BLR014,2025-02-16 19:00:00,dry,0,12,12,0.0,Understocked
BLR014,2025-02-16 20:00:00,dry,0,12,12,0.0,Understocked
BLR014,2025-02-16 21:00:00,dry,0,12,12,0.0,Understocked
BLR014,2025-02-16 22:00:00,dry,1,11,12,0.08,Understocked
BLR014,2025-02-16 23:00:00,dry,0,12,12,0.0,Understocked
BLR015,2025-02-10 00:00:00,dry,11,9,20,0.55,OK
BLR015,2025-02-10 01:00:00,dry,10,10,20,0.5,OK
BLR015,2025-02-10 02:00:00,dry,10,10,20,0.5,OK
BLR015,2025-02-10 03:00:00,dry,9,11,20,0.45,OK
BLR015,2025-02-10 04:00:00,dry,10,10,20,0.5,OK
BLR015,2025-02-10 05:00:00,dry,9,11,20,0.45,OK
BLR015,2025-02-10 06:00:00,dry,8,12,20,0.4,OK
BLR015,2025-02-10 07:00:00,dry,8,12,20,0.4,OK
BLR015,2025-02-10 08:00:00,dry,9,11,20,0.45,OK
BLR015,2025-02-10 09:00:00,dry,9,11,20,0.45,OK
BLR015,2025-02-10 10:00:00,dry,9,11,20,0.45,OK
BLR015,2025-02-10 11:00:00,dry,8,12,20,0.4,OK
BLR015,2025-02-10 12:00:00,dry,8,12,20,0.4,OK
BLR015,2025-02-10 13:00:00,dry,9,11,20,0.45,OK
BLR015,2025-02-10 14:00:00,dry,8,12,20,0.4,OK
BLR015,2025-02-10 15:00:00,dry,9,11,20,0.45,OK
BLR015,2025-02-10 16:00:00,dry,10,10,20,0.5,OK
BLR015,2025-02-10 17:00:00,dry,10,10,20,0.5,OK
BLR015,2025-02-10 18:00:00,dry,9,11,20,0.45,OK
BLR015,2025-02-10 19:00:00,dry,7,13,20,0.35,OK
BLR015,2025-02-10 20:00:00,dry,6,14,20,0.3,OK
BLR015,2025-02-10 21:00:00,dry,7,13,20,0.35,OK
BLR015,2025-02-10 22:00:00,dry,6,14,20,0.3,OK
BLR015,2025-02-10 23:00:00,dry,6,14,20,0.3,OK
BLR015,2025-02-11 00:00:00,dry,6,14,20,0.3,OK
BLR015,2025-02-11 01:00:00,dry,6,14,20,0.3,OK
BLR015,2025-02-11 02:00:00,dry,7,13,20,0.35,OK
BLR015,2025-02-11 03:00:00,dry,8,12,20,0.4,OK
BLR015,2025-02-11 04:00:00,dry,7,13,20,0.35,OK
BLR015,2025-02-11 05:00:00,dry,8,12,20,0.4,OK
BLR015,2025-02-11 06:00:00,dry,7,13,20,0.35,OK
BLR015,2025-02-11 07:00:00,dry,8,12,20,0.4,OK
BLR015,2025-02-11 08:00:00,dry,9,11,20,0.45,OK
BLR015,2025-02-11 09:00:00,dry,9,11,20,0.45,OK
BLR015,2025-02-11 10:00:00,dry,10,10,20,0.5,OK
BLR015,2025-02-11 11:00:00,dry,10,10,20,0.5,OK
BLR015,2025-02-11 12:00:00,dry,11,9,20,0.55,OK
BLR015,2025-02-11 13:00:00,dry,10,10,20,0.5,OK
BLR015,2025-02-11 14:00:00,dry,9,11,20,0.45,OK
BLR015,2025-02-11 15:00:00,dry,8,12,20,0.4,OK
BLR015,2025-02-11 16:00:00,dry,8,12,20,0.4,OK
BLR015,2025-02-11 17:00:00,dry,8,12,20,0.4,OK
BLR015,2025-02-11 18:00:00,dry,7,13,20,0.35,OK
BLR015,2025-02-11 19:00:00,dry,6,14,20,0.3,OK
BLR015,2025-02-11 20:00:00,dry,5,15,20,0.25,OK
BLR015,2025-02-11 21:00:00,dry,5,15,20,0.25,OK
BLR015,2025-02-11 22:00:00,dry,6,14,20,0.3,OK
BLR015,2025-02-11 23:00:00,dry,7,13,20,0.35,OK
BLR015,2025-02-12 00:00:00,dry,7,13,20,0.35,OK
BLR015,2025-02-12 01:00:00,dry,8,12,20,0.4,OK
BLR015,2025-02-12 02:00:00,dry,7,13,20,0.35,OK
BLR015,2025-02-12 03:00:00,dry,6,14,20,0.3,OK
BLR015,2025-02-12 04:00:00,dry,7,13,20,0.35,OK
BLR015,2025-02-12 05:00:00,dry,8,12,20,0.4,OK
BLR015,2025-02-12 06:00:00,dry,8,12,20,0.4,OK
BLR015,2025-02-12 07:00:00,dry,8,12,20,0.4,OK
BLR015,2025-02-12 08:00:00,dry,8,12,20,0.4,OK
BLR015,2025-02-12 09:00:00,dry,8,12,20,0.4,OK
BLR015,2025-02-12 10:00:00,dry,10,10,20,0.5,OK
BLR015,2025-02-12 11:00:00,dry,10,10,20,0.5,OK
BLR015,2025-02-12 12:00:00,dry,10,10,20,0.5,OK
BLR015,2025-02-12 13:00:00,dry,10,10,20,0.5,OK
BLR015,2025-02-12 14:00:00,dry,10,10,20,0.5,OK
BLR015,2025-02-12 15:00:00,dry,9,11,20,0.45,OK
BLR015,2025-02-12 16:00:00,dry,10,10,20,0.5,OK
BLR015,2025-02-12 17:00:00,dry,8,12,20,0.4,OK
BLR015,2025-02-12 18:00:00,dry,6,14,20,0.3,OK
BLR015,2025-02-12 19:00:00,dry,4,16,20,0.2,OK
BLR015,2025-02-12 20:00:00,dry,3,17,20,0.15,OK
BLR015,2025-02-12 21:00:00,dry,2,18,20,0.1,Understocked
BLR015,2025-02-12 22:00:00,dry,2,18,20,0.1,Understocked
BLR015,2025-02-12 23:00:00,dry,2,18,20,0.1,Understocked
BLR015,2025-02-13 00:00:00,dry,1,19,20,0.05,Understocked
BLR015,2025-02-13 01:00:00,dry,1,19,20,0.05,Understocked
BLR015,2025-02-13 02:00:00,dry,2,18,20,0.1,Understocked
BLR015,2025-02-13 03:00:00,dry,1,19,20,0.05,Understocked
BLR015,2025-02-13 04:00:00,dry,0,20,20,0.0,Understocked
BLR015,2025-02-13 05:00:00,dry,1,19,20,0.05,Understocked
BLR015,2025-02-13 06:00:00,dry,0,20,20,0.0,Understocked
BLR015,2025-02-13 07:00:00,dry,1,19,20,0.05,Understocked
BLR015,2025-02-13 08:00:00,dry,2,18,20,0.1,Understocked
BLR015,2025-02-13 09:00:00,dry,3,17,20,0.15,OK
BLR015,2025-02-13 10:00:00,dry,3,17,20,0.15,OK
BLR015,2025-02-13 11:00:00,dry,2,18,20,0.1,Understocked
BLR015,2025-02-13 12:00:00,dry,3,17,20,0.15,OK
BLR015,2025-02-13 13:00:00,dry,2,18,20,0.1,Understocked
BLR015,2025-02-13 14:00:00,dry,3,17,20,0.15,OK
BLR015,2025-02-13 15:00:00,dry,4,16,20,0.2,OK
BLR015,2025-02-13 16:00:00,dry,3,17,20,0.15,OK
BLR015,2025-02-13 17:00:00,dry,3,17,20,0.15,OK
BLR015,2025-02-13 18:00:00,dry,0,20,20,0.0,Understocked
BLR015,2025-02-13 19:00:00,dry,0,20,20,0.0,Understocked
BLR015,2025-02-13 20:00:00,dry,0,20,20,0.0,Understocked
BLR015,2025-02-13 21:00:00,dry,0,20,20,0.0,Understocked
BLR015,2025-02-13 22:00:00,dry,0,20,20,0.0,Understocked
BLR015,2025-02-13 23:00:00,dry,1,19,20,0.05,Understocked
BLR015,2025-02-14 00:00:00,dry,1,19,20,0.05,Understocked
BLR015,2025-02-14 01:00:00,dry,1,19,20,0.05,Understocked
BLR015,2025-02-14 02:00:00,dry,0,20,20,0.0,Understocked
BLR015,2025-02-14 03:00:00,dry,1,19,20,0.05,Understocked
BLR015,2025-02-14 04:00:00,dry,2,18,20,0.1,Understocked
BLR015,2025-02-14 05:00:00,dry,3,17,20,0.15,OK
BLR015,2025-02-14 06:00:00,dry,4,16,20,0.2,OK
BLR015,2025-02-14 07:00:00,dry,5,15,20,0.25,OK
BLR015,2025-02-14 08:00:00,dry,6,14,20,0.3,OK
BLR015,2025-02-14 09:00:00,dry,7,13,20,0.35,OK
BLR015,2025-02-14 10:00:00,dry,7,13,20,0.35,OK
BLR015,2025-02-14 11:00:00,dry,6,14,20,0.3,OK
BLR015,2025-02-14 12:00:00,dry,5,15,20,0.25,OK
BLR015,2025-02-14 13:00:00,dry,4,16,20,0.2,OK
BLR015,2025-02-14 14:00:00,dry,3,17,20,0.15,OK
BLR015,2025-02-14 15:00:00,dry,4,16,20,0.2,OK
BLR015,2025-02-14 16:00:00,dry,3,17,20,0.15,OK
BLR015,2025-02-14 17:00:00,dry,2,18,20,0.1,Understocked
BLR015,2025-02-14 18:00:00,dry,2,18,20,0.1,Understocked
BLR015,2025-02-14 19:00:00,dry,0,20,20,0.0,Understocked
BLR015,2025-02-14 20:00:00,dry,0,20,20,0.0,Understocked
BLR015,2025-02-14 21:00:00,dry,0,20,20,0.0,Understocked
BLR015,2025-02-14 22:00:00,dry,0,20,20,0.0,Understocked
BLR015,2025-02-14 23:00:00,dry,0,20,20,0.0,Understocked
BLR015,2025-02-15 00:00:00,dry,0,20,20,0.0,Understocked
BLR015,2025-02-15 01:00:00,dry,0,20,20,0.0,Understocked
BLR015,2025-02-15 02:00:00,dry,1,19,20,0.05,Understocked
BLR015,2025-02-15 03:00:00,dry,2,18,20,0.1,Understocked
BLR015,2025-02-15 04:00:00,dry,3,17,20,0.15,OK
BLR015,2025-02-15 05:00:00,dry,4,16,20,0.2,OK
BLR015,2025-02-15 06:00:00,dry,5,15,20,0.25,OK
BLR015,2025-02-15 07:00:00,dry,6,14,20,0.3,OK
BLR015,2025-02-15 08:00:00,dry,7,13,20,0.35,OK
BLR015,2025-02-15 09:00:00,dry,7,13,20,0.35,OK
BLR015,2025-02-15 10:00:00,dry,9,11,20,0.45,OK
BLR015,2025-02-15 11:00:00,dry,9,11,20,0.45,OK
BLR015,2025-02-15 12:00:00,dry,9,11,20,0.45,OK
BLR015,2025-02-15 13:00:00,dry,8,12,20,0.4,OK
BLR015,2025-02-15 14:00:00,dry,8,12,20,0.4,OK
BLR015,2025-02-15 15:00:00,dry,7,13,20,0.35,OK
BLR015,2025-02-15 16:00:00,dry,6,14,20,0.3,OK
BLR015,2025-02-15 17:00:00,dry,6,14,20,0.3,OK
BLR015,2025-02-15 18:00:00,dry,5,15,20,0.25,OK
BLR015,2025-02-15 19:00:00,dry,5,15,20,0.25,OK
BLR015,2025-02-15 20:00:00,dry,5,15,20,0.25,OK
BLR015,2025-02-15 21:00:00,dry,6,14,20,0.3,OK
BLR015,2025-02-15 22:00:00,dry,5,15,20,0.25,OK
BLR015,2025-02-15 23:00:00,dry,5,15,20,0.25,OK
BLR015,2025-02-16 00:00:00,dry,4,16,20,0.2,OK
BLR015,2025-02-16 01:00:00,dry,5,15,20,0.25,OK
BLR015,2025-02-16 02:00:00,dry,5,15,20,0.25,OK
BLR015,2025-02-16 03:00:00,dry,4,16,20,0.2,OK
BLR015,2025-02-16 04:00:00,dry,4,16,20,0.2,OK
BLR015,2025-02-16 05:00:00,dry,3,17,20,0.15,OK
BLR015,2025-02-16 06:00:00,dry,3,17,20,0.15,OK
BLR015,2025-02-16 07:00:00,dry,3,17,20,0.15,OK
BLR015,2025-02-16 08:00:00,dry,4,16,20,0.2,OK
BLR015,2025-02-16 09:00:00,dry,4,16,20,0.2,OK
BLR015,2025-02-16 10:00:00,dry,4,16,20,0.2,OK
BLR015,2025-02-16 11:00:00,dry,5,15,20,0.25,OK
BLR015,2025-02-16 12:00:00,dry,6,14,20,0.3,OK
BLR015,2025-02-16 13:00:00,dry,5,15,20,0.25,OK
BLR015,2025-02-16 14:00:00,dry,6,14,20,0.3,OK
BLR015,2025-02-16 15:00:00,dry,6,14,20,0.3,OK
BLR015,2025-02-16 16:00:00,dry,7,13,20,0.35,OK
BLR015,2025-02-16 17:00:00,dry,6,14,20,0.3,OK
BLR015,2025-02-16 18:00:00,dry,4,16,20,0.2,OK
BLR015,2025-02-16 19:00:00,dry,1,19,20,0.05,Understocked
BLR015,2025-02-16 20:00:00,dry,0,20,20,0.0,Understocked
BLR015,2025-02-16 21:00:00,dry,0,20,20,0.0,Understocked
BLR015,2025-02-16 22:00:00,dry,1,19,20,0.05,Understocked
BLR015,2025-02-16 23:00:00,dry,2,18,20,0.1,Understocked
BLR016,2025-02-10 00:00:00,dry,18,12,30,0.6,OK
BLR016,2025-02-10 01:00:00,dry,17,13,30,0.57,OK
BLR016,2025-02-10 02:00:00,dry,17,13,30,0.57,OK
BLR016,2025-02-10 03:00:00,dry,17,13,30,0.57,OK
BLR016,2025-02-10 04:00:00,dry,18,12,30,0.6,OK
BLR016,2025-02-10 05:00:00,dry,17,13,30,0.57,OK
BLR016,2025-02-10 06:00:00,dry,18,12,30,0.6,OK
BLR016,2025-02-10 07:00:00,dry,16,14,30,0.53,OK
BLR016,2025-02-10 08:00:00,dry,12,18,30,0.4,OK
BLR016,2025-02-10 09:00:00,dry,9,21,30,0.3,OK
BLR016,2025-02-10 10:00:00,dry,6,24,30,0.2,OK
BLR016,2025-02-10 11:00:00,dry,5,25,30,0.17,OK
BLR016,2025-02-10 12:00:00,dry,5,25,30,0.17,OK
BLR016,2025-02-10 13:00:00,dry,5,25,30,0.17,OK
BLR016,2025-02-10 14:00:00,dry,6,24,30,0.2,OK
BLR016,2025-02-10 15:00:00,dry,6,24,30,0.2,OK
BLR016,2025-02-10 16:00:00,dry,6,24,30,0.2,OK
BLR016,2025-02-10 17:00:00,dry,6,24,30,0.2,OK
BLR016,2025-02-10 18:00:00,dry,7,23,30,0.23,OK
BLR016,2025-02-10 19:00:00,dry,9,21,30,0.3,OK
BLR016,2025-02-10 20:00:00,dry,10,20,30,0.33,OK
BLR016,2025-02-10 21:00:00,dry,11,19,30,0.37,OK
BLR016,2025-02-10 22:00:00,dry,10,20,30,0.33,OK
BLR016,2025-02-10 23:00:00,dry,10,20,30,0.33,OK
BLR016,2025-02-11 00:00:00,dry,10,20,30,0.33,OK
BLR016,2025-02-11 01:00:00,dry,10,20,30,0.33,OK
BLR016,2025-02-11 02:00:00,dry,11,19,30,0.37,OK
BLR016,2025-02-11 03:00:00,dry,11,19,30,0.37,OK
BLR016,2025-02-11 04:00:00,dry,10,20,30,0.33,OK
BLR016,2025-02-11 05:00:00,dry,10,20,30,0.33,OK
BLR016,2025-02-11 06:00:00,dry,10,20,30,0.33,OK
BLR016,2025-02-11 07:00:00,dry,8,22,30,0.27,OK
BLR016,2025-02-11 08:00:00,dry,6,24,30,0.2,OK
BLR016,2025-02-11 09:00:00,dry,2,28,30,0.07,Understocked
BLR016,2025-02-11 10:00:00,dry,2,28,30,0.07,Understocked
BLR016,2025-02-11 11:00:00,dry,2,28,30,0.07,Understocked
BLR016,2025-02-11 12:00:00,dry,2,28,30,0.07,Understocked
BLR016,2025-02-11 13:00:00,dry,2,28,30,0.07,Understocked
BLR016,2025-02-11 14:00:00,dry,3,27,30,0.1,Understocked
BLR016,2025-02-11 15:00:00,dry,2,28,30,0.07,Understocked
BLR016,2025-02-11 16:00:00,dry,3,27,30,0.1,Understocked
BLR016,2025-02-11 17:00:00,dry,3,27,30,0.1,Understocked
BLR016,2025-02-11 18:00:00,dry,5,25,30,0.17,OK
BLR016,2025-02-11 19:00:00,dry,5,25,30,0.17,OK
BLR016,2025-02-11 20:00:00,dry,8,22,30,0.27,OK
BLR016,2025-02-11 21:00:00,dry,8,22,30,0.27,OK
BLR016,2025-02-11 22:00:00,dry,7,23,30,0.23,OK
BLR016,2025-02-11 23:00:00,dry,8,22,30,0.27,OK
BLR016,2025-02-12 00:00:00,dry,7,23,30,0.23,OK
BLR016,2025-02-12 01:00:00,dry,8,22,30,0.27,OK
BLR016,2025-02-12 02:00:00,dry,7,23,30,0.23,OK
BLR016,2025-02-12 03:00:00,dry,6,24,30,0.2,OK
BLR016,2025-02-12 04:00:00,dry,5,25,30,0.17,OK
BLR016,2025-02-12 05:00:00,dry,6,24,30,0.2,OK
BLR016,2025-02-12 06:00:00,dry,6,24,30,0.2,OK
BLR016,2025-02-12 07:00:00,dry,6,24,30,0.2,OK
BLR016,2025-02-12 08:00:00,dry,4,26,30,0.13,OK
BLR016,2025-02-12 09:00:00,dry,1,29,30,0.03,Understocked
BLR016,2025-02-12 10:00:00,dry,0,30,30,0.0,Understocked
BLR016,2025-02-12 11:00:00,dry,0,30,30,0.0,Understocked
BLR016,2025-02-12 12:00:00,dry,1,29,30,0.03,Understocked
BLR016,2025-02-12 13:00:00,dry,0,30,30,0.0,Understocked
BLR016,2025-02-12 14:00:00,dry,0,30,30,0.0,Understocked
BLR016,2025-02-12 15:00:00,dry,0,30,30,0.0,Understocked
BLR016,2025-02-12 16:00:00,dry,0,30,30,0.0,Understocked
BLR016,2025-02-12 17:00:00,dry,1,29,30,0.03,Understocked
BLR016,2025-02-12 18:00:00,dry,4,26,30,0.13,OK
BLR016,2025-02-12 19:00:00,dry,4,26,30,0.13,OK
BLR016,2025-02-12 20:00:00,dry,5,25,30,0.17,OK
BLR016,2025-02-12 21:00:00,dry,5,25,30,0.17,OK
BLR016,2025-02-12 22:00:00,dry,5,25,30,0.17,OK
BLR016,2025-02-12 23:00:00,dry,5,25,30,0.17,OK
BLR016,2025-02-13 00:00:00,dry,6,24,30,0.2,OK
BLR016,2025-02-13 01:00:00,dry,6,24,30,0.2,OK
BLR016,2025-02-13 02:00:00,dry,6,24,30,0.2,OK
BLR016,2025-02-13 03:00:00,dry,7,23,30,0.23,OK
BLR016,2025-02-13 04:00:00,dry,6,24,30,0.2,OK
BLR016,2025-02-13 05:00:00,dry,5,25,30,0.17,OK
BLR016,2025-02-13 06:00:00,dry,6,24,30,0.2,OK
BLR016,2025-02-13 07:00:00,dry,5,25,30,0.17,OK
BLR016,2025-02-13 08:00:00,dry,1,29,30,0.03,Understocked
BLR016,2025-02-13 09:00:00,dry,0,30,30,0.0,Understocked
BLR016,2025-02-13 10:00:00,dry,0,30,30,0.0,Understocked
BLR016,2025-02-13 11:00:00,dry,1,29,30,0.03,Understocked
BLR016,2025-02-13 12:00:00,dry,0,30,30,0.0,Understocked
BLR016,2025-02-13 13:00:00,dry,1,29,30,0.03,Understocked
BLR016,2025-02-13 14:00:00,dry,0,30,30,0.0,Understocked
BLR016,2025-02-13 15:00:00,dry,1,29,30,0.03,Understocked
BLR016,2025-02-13 16:00:00,dry,2,28,30,0.07,Understocked
BLR016,2025-02-13 17:00:00,dry,3,27,30,0.1,Understocked
BLR016,2025-02-13 18:00:00,dry,5,25,30,0.17,OK
BLR016,2025-02-13 19:00:00,dry,8,22,30,0.27,OK
BLR016,2025-02-13 20:00:00,dry,8,22,30,0.27,OK
BLR016,2025-02-13 21:00:00,dry,7,23,30,0.23,OK
BLR016,2025-02-13 22:00:00,dry,7,23,30,0.23,OK
BLR016,2025-02-13 23:00:00,dry,6,24,30,0.2,OK
BLR016,2025-02-14 00:00:00,dry,6,24,30,0.2,OK
BLR016,2025-02-14 01:00:00,dry,5,25,30,0.17,OK
BLR016,2025-02-14 02:00:00,dry,4,26,30,0.13,OK
BLR016,2025-02-14 03:00:00,dry,3,27,30,0.1,Understocked
BLR016,2025-02-14 04:00:00,dry,3,27,30,0.1,Understocked
BLR016,2025-02-14 05:00:00,dry,2,28,30,0.07,Understocked
BLR016,2025-02-14 06:00:00,dry,3,27,30,0.1,Understocked
BLR016,2025-02-14 07:00:00,dry,2,28,30,0.07,Understocked
BLR016,2025-02-14 08:00:00,dry,0,30,30,0.0,Understocked
BLR016,2025-02-14 09:00:00,dry,0,30,30,0.0,Understocked
BLR016,2025-02-14 10:00:00,dry,0,30,30,0.0,Understocked
BLR016,2025-02-14 11:00:00,dry,1,29,30,0.03,Understocked
BLR016,2025-02-14 12:00:00,dry,2,28,30,0.07,Understocked
BLR016,2025-02-14 13:00:00,dry,1,29,30,0.03,Understocked
BLR016,2025-02-14 14:00:00,dry,1,29,30,0.03,Understocked
BLR016,2025-02-14 15:00:00,dry,0,30,30,0.0,Understocked
BLR016,2025-02-14 16:00:00,dry,0,30,30,0.0,Understocked
BLR016,2025-02-14 17:00:00,dry,1,29,30,0.03,Understocked
BLR016,2025-02-14 18:00:00,dry,2,28,30,0.07,Understocked
BLR016,2025-02-14 19:00:00,dry,2,28,30,0.07,Understocked
BLR016,2025-02-14 20:00:00,dry,3,27,30,0.1,Understocked
BLR016,2025-02-14 21:00:00,dry,3,27,30,0.1,Understocked
BLR016,2025-02-14 22:00:00,dry,2,28,30,0.07,Understocked
BLR016,2025-02-14 23:00:00,dry,2,28,30,0.07,Understocked
BLR016,2025-02-15 00:00:00,dry,1,29,30,0.03,Understocked
BLR016,2025-02-15 01:00:00,dry,0,30,30,0.0,Understocked
BLR016,2025-02-15 02:00:00,dry,1,29,30,0.03,Understocked
BLR016,2025-02-15 03:00:00,dry,2,28,30,0.07,Understocked
BLR016,2025-02-15 04:00:00,dry,1,29,30,0.03,Understocked
BLR016,2025-02-15 05:00:00,dry,0,30,30,0.0,Understocked
BLR016,2025-02-15 06:00:00,dry,0,30,30,0.0,Understocked
BLR016,2025-02-15 07:00:00,dry,0,30,30,0.0,Understocked
BLR016,2025-02-15 08:00:00,dry,0,30,30,0.0,Understocked
BLR016,2025-02-15 09:00:00,dry,0,30,30,0.0,Understocked
BLR016,2025-02-15 10:00:00,dry,0,30,30,0.0,Understocked
BLR016,2025-02-15 11:00:00,dry,0,30,30,0.0,Understocked
BLR016,2025-02-15 12:00:00,dry,0,30,30,0.0,Understocked
BLR016,2025-02-15 13:00:00,dry,1,29,30,0.03,Understocked
BLR016,2025-02-15 14:00:00,dry,1,29,30,0.03,Understocked
BLR016,2025-02-15 15:00:00,dry,0,30,30,0.0,Understocked
BLR016,2025-02-15 16:00:00,dry,0,30,30,0.0,Understocked
BLR016,2025-02-15 17:00:00,dry,1,29,30,0.03,Understocked
BLR016,2025-02-15 18:00:00,dry,2,28,30,0.07,Understocked
BLR016,2025-02-15 19:00:00,dry,3,27,30,0.1,Understocked
BLR016,2025-02-15 20:00:00,dry,7,23,30,0.23,OK
BLR016,2025-02-15 21:00:00,dry,8,22,30,0.27,OK
BLR016,2025-02-15 22:00:00,dry,9,21,30,0.3,OK
BLR016,2025-02-15 23:00:00,dry,10,20,30,0.33,OK
BLR016,2025-02-16 00:00:00,dry,10,20,30,0.33,OK
BLR016,2025-02-16 01:00:00,dry,11,19,30,0.37,OK
BLR016,2025-02-16 02:00:00,dry,12,18,30,0.4,OK
BLR016,2025-02-16 03:00:00,dry,11,19,30,0.37,OK
BLR016,2025-02-16 04:00:00,dry,12,18,30,0.4,OK
BLR016,2025-02-16 05:00:00,dry,11,19,30,0.37,OK
BLR016,2025-02-16 06:00:00,dry,10,20,30,0.33,OK
BLR016,2025-02-16 07:00:00,dry,10,20,30,0.33,OK
BLR016,2025-02-16 08:00:00,dry,10,20,30,0.33,OK
BLR016,2025-02-16 09:00:00,dry,9,21,30,0.3,OK
BLR016,2025-02-16 10:00:00,dry,7,23,30,0.23,OK
BLR016,2025-02-16 11:00:00,dry,6,24,30,0.2,OK
BLR016,2025-02-16 12:00:00,dry,5,25,30,0.17,OK
BLR016,2025-02-16 13:00:00,dry,6,24,30,0.2,OK
BLR016,2025-02-16 14:00:00,dry,6,24,30,0.2,OK
BLR016,2025-02-16 15:00:00,dry,6,24,30,0.2,OK
BLR016,2025-02-16 16:00:00,dry,6,24,30,0.2,OK
BLR016,2025-02-16 17:00:00,dry,7,23,30,0.23,OK
BLR016,2025-02-16 18:00:00,dry,8,22,30,0.27,OK
BLR016,2025-02-16 19:00:00,dry,10,20,30,0.33,OK
BLR016,2025-02-16 20:00:00,dry,11,19,30,0.37,OK
BLR016,2025-02-16 21:00:00,dry,10,20,30,0.33,OK
BLR016,2025-02-16 22:00:00,dry,10,20,30,0.33,OK
BLR016,2025-02-16 23:00:00,dry,10,20,30,0.33,OK
BLR017,2025-02-10 00:00:00,dry,15,9,24,0.62,OK
BLR017,2025-02-10 01:00:00,dry,16,8,24,0.67,OK
BLR017,2025-02-10 02:00:00,dry,16,8,24,0.67,OK
BLR017,2025-02-10 03:00:00,dry,15,9,24,0.62,OK
BLR017,2025-02-10 04:00:00,dry,15,9,24,0.62,OK
BLR017,2025-02-10 05:00:00,dry,15,9,24,0.62,OK
BLR017,2025-02-10 06:00:00,dry,16,8,24,0.67,OK
BLR017,2025-02-10 07:00:00,dry,16,8,24,0.67,OK
BLR017,2025-02-10 08:00:00,dry,15,9,24,0.62,OK
BLR017,2025-02-10 09:00:00,dry,13,11,24,0.54,OK
BLR017,2025-02-10 10:00:00,dry,13,11,24,0.54,OK
BLR017,2025-02-10 11:00:00,dry,12,12,24,0.5,OK
BLR017,2025-02-10 12:00:00,dry,11,13,24,0.46,OK
BLR017,2025-02-10 13:00:00,dry,12,12,24,0.5,OK
BLR017,2025-02-10 14:00:00,dry,12,12,24,0.5,OK
BLR017,2025-02-10 15:00:00,dry,13,11,24,0.54,OK
BLR017,2025-02-10 16:00:00,dry,13,11,24,0.54,OK
BLR017,2025-02-10 17:00:00,dry,16,8,24,0.67,OK
BLR017,2025-02-10 18:00:00,dry,17,7,24,0.71,OK
BLR017,2025-02-10 19:00:00,dry,18,6,24,0.75,OK
BLR017,2025-02-10 20:00:00,dry,18,6,24,0.75,OK
BLR017,2025-02-10 21:00:00,dry,18,6,24,0.75,OK
BLR017,2025-02-10 22:00:00,dry,18,6,24,0.75,OK
BLR017,2025-02-10 23:00:00,dry,18,6,24,0.75,OK
BLR017,2025-02-11 00:00:00,dry,19,5,24,0.79,OK
BLR017,2025-02-11 01:00:00,dry,20,4,24,0.83,OK
BLR017,2025-02-11 02:00:00,dry,20,4,24,0.83,OK
BLR017,2025-02-11 03:00:00,dry,19,5,24,0.79,OK
BLR017,2025-02-11 04:00:00,dry,19,5,24,0.79,OK
BLR017,2025-02-11 05:00:00,dry,18,6,24,0.75,OK
BLR017,2025-02-11 06:00:00,dry,19,5,24,0.79,OK
BLR017,2025-02-11 07:00:00,dry,18,6,24,0.75,OK
BLR017,2025-02-11 08:00:00,dry,17,7,24,0.71,OK
BLR017,2025-02-11 09:00:00,dry,17,7,24,0.71,OK
BLR017,2025-02-11 10:00:00,dry,17,7,24,0.71,OK
BLR017,2025-02-11 11:00:00,dry,17,7,24,0.71,OK
BLR017,2025-02-11 12:00:00,dry,16,8,24,0.67,OK
BLR017,2025-02-11 13:00:00,dry,15,9,24,0.62,OK
BLR017,2025-02-11 14:00:00,dry,16,8,24,0.67,OK
BLR017,2025-02-11 15:00:00,dry,16,8,24,0.67,OK
BLR017,2025-02-11 16:00:00,dry,15,9,24,0.62,OK
BLR017,2025-02-11 17:00:00,dry,17,7,24,0.71,OK
BLR017,2025-02-11 18:00:00,dry,18,6,24,0.75,OK
BLR017,2025-02-11 19:00:00,dry,21,3,24,0.88,OK
BLR017,2025-02-11 20:00:00,dry,22,2,24,0.92,Overstocked
BLR017,2025-02-11 21:00:00,dry,21,3,24,0.88,OK
BLR017,2025-02-11 22:00:00,dry,21,3,24,0.88,OK
BLR017,2025-02-11 23:00:00,dry,22,2,24,0.92,Overstocked
BLR017,2025-02-12 00:00:00,dry,23,1,24,0.96,Overstocked
BLR017,2025-02-12 01:00:00,dry,24,0,24,1.0,Overstocked
BLR017,2025-02-12 02:00:00,dry,24,0,24,1.0,Overstocked
BLR017,2025-02-12 03:00:00,dry,23,1,24,0.96,Overstocked
BLR017,2025-02-12 04:00:00,dry,23,1,24,0.96,Overstocked
BLR017,2025-02-12 05:00:00,dry,24,0,24,1.0,Overstocked
BLR017,2025-02-12 06:00:00,dry,24,0,24,1.0,Overstocked
BLR017,2025-02-12 07:00:00,dry,23,1,24,0.96,Overstocked
BLR017,2025-02-12 08:00:00,dry,20,4,24,0.83,OK
BLR017,2025-02-12 09:00:00,dry,19,5,24,0.79,OK
BLR017,2025-02-12 10:00:00,dry,18,6,24,0.75,OK
BLR017,2025-02-12 11:00:00,dry,18,6,24,0.75,OK
BLR017,2025-02-12 12:00:00,dry,18,6,24,0.75,OK
BLR017,2025-02-12 13:00:00,dry,17,7,24,0.71,OK
BLR017,2025-02-12 14:00:00,dry,18,6,24,0.75,OK
BLR017,2025-02-12 15:00:00,dry,18,6,24,0.75,OK
BLR017,2025-02-12 16:00:00,dry,18,6,24,0.75,OK
BLR017,2025-02-12 17:00:00,dry,23,1,24,0.96,Overstocked
BLR017,2025-02-12 18:00:00,dry,24,0,24,1.0,Overstocked
BLR017,2025-02-12 19:00:00,dry,24,0,24,1.0,Overstocked
BLR017,2025-02-12 20:00:00,dry,24,0,24,1.0,Overstocked
BLR017,2025-02-12 21:00:00,dry,24,0,24,1.0,Overstocked
BLR017,2025-02-12 22:00:00,dry,23,1,24,0.96,Overstocked
BLR017,2025-02-12 23:00:00,dry,22,2,24,0.92,Overstocked
BLR017,2025-02-13 00:00:00,dry,22,2,24,0.92,Overstocked
BLR017,2025-02-13 01:00:00,dry,21,3,24,0.88,OK
BLR017,2025-02-13 02:00:00,dry,21,3,24,0.88,OK
BLR017,2025-02-13 03:00:00,dry,21,3,24,0.88,OK
BLR017,2025-02-13 04:00:00,dry,21,3,24,0.88,OK
BLR017,2025-02-13 05:00:00,dry,20,4,24,0.83,OK
BLR017,2025-02-13 06:00:00,dry,20,4,24,0.83,OK
BLR017,2025-02-13 07:00:00,dry,18,6,24,0.75,OK
BLR017,2025-02-13 08:00:00,dry,15,9,24,0.62,OK
BLR017,2025-02-13 09:00:00,dry,14,10,24,0.58,OK
BLR017,2025-02-13 10:00:00,dry,11,13,24,0.46,OK
BLR017,2025-02-13 11:00:00,dry,11,13,24,0.46,OK
BLR017,2025-02-13 12:00:00,dry,12,12,24,0.5,OK
BLR017,2025-02-13 13:00:00,dry,12,12,24,0.5,OK
BLR017,2025-02-13 14:00:00,dry,11,13,24,0.46,OK
BLR017,2025-02-13 15:00:00,dry,12,12,24,0.5,OK
BLR017,2025-02-13 16:00:00,dry,13,11,24,0.54,OK
BLR017,2025-02-13 17:00:00,dry,13,11,24,0.54,OK
BLR017,2025-02-13 18:00:00,dry,14,10,24,0.58,OK
BLR017,2025-02-13 19:00:00,dry,17,7,24,0.71,OK
BLR017,2025-02-13 20:00:00,dry,18,6,24,0.75,OK
BLR017,2025-02-13 21:00:00,dry,18,6,24,0.75,OK
BLR017,2025-02-13 22:00:00,dry,17,7,24,0.71,OK
BLR017,2025-02-13 23:00:00,dry,16,8,24,0.67,OK
BLR017,2025-02-14 00:00:00,dry,15,9,24,0.62,OK
BLR017,2025-02-14 01:00:00,dry,14,10,24,0.58,OK
BLR017,2025-02-14 02:00:00,dry,13,11,24,0.54,OK
BLR017,2025-02-14 03:00:00,dry,14,10,24,0.58,OK
BLR017,2025-02-14 04:00:00,dry,14,10,24,0.58,OK
BLR017,2025-02-14 05:00:00,dry,13,11,24,0.54,OK
BLR017,2025-02-14 06:00:00,dry,13,11,24,0.54,OK
BLR017,2025-02-14 07:00:00,dry,12,12,24,0.5,OK
BLR017,2025-02-14 08:00:00,dry,6,18,24,0.25,OK
BLR017,2025-02-14 09:00:00,dry,5,19,24,0.21,OK
BLR017,2025-02-14 10:00:00,dry,5,19,24,0.21,OK
BLR017,2025-02-14 11:00:00,dry,4,20,24,0.17,OK
BLR017,2025-02-14 12:00:00,dry,4,20,24,0.17,OK
BLR017,2025-02-14 13:00:00,dry,3,21,24,0.12,OK
BLR017,2025-02-14 14:00:00,dry,2,22,24,0.08,Understocked
BLR017,2025-02-14 15:00:00,dry,2,22,24,0.08,Understocked
BLR017,2025-02-14 16:00:00,dry,3,21,24,0.12,OK
BLR017,2025-02-14 17:00:00,dry,5,19,24,0.21,OK
BLR017,2025-02-14 18:00:00,dry,6,18,24,0.25,OK
BLR017,2025-02-14 19:00:00,dry,7,17,24,0.29,OK
BLR017,2025-02-14 20:00:00,dry,9,15,24,0.38,OK
BLR017,2025-02-14 21:00:00,dry,8,16,24,0.33,OK
BLR017,2025-02-14 22:00:00,dry,8,16,24,0.33,OK
BLR017,2025-02-14 23:00:00,dry,9,15,24,0.38,OK
BLR017,2025-02-15 00:00:00,dry,9,15,24,0.38,OK
BLR017,2025-02-15 01:00:00,dry,8,16,24,0.33,OK
BLR017,2025-02-15 02:00:00,dry,7,17,24,0.29,OK
BLR017,2025-02-15 03:00:00,dry,8,16,24,0.33,OK
BLR017,2025-02-15 04:00:00,dry,9,15,24,0.38,OK
BLR017,2025-02-15 05:00:00,dry,8,16,24,0.33,OK
BLR017,2025-02-15 06:00:00,dry,9,15,24,0.38,OK
BLR017,2025-02-15 07:00:00,dry,9,15,24,0.38,OK
BLR017,2025-02-15 08:00:00,dry,9,15,24,0.38,OK
BLR017,2025-02-15 09:00:00,dry,8,16,24,0.33,OK
BLR017,2025-02-15 10:00:00,dry,7,17,24,0.29,OK
BLR017,2025-02-15 11:00:00,dry,6,18,24,0.25,OK
BLR017,2025-02-15 12:00:00,dry,5,19,24,0.21,OK
BLR017,2025-02-15 13:00:00,dry,5,19,24,0.21,OK
BLR017,2025-02-15 14:00:00,dry,6,18,24,0.25,OK
BLR017,2025-02-15 15:00:00,dry,7,17,24,0.29,OK
BLR017,2025-02-15 16:00:00,dry,8,16,24,0.33,OK
BLR017,2025-02-15 17:00:00,dry,9,15,24,0.38,OK
BLR017,2025-02-15 18:00:00,dry,10,14,24,0.42,OK
BLR017,2025-02-15 19:00:00,dry,10,14,24,0.42,OK
BLR017,2025-02-15 20:00:00,dry,10,14,24,0.42,OK
BLR017,2025-02-15 21:00:00,dry,10,14,24,0.42,OK
BLR017,2025-02-15 22:00:00,dry,11,13,24,0.46,OK
BLR017,2025-02-15 23:00:00,dry,12,12,24,0.5,OK
BLR017,2025-02-16 00:00:00,dry,11,13,24,0.46,OK
BLR017,2025-02-16 01:00:00,dry,11,13,24,0.46,OK
BLR017,2025-02-16 02:00:00,dry,11,13,24,0.46,OK
BLR017,2025-02-16 03:00:00,dry,10,14,24,0.42,OK
BLR017,2025-02-16 04:00:00,dry,9,15,24,0.38,OK
BLR017,2025-02-16 05:00:00,dry,8,16,24,0.33,OK
BLR017,2025-02-16 06:00:00,dry,9,15,24,0.38,OK
BLR017,2025-02-16 07:00:00,dry,9,15,24,0.38,OK
BLR017,2025-02-16 08:00:00,dry,7,17,24,0.29,OK
BLR017,2025-02-16 09:00:00,dry,7,17,24,0.29,OK
BLR017,2025-02-16 10:00:00,dry,6,18,24,0.25,OK
BLR017,2025-02-16 11:00:00,dry,5,19,24,0.21,OK
BLR017,2025-02-16 12:00:00,dry,6,18,24,0.25,OK
BLR017,2025-02-16 13:00:00,dry,7,17,24,0.29,OK
BLR017,2025-02-16 14:00:00,dry,6,18,24,0.25,OK
BLR017,2025-02-16 15:00:00,dry,7,17,24,0.29,OK
BLR017,2025-02-16 16:00:00,dry,8,16,24,0.33,OK
BLR017,2025-02-16 17:00:00,dry,8,16,24,0.33,OK
BLR017,2025-02-16 18:00:00,dry,11,13,24,0.46,OK
BLR017,2025-02-16 19:00:00,dry,12,12,24,0.5,OK
BLR017,2025-02-16 20:00:00,dry,12,12,24,0.5,OK
BLR017,2025-02-16 21:00:00,dry,12,12,24,0.5,OK
BLR017,2025-02-16 22:00:00,dry,11,13,24,0.46,OK
BLR017,2025-02-16 23:00:00,dry,12,12,24,0.5,OK
BLR018,2025-02-10 00:00:00,dry,9,11,20,0.45,OK
BLR018,2025-02-10 01:00:00,dry,9,11,20,0.45,OK
BLR018,2025-02-10 02:00:00,dry,9,11,20,0.45,OK
BLR018,2025-02-10 03:00:00,dry,8,12,20,0.4,OK
BLR018,2025-02-10 04:00:00,dry,7,13,20,0.35,OK
BLR018,2025-02-10 05:00:00,dry,8,12,20,0.4,OK
BLR018,2025-02-10 06:00:00,dry,7,13,20,0.35,OK
BLR018,2025-02-10 07:00:00,dry,6,14,20,0.3,OK
BLR018,2025-02-10 08:00:00,dry,0,20,20,0.0,Understocked
BLR018,2025-02-10 09:00:00,dry,0,20,20,0.0,Understocked
BLR018,2025-02-10 10:00:00,dry,0,20,20,0.0,Understocked
BLR018,2025-02-10 11:00:00,dry,1,19,20,0.05,Understocked
BLR018,2025-02-10 12:00:00,dry,0,20,20,0.0,Understocked
BLR018,2025-02-10 13:00:00,dry,1,19,20,0.05,Understocked
BLR018,2025-02-10 14:00:00,dry,2,18,20,0.1,Understocked
BLR018,2025-02-10 15:00:00,dry,2,18,20,0.1,Understocked
BLR018,2025-02-10 16:00:00,dry,3,17,20,0.15,OK
BLR018,2025-02-10 17:00:00,dry,4,16,20,0.2,OK
BLR018,2025-02-10 18:00:00,dry,6,14,20,0.3,OK
BLR018,2025-02-10 19:00:00,dry,8,12,20,0.4,OK
BLR018,2025-02-10 20:00:00,dry,10,10,20,0.5,OK
BLR018,2025-02-10 21:00:00,dry,11,9,20,0.55,OK
BLR018,2025-02-10 22:00:00,dry,12,8,20,0.6,OK
BLR018,2025-02-10 23:00:00,dry,12,8,20,0.6,OK
BLR018,2025-02-11 00:00:00,dry,12,8,20,0.6,OK
BLR018,2025-02-11 01:00:00,dry,11,9,20,0.55,OK
BLR018,2025-02-11 02:00:00,dry,12,8,20,0.6,OK
BLR018,2025-02-11 03:00:00,dry,12,8,20,0.6,OK
BLR018,2025-02-11 04:00:00,dry,11,9,20,0.55,OK
BLR018,2025-02-11 05:00:00,dry,11,9,20,0.55,OK
BLR018,2025-02-11 06:00:00,dry,10,10,20,0.5,OK
BLR018,2025-02-11 07:00:00,dry,8,12,20,0.4,OK
BLR018,2025-02-11 08:00:00,dry,4,16,20,0.2,OK
BLR018,2025-02-11 09:00:00,dry,3,17,20,0.15,OK
BLR018,2025-02-11 10:00:00,dry,2,18,20,0.1,Understocked
BLR018,2025-02-11 11:00:00,dry,3,17,20,0.15,OK
BLR018,2025-02-11 12:00:00,dry,4,16,20,0.2,OK
BLR018,2025-02-11 13:00:00,dry,3,17,20,0.15,OK
BLR018,2025-02-11 14:00:00,dry,4,16,20,0.2,OK
BLR018,2025-02-11 15:00:00,dry,3,17,20,0.15,OK
BLR018,2025-02-11 16:00:00,dry,2,18,20,0.1,Understocked
BLR018,2025-02-11 17:00:00,dry,3,17,20,0.15,OK
BLR018,2025-02-11 18:00:00,dry,3,17,20,0.15,OK
BLR018,2025-02-11 19:00:00,dry,3,17,20,0.15,OK
BLR018,2025-02-11 20:00:00,dry,3,17,20,0.15,OK
BLR018,2025-02-11 21:00:00,dry,2,18,20,0.1,Understocked
BLR018,2025-02-11 22:00:00,dry,3,17,20,0.15,OK
BLR018,2025-02-11 23:00:00,dry,3,17,20,0.15,OK
BLR018,2025-02-12 00:00:00,dry,3,17,20,0.15,OK
BLR018,2025-02-12 01:00:00,dry,2,18,20,0.1,Understocked
BLR018,2025-02-12 02:00:00,dry,2,18,20,0.1,Understocked
BLR018,2025-02-12 03:00:00,dry,1,19,20,0.05,Understocked
BLR018,2025-02-12 04:00:00,dry,1,19,20,0.05,Understocked
BLR018,2025-02-12 05:00:00,dry,2,18,20,0.1,Understocked
BLR018,2025-02-12 06:00:00,dry,2,18,20,0.1,Understocked
BLR018,2025-02-12 07:00:00,dry,2,18,20,0.1,Understocked
BLR018,2025-02-12 08:00:00,dry,1,19,20,0.05,Understocked
BLR018,2025-02-12 09:00:00,dry,1,19,20,0.05,Understocked
BLR018,2025-02-12 10:00:00,dry,1,19,20,0.05,Understocked
BLR018,2025-02-12 11:00:00,dry,0,20,20,0.0,Understocked
BLR018,2025-02-12 12:00:00,dry,0,20,20,0.0,Understocked
BLR018,2025-02-12 13:00:00,dry,0,20,20,0.0,Understocked
BLR018,2025-02-12 14:00:00,dry,0,20,20,0.0,Understocked
BLR018,2025-02-12 15:00:00,dry,1,19,20,0.05,Understocked
BLR018,2025-02-12 16:00:00,dry,2,18,20,0.1,Understocked
BLR018,2025-02-12 17:00:00,dry,2,18,20,0.1,Understocked
BLR018,2025-02-12 18:00:00,dry,4,16,20,0.2,OK
BLR018,2025-02-12 19:00:00,dry,4,16,20,0.2,OK
BLR018,2025-02-12 20:00:00,dry,6,14,20,0.3,OK
BLR018,2025-02-12 21:00:00,dry,6,14,20,0.3,OK
BLR018,2025-02-12 22:00:00,dry,5,15,20,0.25,OK
BLR018,2025-02-12 23:00:00,dry,5,15,20,0.25,OK
BLR018,2025-02-13 00:00:00,dry,6,14,20,0.3,OK
BLR018,2025-02-13 01:00:00,dry,6,14,20,0.3,OK
BLR018,2025-02-13 02:00:00,dry,7,13,20,0.35,OK
BLR018,2025-02-13 03:00:00,dry,6,14,20,0.3,OK
BLR018,2025-02-13 04:00:00,dry,7,13,20,0.35,OK
BLR018,2025-02-13 05:00:00,dry,6,14,20,0.3,OK
BLR018,2025-02-13 06:00:00,dry,6,14,20,0.3,OK
BLR018,2025-02-13 07:00:00,dry,6,14,20,0.3,OK
BLR018,2025-02-13 08:00:00,dry,3,17,20,0.15,OK
BLR018,2025-02-13 09:00:00,dry,3,17,20,0.15,OK
BLR018,2025-02-13 10:00:00,dry,2,18,20,0.1,Understocked
BLR018,2025-02-13 11:00:00,dry,1,19,20,0.05,Understocked
BLR018,2025-02-13 12:00:00,dry,2,18,20,0.1,Understocked
BLR018,2025-02-13 13:00:00,dry,1,19,20,0.05,Understocked
BLR018,2025-02-13 14:00:00,dry,1,19,20,0.05,Understocked
BLR018,2025-02-13 15:00:00,dry,1,19,20,0.05,Understocked
BLR018,2025-02-13 16:00:00,dry,1,19,20,0.05,Understocked
BLR018,2025-02-13 17:00:00,dry,2,18,20,0.1,Understocked
BLR018,2025-02-13 18:00:00,dry,3,17,20,0.15,OK
BLR018,2025-02-13 19:00:00,dry,6,14,20,0.3,OK
BLR018,2025-02-13 20:00:00,dry,10,10,20,0.5,OK
BLR018,2025-02-13 21:00:00,dry,9,11,20,0.45,OK
BLR018,2025-02-13 22:00:00,dry,9,11,20,0.45,OK
BLR018,2025-02-13 23:00:00,dry,8,12,20,0.4,OK
BLR018,2025-02-14 00:00:00,dry,7,13,20,0.35,OK
BLR018,2025-02-14 01:00:00,dry,7,13,20,0.35,OK
BLR018,2025-02-14 02:00:00,dry,7,13,20,0.35,OK
BLR018,2025-02-14 03:00:00,dry,6,14,20,0.3,OK
BLR018,2025-02-14 04:00:00,dry,6,14,20,0.3,OK
BLR018,2025-02-14 05:00:00,dry,6,14,20,0.3,OK
BLR018,2025-02-14 06:00:00,dry,7,13,20,0.35,OK
BLR018,2025-02-14 07:00:00,dry,7,13,20,0.35,OK
BLR018,2025-02-14 08:00:00,dry,7,13,20,0.35,OK
BLR018,2025-02-14 09:00:00,dry,5,15,20,0.25,OK
BLR018,2025-02-14 10:00:00,dry,3,17,20,0.15,OK
BLR018,2025-02-14 11:00:00,dry,2,18,20,0.1,Understocked
BLR018,2025-02-14 12:00:00,dry,1,19,20,0.05,Understocked
BLR018,2025-02-14 13:00:00,dry,0,20,20,0.0,Understocked
BLR018,2025-02-14 14:00:00,dry,1,19,20,0.05,Understocked
BLR018,2025-02-14 15:00:00,dry,1,19,20,0.05,Understocked
BLR018,2025-02-14 16:00:00,dry,2,18,20,0.1,Understocked
BLR018,2025-02-14 17:00:00,dry,5,15,20,0.25,OK
BLR018,2025-02-14 18:00:00,dry,6,14,20,0.3,OK
BLR018,2025-02-14 19:00:00,dry,11,9,20,0.55,OK
BLR018,2025-02-14 20:00:00,dry,11,9,20,0.55,OK
BLR018,2025-02-14 21:00:00,dry,12,8,20,0.6,OK
BLR018,2025-02-14 22:00:00,dry,12,8,20,0.6,OK
BLR018,2025-02-14 23:00:00,dry,12,8,20,0.6,OK
BLR018,2025-02-15 00:00:00,dry,11,9,20,0.55,OK
BLR018,2025-02-15 01:00:00,dry,12,8,20,0.6,OK
BLR018,2025-02-15 02:00:00,dry,12,8,20,0.6,OK
BLR018,2025-02-15 03:00:00,dry,13,7,20,0.65,OK
BLR018,2025-02-15 04:00:00,dry,14,6,20,0.7,OK
BLR018,2025-02-15 05:00:00,dry,14,6,20,0.7,OK
BLR018,2025-02-15 06:00:00,dry,15,5,20,0.75,OK
BLR018,2025-02-15 07:00:00,dry,15,5,20,0.75,OK
BLR018,2025-02-15 08:00:00,dry,13,7,20,0.65,OK
BLR018,2025-02-15 09:00:00,dry,13,7,20,0.65,OK
BLR018,2025-02-15 10:00:00,dry,13,7,20,0.65,OK
BLR018,2025-02-15 11:00:00,dry,14,6,20,0.7,OK
BLR018,2025-02-15 12:00:00,dry,15,5,20,0.75,OK
BLR018,2025-02-15 13:00:00,dry,16,4,20,0.8,OK
BLR018,2025-02-15 14:00:00,dry,15,5,20,0.75,OK
BLR018,2025-02-15 15:00:00,dry,15,5,20,0.75,OK
BLR018,2025-02-15 16:00:00,dry,14,6,20,0.7,OK
BLR018,2025-02-15 17:00:00,dry,18,2,20,0.9,Overstocked
BLR018,2025-02-15 18:00:00,dry,19,1,20,0.95,Overstocked
BLR018,2025-02-15 19:00:00,dry,20,0,20,1.0,Overstocked
BLR018,2025-02-15 20:00:00,dry,20,0,20,1.0,Overstocked
BLR018,2025-02-15 21:00:00,dry,19,1,20,0.95,Overstocked
BLR018,2025-02-15 22:00:00,dry,20,0,20,1.0,Overstocked
BLR018,2025-02-15 23:00:00,dry,20,0,20,1.0,Overstocked
BLR018,2025-02-16 00:00:00,dry,19,1,20,0.95,Overstocked
BLR018,2025-02-16 01:00:00,dry,20,0,20,1.0,Overstocked
BLR018,2025-02-16 02:00:00,dry,20,0,20,1.0,Overstocked
BLR018,2025-02-16 03:00:00,dry,20,0,20,1.0,Overstocked
BLR018,2025-02-16 04:00:00,dry,20,0,20,1.0,Overstocked
BLR018,2025-02-16 05:00:00,dry,20,0,20,1.0,Overstocked
BLR018,2025-02-16 06:00:00,dry,20,0,20,1.0,Overstocked
BLR018,2025-02-16 07:00:00,dry,20,0,20,1.0,Overstocked
BLR018,2025-02-16 08:00:00,dry,19,1,20,0.95,Overstocked
BLR018,2025-02-16 09:00:00,dry,18,2,20,0.9,Overstocked
BLR018,2025-02-16 10:00:00,dry,16,4,20,0.8,OK
BLR018,2025-02-16 11:00:00,dry,15,5,20,0.75,OK
BLR018,2025-02-16 12:00:00,dry,16,4,20,0.8,OK
BLR018,2025-02-16 13:00:00,dry,17,3,20,0.85,OK
BLR018,2025-02-16 14:00:00,dry,17,3,20,0.85,OK
BLR018,2025-02-16 15:00:00,dry,17,3,20,0.85,OK
BLR018,2025-02-16 16:00:00,dry,16,4,20,0.8,OK
BLR018,2025-02-16 17:00:00,dry,17,3,20,0.85,OK
BLR018,2025-02-16 18:00:00,dry,19,1,20,0.95,Overstocked
BLR018,2025-02-16 19:00:00,dry,19,1,20,0.95,Overstocked
BLR018,2025-02-16 20:00:00,dry,20,0,20,1.0,Overstocked
BLR018,2025-02-16 21:00:00,dry,19,1,20,0.95,Overstocked
BLR018,2025-02-16 22:00:00,dry,19,1,20,0.95,Overstocked
BLR018,2025-02-16 23:00:00,dry,18,2,20,0.9,Overstocked
BLR019,2025-02-10 00:00:00,dry,10,10,20,0.5,OK
BLR019,2025-02-10 01:00:00,dry,11,9,20,0.55,OK
BLR019,2025-02-10 02:00:00,dry,10,10,20,0.5,OK
BLR019,2025-02-10 03:00:00,dry,11,9,20,0.55,OK
BLR019,2025-02-10 04:00:00,dry,11,9,20,0.55,OK
BLR019,2025-02-10 05:00:00,dry,10,10,20,0.5,OK
BLR019,2025-02-10 06:00:00,dry,10,10,20,0.5,OK
BLR019,2025-02-10 07:00:00,dry,9,11,20,0.45,OK
BLR019,2025-02-10 08:00:00,dry,7,13,20,0.35,OK
BLR019,2025-02-10 09:00:00,dry,5,15,20,0.25,OK
BLR019,2025-02-10 10:00:00,dry,4,16,20,0.2,OK
BLR019,2025-02-10 11:00:00,dry,5,15,20,0.25,OK
BLR019,2025-02-10 12:00:00,dry,6,14,20,0.3,OK
BLR019,2025-02-10 13:00:00,dry,7,13,20,0.35,OK
BLR019,2025-02-10 14:00:00,dry,6,14,20,0.3,OK
BLR019,2025-02-10 15:00:00,dry,7,13,20,0.35,OK
BLR019,2025-02-10 16:00:00,dry,7,13,20,0.35,OK
BLR019,2025-02-10 17:00:00,dry,7,13,20,0.35,OK
BLR019,2025-02-10 18:00:00,dry,8,12,20,0.4,OK
BLR019,2025-02-10 19:00:00,dry,10,10,20,0.5,OK
BLR019,2025-02-10 20:00:00,dry,11,9,20,0.55,OK
BLR019,2025-02-10 21:00:00,dry,12,8,20,0.6,OK
BLR019,2025-02-10 22:00:00,dry,11,9,20,0.55,OK
BLR019,2025-02-10 23:00:00,dry,11,9,20,0.55,OK
BLR019,2025-02-11 00:00:00,dry,12,8,20,0.6,OK
BLR019,2025-02-11 01:00:00,dry,13,7,20,0.65,OK
BLR019,2025-02-11 02:00:00,dry,14,6,20,0.7,OK
BLR019,2025-02-11 03:00:00,dry,14,6,20,0.7,OK
BLR019,2025-02-11 04:00:00,dry,15,5,20,0.75,OK
BLR019,2025-02-11 05:00:00,dry,14,6,20,0.7,OK
BLR019,2025-02-11 06:00:00,dry,14,6,20,0.7,OK
BLR019,2025-02-11 07:00:00,dry,14,6,20,0.7,OK
BLR019,2025-02-11 08:00:00,dry,13,7,20,0.65,OK
BLR019,2025-02-11 09:00:00,dry,12,8,20,0.6,OK
BLR019,2025-02-11 10:00:00,dry,12,8,20,0.6,OK
BLR019,2025-02-11 11:00:00,dry,11,9,20,0.55,OK
BLR019,2025-02-11 12:00:00,dry,10,10,20,0.5,OK
BLR019,2025-02-11 13:00:00,dry,9,11,20,0.45,OK
BLR019,2025-02-11 14:00:00,dry,9,11,20,0.45,OK
BLR019,2025-02-11 15:00:00,dry,9,11,20,0.45,OK
BLR019,2025-02-11 16:00:00,dry,9,11,20,0.45,OK
BLR019,2025-02-11 17:00:00,dry,11,9,20,0.55,OK
BLR019,2025-02-11 18:00:00,dry,13,7,20,0.65,OK
BLR019,2025-02-11 19:00:00,dry,14,6,20,0.7,OK
BLR019,2025-02-11 20:00:00,dry,14,6,20,0.7,OK
BLR019,2025-02-11 21:00:00,dry,15,5,20,0.75,OK
BLR019,2025-02-11 22:00:00,dry,16,4,20,0.8,OK
BLR019,2025-02-11 23:00:00,dry,16,4,20,0.8,OK
BLR019,2025-02-12 00:00:00,dry,16,4,20,0.8,OK
BLR019,2025-02-12 01:00:00,dry,17,3,20,0.85,OK
BLR019,2025-02-12 02:00:00,dry,18,2,20,0.9,Overstocked
BLR019,2025-02-12 03:00:00,dry,18,2,20,0.9,Overstocked
BLR019,2025-02-12 04:00:00,dry,19,1,20,0.95,Overstocked
BLR019,2025-02-12 05:00:00,dry,18,2,20,0.9,Overstocked
BLR019,2025-02-12 06:00:00,dry,19,1,20,0.95,Overstocked
BLR019,2025-02-12 07:00:00,dry,19,1,20,0.95,Overstocked
BLR019,2025-02-12 08:00:00,dry,17,3,20,0.85,OK
BLR019,2025-02-12 09:00:00,dry,15,5,20,0.75,OK
BLR019,2025-02-12 10:00:00,dry,14,6,20,0.7,OK
BLR019,2025-02-12 11:00:00,dry,15,5,20,0.75,OK
BLR019,2025-02-12 12:00:00,dry,14,6,20,0.7,OK
BLR019,2025-02-12 13:00:00,dry,15,5,20,0.75,OK
BLR019,2025-02-12 14:00:00,dry,14,6,20,0.7,OK
BLR019,2025-02-12 15:00:00,dry,14,6,20,0.7,OK
BLR019,2025-02-12 16:00:00,dry,15,5,20,0.75,OK
BLR019,2025-02-12 17:00:00,dry,15,5,20,0.75,OK
BLR019,2025-02-12 18:00:00,dry,15,5,20,0.75,OK
BLR019,2025-02-12 19:00:00,dry,15,5,20,0.75,OK
BLR019,2025-02-12 20:00:00,dry,15,5,20,0.75,OK
BLR019,2025-02-12 21:00:00,dry,15,5,20,0.75,OK
BLR019,2025-02-12 22:00:00,dry,15,5,20,0.75,OK
BLR019,2025-02-12 23:00:00,dry,16,4,20,0.8,OK
BLR019,2025-02-13 00:00:00,dry,15,5,20,0.75,OK
BLR019,2025-02-13 01:00:00,dry,14,6,20,0.7,OK
BLR019,2025-02-13 02:00:00,dry,15,5,20,0.75,OK
BLR019,2025-02-13 03:00:00,dry,16,4,20,0.8,OK
BLR019,2025-02-13 04:00:00,dry,16,4,20,0.8,OK
BLR019,2025-02-13 05:00:00,dry,17,3,20,0.85,OK
BLR019,2025-02-13 06:00:00,dry,17,3,20,0.85,OK
BLR019,2025-02-13 07:00:00,dry,14,6,20,0.7,OK
BLR019,2025-02-13 08:00:00,dry,12,8,20,0.6,OK
BLR019,2025-02-13 09:00:00,dry,7,13,20,0.35,OK
BLR019,2025-02-13 10:00:00,dry,7,13,20,0.35,OK
BLR019,2025-02-13 11:00:00,dry,6,14,20,0.3,OK
BLR019,2025-02-13 12:00:00,dry,7,13,20,0.35,OK
BLR019,2025-02-13 13:00:00,dry,7,13,20,0.35,OK
BLR019,2025-02-13 14:00:00,dry,7,13,20,0.35,OK
BLR019,2025-02-13 15:00:00,dry,8,12,20,0.4,OK
BLR019,2025-02-13 16:00:00,dry,9,11,20,0.45,OK
BLR019,2025-02-13 17:00:00,dry,10,10,20,0.5,OK
BLR019,2025-02-13 18:00:00,dry,14,6,20,0.7,OK
BLR019,2025-02-13 19:00:00,dry,15,5,20,0.75,OK
BLR019,2025-02-13 20:00:00,dry,17,3,20,0.85,OK
BLR019,2025-02-13 21:00:00,dry,17,3,20,0.85,OK
BLR019,2025-02-13 22:00:00,dry,17,3,20,0.85,OK
BLR019,2025-02-13 23:00:00,dry,17,3,20,0.85,OK
BLR019,2025-02-14 00:00:00,dry,16,4,20,0.8,OK
BLR019,2025-02-14 01:00:00,dry,15,5,20,0.75,OK
BLR019,2025-02-14 02:00:00,dry,14,6,20,0.7,OK
BLR019,2025-02-14 03:00:00,dry,14,6,20,0.7,OK
BLR019,2025-02-14 04:00:00,dry,14,6,20,0.7,OK
BLR019,2025-02-14 05:00:00,dry,15,5,20,0.75,OK
BLR019,2025-02-14 06:00:00,dry,15,5,20,0.75,OK
BLR019,2025-02-14 07:00:00,dry,11,9,20,0.55,OK
BLR019,2025-02-14 08:00:00,dry,10,10,20,0.5,OK
BLR019,2025-02-14 09:00:00,dry,9,11,20,0.45,OK
BLR019,2025-02-14 10:00:00,dry,8,12,20,0.4,OK
BLR019,2025-02-14 11:00:00,dry,8,12,20,0.4,OK
BLR019,2025-02-14 12:00:00,dry,7,13,20,0.35,OK
BLR019,2025-02-14 13:00:00,dry,8,12,20,0.4,OK
BLR019,2025-02-14 14:00:00,dry,9,11,20,0.45,OK
BLR019,2025-02-14 15:00:00,dry,9,11,20,0.45,OK
BLR019,2025-02-14 16:00:00,dry,10,10,20,0.5,OK
BLR019,2025-02-14 17:00:00,dry,12,8,20,0.6,OK
BLR019,2025-02-14 18:00:00,dry,15,5,20,0.75,OK
BLR019,2025-02-14 19:00:00,dry,17,3,20,0.85,OK
BLR019,2025-02-14 20:00:00,dry,18,2,20,0.9,Overstocked
BLR019,2025-02-14 21:00:00,dry,19,1,20,0.95,Overstocked
BLR019,2025-02-14 22:00:00,dry,19,1,20,0.95,Overstocked
BLR019,2025-02-14 23:00:00,dry,18,2,20,0.9,Overstocked
BLR019,2025-02-15 00:00:00,dry,17,3,20,0.85,OK
BLR019,2025-02-15 01:00:00,dry,16,4,20,0.8,OK
BLR019,2025-02-15 02:00:00,dry,15,5,20,0.75,OK
BLR019,2025-02-15 03:00:00,dry,14,6,20,0.7,OK
BLR019,2025-02-15 04:00:00,dry,15,5,20,0.75,OK
BLR019,2025-02-15 05:00:00,dry,14,6,20,0.7,OK
BLR019,2025-02-15 06:00:00,dry,13,7,20,0.65,OK
BLR019,2025-02-15 07:00:00,dry,10,10,20,0.5,OK
BLR019,2025-02-15 08:00:00,dry,10,10,20,0.5,OK
BLR019,2025-02-15 09:00:00,dry,9,11,20,0.45,OK
BLR019,2025-02-15 10:00:00,dry,9,11,20,0.45,OK
BLR019,2025-02-15 11:00:00,dry,9,11,20,0.45,OK
BLR019,2025-02-15 12:00:00,dry,8,12,20,0.4,OK
BLR019,2025-02-15 13:00:00,dry,8,12,20,0.4,OK
BLR019,2025-02-15 14:00:00,dry,8,12,20,0.4,OK
BLR019,2025-02-15 15:00:00,dry,8,12,20,0.4,OK
BLR019,2025-02-15 16:00:00,dry,8,12,20,0.4,OK
BLR019,2025-02-15 17:00:00,dry,9,11,20,0.45,OK
BLR019,2025-02-15 18:00:00,dry,11,9,20,0.55,OK
BLR019,2025-02-15 19:00:00,dry,13,7,20,0.65,OK
BLR019,2025-02-15 20:00:00,dry,15,5,20,0.75,OK
BLR019,2025-02-15 21:00:00,dry,16,4,20,0.8,OK
BLR019,2025-02-15 22:00:00,dry,15,5,20,0.75,OK
BLR019,2025-02-15 23:00:00,dry,14,6,20,0.7,OK
BLR019,2025-02-16 00:00:00,dry,13,7,20,0.65,OK
BLR019,2025-02-16 01:00:00,dry,14,6,20,0.7,OK
BLR019,2025-02-16 02:00:00,dry,15,5,20,0.75,OK
BLR019,2025-02-16 03:00:00,dry,15,5,20,0.75,OK
BLR019,2025-02-16 04:00:00,dry,14,6,20,0.7,OK
BLR019,2025-02-16 05:00:00,dry,13,7,20,0.65,OK
BLR019,2025-02-16 06:00:00,dry,13,7,20,0.65,OK
BLR019,2025-02-16 07:00:00,dry,13,7,20,0.65,OK
BLR019,2025-02-16 08:00:00,dry,12,8,20,0.6,OK
BLR019,2025-02-16 09:00:00,dry,10,10,20,0.5,OK
BLR019,2025-02-16 10:00:00,dry,8,12,20,0.4,OK
BLR019,2025-02-16 11:00:00,dry,8,12,20,0.4,OK
BLR019,2025-02-16 12:00:00,dry,7,13,20,0.35,OK
BLR019,2025-02-16 13:00:00,dry,7,13,20,0.35,OK
BLR019,2025-02-16 14:00:00,dry,8,12,20,0.4,OK
BLR019,2025-02-16 15:00:00,dry,9,11,20,0.45,OK
BLR019,2025-02-16 16:00:00,dry,9,11,20,0.45,OK
BLR019,2025-02-16 17:00:00,dry,10,10,20,0.5,OK
BLR019,2025-02-16 18:00:00,dry,14,6,20,0.7,OK
BLR019,2025-02-16 19:00:00,dry,15,5,20,0.75,OK
BLR019,2025-02-16 20:00:00,dry,18,2,20,0.9,Overstocked
BLR019,2025-02-16 21:00:00,dry,19,1,20,0.95,Overstocked
BLR019,2025-02-16 22:00:00,dry,18,2,20,0.9,Overstocked
BLR019,2025-02-16 23:00:00,dry,17,3,20,0.85,OK
BLR020,2025-02-10 00:00:00,dry,19,11,30,0.63,OK
BLR020,2025-02-10 01:00:00,dry,19,11,30,0.63,OK
BLR020,2025-02-10 02:00:00,dry,18,12,30,0.6,OK
BLR020,2025-02-10 03:00:00,dry,17,13,30,0.57,OK
BLR020,2025-02-10 04:00:00,dry,18,12,30,0.6,OK
BLR020,2025-02-10 05:00:00,dry,17,13,30,0.57,OK
BLR020,2025-02-10 06:00:00,dry,18,12,30,0.6,OK
BLR020,2025-02-10 07:00:00,dry,18,12,30,0.6,OK
BLR020,2025-02-10 08:00:00,dry,20,10,30,0.67,OK
BLR020,2025-02-10 09:00:00,dry,22,8,30,0.73,OK
BLR020,2025-02-10 10:00:00,dry,23,7,30,0.77,OK
BLR020,2025-02-10 11:00:00,dry,23,7,30,0.77,OK
BLR020,2025-02-10 12:00:00,dry,22,8,30,0.73,OK
BLR020,2025-02-10 13:00:00,dry,21,9,30,0.7,OK
BLR020,2025-02-10 14:00:00,dry,20,10,30,0.67,OK
BLR020,2025-02-10 15:00:00,dry,19,11,30,0.63,OK
BLR020,2025-02-10 16:00:00,dry,20,10,30,0.67,OK
BLR020,2025-02-10 17:00:00,dry,20,10,30,0.67,OK
BLR020,2025-02-10 18:00:00,dry,18,12,30,0.6,OK
BLR020,2025-02-10 19:00:00,dry,14,16,30,0.47,OK
BLR020,2025-02-10 20:00:00,dry,14,16,30,0.47,OK
BLR020,2025-02-10 21:00:00,dry,15,15,30,0.5,OK
BLR020,2025-02-10 22:00:00,dry,15,15,30,0.5,OK
BLR020,2025-02-10 23:00:00,dry,15,15,30,0.5,OK
BLR020,2025-02-11 00:00:00,dry,15,15,30,0.5,OK
BLR020,2025-02-11 01:00:00,dry,16,14,30,0.53,OK
BLR020,2025-02-11 02:00:00,dry,15,15,30,0.5,OK
BLR020,2025-02-11 03:00:00,dry,16,14,30,0.53,OK
BLR020,2025-02-11 04:00:00,dry,16,14,30,0.53,OK
BLR020,2025-02-11 05:00:00,dry,15,15,30,0.5,OK
BLR020,2025-02-11 06:00:00,dry,14,16,30,0.47,OK
BLR020,2025-02-11 07:00:00,dry,16,14,30,0.53,OK
BLR020,2025-02-11 08:00:00,dry,16,14,30,0.53,OK
BLR020,2025-02-11 09:00:00,dry,18,12,30,0.6,OK
BLR020,2025-02-11 10:00:00,dry,18,12,30,0.6,OK
BLR020,2025-02-11 11:00:00,dry,18,12,30,0.6,OK
BLR020,2025-02-11 12:00:00,dry,17,13,30,0.57,OK
BLR020,2025-02-11 13:00:00,dry,17,13,30,0.57,OK
BLR020,2025-02-11 14:00:00,dry,16,14,30,0.53,OK
BLR020,2025-02-11 15:00:00,dry,16,14,30,0.53,OK
BLR020,2025-02-11 16:00:00,dry,17,13,30,0.57,OK
BLR020,2025-02-11 17:00:00,dry,17,13,30,0.57,OK
BLR020,2025-02-11 18:00:00,dry,16,14,30,0.53,OK
BLR020,2025-02-11 19:00:00,dry,15,15,30,0.5,OK
BLR020,2025-02-11 20:00:00,dry,15,15,30,0.5,OK
BLR020,2025-02-11 21:00:00,dry,14,16,30,0.47,OK
BLR020,2025-02-11 22:00:00,dry,13,17,30,0.43,OK
BLR020,2025-02-11 23:00:00,dry,12,18,30,0.4,OK
BLR020,2025-02-12 00:00:00,dry,11,19,30,0.37,OK
BLR020,2025-02-12 01:00:00,dry,10,20,30,0.33,OK
BLR020,2025-02-12 02:00:00,dry,9,21,30,0.3,OK
BLR020,2025-02-12 03:00:00,dry,10,20,30,0.33,OK
BLR020,2025-02-12 04:00:00,dry,11,19,30,0.37,OK
BLR020,2025-02-12 05:00:00,dry,12,18,30,0.4,OK
BLR020,2025-02-12 06:00:00,dry,11,19,30,0.37,OK
BLR020,2025-02-12 07:00:00,dry,11,19,30,0.37,OK
BLR020,2025-02-12 08:00:00,dry,11,19,30,0.37,OK
BLR020,2025-02-12 09:00:00,dry,14,16,30,0.47,OK
BLR020,2025-02-12 10:00:00,dry,15,15,30,0.5,OK
BLR020,2025-02-12 11:00:00,dry,15,15,30,0.5,OK
BLR020,2025-02-12 12:00:00,dry,15,15,30,0.5,OK
BLR020,2025-02-12 13:00:00,dry,14,16,30,0.47,OK
BLR020,2025-02-12 14:00:00,dry,13,17,30,0.43,OK
BLR020,2025-02-12 15:00:00,dry,13,17,30,0.43,OK
BLR020,2025-02-12 16:00:00,dry,12,18,30,0.4,OK
BLR020,2025-02-12 17:00:00,dry,12,18,30,0.4,OK
BLR020,2025-02-12 18:00:00,dry,12,18,30,0.4,OK
BLR020,2025-02-12 19:00:00,dry,10,20,30,0.33,OK
BLR020,2025-02-12 20:00:00,dry,8,22,30,0.27,OK
BLR020,2025-02-12 21:00:00,dry,7,23,30,0.23,OK
BLR020,2025-02-12 22:00:00,dry,8,22,30,0.27,OK
BLR020,2025-02-12 23:00:00,dry,9,21,30,0.3,OK
BLR020,2025-02-13 00:00:00,dry,10,20,30,0.33,OK
BLR020,2025-02-13 01:00:00,dry,11,19,30,0.37,OK
BLR020,2025-02-13 02:00:00,dry,10,20,30,0.33,OK
BLR020,2025-02-13 03:00:00,dry,11,19,30,0.37,OK
BLR020,2025-02-13 04:00:00,dry,10,20,30,0.33,OK
BLR020,2025-02-13 05:00:00,dry,9,21,30,0.3,OK
BLR020,2025-02-13 06:00:00,dry,10,20,30,0.33,OK
BLR020,2025-02-13 07:00:00,dry,11,19,30,0.37,OK
BLR020,2025-02-13 08:00:00,dry,11,19,30,0.37,OK
BLR020,2025-02-13 09:00:00,dry,11,19,30,0.37,OK
BLR020,2025-02-13 10:00:00,dry,11,19,30,0.37,OK
BLR020,2025-02-13 11:00:00,dry,10,20,30,0.33,OK
BLR020,2025-02-13 12:00:00,dry,9,21,30,0.3,OK
BLR020,2025-02-13 13:00:00,dry,8,22,30,0.27,OK
BLR020,2025-02-13 14:00:00,dry,8,22,30,0.27,OK
BLR020,2025-02-13 15:00:00,dry,8,22,30,0.27,OK
BLR020,2025-02-13 16:00:00,dry,8,22,30,0.27,OK
BLR020,2025-02-13 17:00:00,dry,7,23,30,0.23,OK
BLR020,2025-02-13 18:00:00,dry,5,25,30,0.17,OK
BLR020,2025-02-13 19:00:00,dry,3,27,30,0.1,Understocked
BLR020,2025-02-13 20:00:00,dry,3,27,30,0.1,Understocked
BLR020,2025-02-13 21:00:00,dry,3,27,30,0.1,Understocked
BLR020,2025-02-13 22:00:00,dry,2,28,30,0.07,Understocked
BLR020,2025-02-13 23:00:00,dry,2,28,30,0.07,Understocked
BLR020,2025-02-14 00:00:00,dry,3,27,30,0.1,Understocked
BLR020,2025-02-14 01:00:00,dry,2,28,30,0.07,Understocked
BLR020,2025-02-14 02:00:00,dry,1,29,30,0.03,Understocked
BLR020,2025-02-14 03:00:00,dry,0,30,30,0.0,Understocked
BLR020,2025-02-14 04:00:00,dry,0,30,30,0.0,Understocked
BLR020,2025-02-14 05:00:00,dry,0,30,30,0.0,Understocked
BLR020,2025-02-14 06:00:00,dry,0,30,30,0.0,Understocked
BLR020,2025-02-14 07:00:00,dry,1,29,30,0.03,Understocked
BLR020,2025-02-14 08:00:00,dry,4,26,30,0.13,OK
BLR020,2025-02-14 09:00:00,dry,5,25,30,0.17,OK
BLR020,2025-02-14 10:00:00,dry,5,25,30,0.17,OK
BLR020,2025-02-14 11:00:00,dry,4,26,30,0.13,OK
BLR020,2025-02-14 12:00:00,dry,3,27,30,0.1,Understocked
BLR020,2025-02-14 13:00:00,dry,3,27,30,0.1,Understocked
BLR020,2025-02-14 14:00:00,dry,3,27,30,0.1,Understocked
BLR020,2025-02-14 15:00:00,dry,2,28,30,0.07,Understocked
BLR020,2025-02-14 16:00:00,dry,3,27,30,0.1,Understocked
BLR020,2025-02-14 17:00:00,dry,2,28,30,0.07,Understocked
BLR020,2025-02-14 18:00:00,dry,0,30,30,0.0,Understocked
BLR020,2025-02-14 19:00:00,dry,0,30,30,0.0,Understocked
BLR020,2025-02-14 20:00:00,dry,0,30,30,0.0,Understocked
BLR020,2025-02-14 21:00:00,dry,0,30,30,0.0,Understocked
BLR020,2025-02-14 22:00:00,dry,1,29,30,0.03,Understocked
BLR020,2025-02-14 23:00:00,dry,2,28,30,0.07,Understocked
BLR020,2025-02-15 00:00:00,dry,3,27,30,0.1,Understocked
BLR020,2025-02-15 01:00:00,dry,4,26,30,0.13,OK
BLR020,2025-02-15 02:00:00,dry,3,27,30,0.1,Understocked
BLR020,2025-02-15 03:00:00,dry,4,26,30,0.13,OK
BLR020,2025-02-15 04:00:00,dry,4,26,30,0.13,OK
BLR020,2025-02-15 05:00:00,dry,3,27,30,0.1,Understocked
BLR020,2025-02-15 06:00:00,dry,3,27,30,0.1,Understocked
BLR020,2025-02-15 07:00:00,dry,3,27,30,0.1,Understocked
BLR020,2025-02-15 08:00:00,dry,4,26,30,0.13,OK
BLR020,2025-02-15 09:00:00,dry,6,24,30,0.2,OK
BLR020,2025-02-15 10:00:00,dry,9,21,30,0.3,OK
BLR020,2025-02-15 11:00:00,dry,8,22,30,0.27,OK
BLR020,2025-02-15 12:00:00,dry,9,21,30,0.3,OK
BLR020,2025-02-15 13:00:00,dry,9,21,30,0.3,OK
BLR020,2025-02-15 14:00:00,dry,8,22,30,0.27,OK
BLR020,2025-02-15 15:00:00,dry,7,23,30,0.23,OK
BLR020,2025-02-15 16:00:00,dry,6,24,30,0.2,OK
BLR020,2025-02-15 17:00:00,dry,5,25,30,0.17,OK
BLR020,2025-02-15 18:00:00,dry,5,25,30,0.17,OK
BLR020,2025-02-15 19:00:00,dry,2,28,30,0.07,Understocked
BLR020,2025-02-15 20:00:00,dry,2,28,30,0.07,Understocked
BLR020,2025-02-15 21:00:00,dry,1,29,30,0.03,Understocked
BLR020,2025-02-15 22:00:00,dry,1,29,30,0.03,Understocked
BLR020,2025-02-15 23:00:00,dry,1,29,30,0.03,Understocked
BLR020,2025-02-16 00:00:00,dry,2,28,30,0.07,Understocked
BLR020,2025-02-16 01:00:00,dry,1,29,30,0.03,Understocked
BLR020,2025-02-16 02:00:00,dry,0,30,30,0.0,Understocked
BLR020,2025-02-16 03:00:00,dry,1,29,30,0.03,Understocked
BLR020,2025-02-16 04:00:00,dry,1,29,30,0.03,Understocked
BLR020,2025-02-16 05:00:00,dry,0,30,30,0.0,Understocked
BLR020,2025-02-16 06:00:00,dry,0,30,30,0.0,Understocked
BLR020,2025-02-16 07:00:00,dry,0,30,30,0.0,Understocked
BLR020,2025-02-16 08:00:00,dry,0,30,30,0.0,Understocked
BLR020,2025-02-16 09:00:00,dry,0,30,30,0.0,Understocked
BLR020,2025-02-16 10:00:00,dry,0,30,30,0.0,Understocked
BLR020,2025-02-16 11:00:00,dry,1,29,30,0.03,Understocked
BLR020,2025-02-16 12:00:00,dry,1,29,30,0.03,Understocked
BLR020,2025-02-16 13:00:00,dry,0,30,30,0.0,Understocked
BLR020,2025-02-16 14:00:00,dry,0,30,30,0.0,Understocked
BLR020,2025-02-16 15:00:00,dry,0,30,30,0.0,Understocked
BLR020,2025-02-16 16:00:00,dry,0,30,30,0.0,Understocked
BLR020,2025-02-16 17:00:00,dry,0,30,30,0.0,Understocked
BLR020,2025-02-16 18:00:00,dry,0,30,30,0.0,Understocked
BLR020,2025-02-16 19:00:00,dry,0,30,30,0.0,Understocked
BLR020,2025-02-16 20:00:00,dry,0,30,30,0.0,Understocked
BLR020,2025-02-16 21:00:00,dry,1,29,30,0.03,Understocked
BLR020,2025-02-16 22:00:00,dry,1,29,30,0.03,Understocked
BLR020,2025-02-16 23:00:00,dry,2,28,30,0.07,Understocked
BLR021,2025-02-10 00:00:00,dry,11,5,16,0.69,OK
BLR021,2025-02-10 01:00:00,dry,10,6,16,0.62,OK
BLR021,2025-02-10 02:00:00,dry,9,7,16,0.56,OK
BLR021,2025-02-10 03:00:00,dry,9,7,16,0.56,OK
BLR021,2025-02-10 04:00:00,dry,10,6,16,0.62,OK
BLR021,2025-02-10 05:00:00,dry,10,6,16,0.62,OK
BLR021,2025-02-10 06:00:00,dry,10,6,16,0.62,OK
BLR021,2025-02-10 07:00:00,dry,7,9,16,0.44,OK
BLR021,2025-02-10 08:00:00,dry,5,11,16,0.31,OK
BLR021,2025-02-10 09:00:00,dry,4,12,16,0.25,OK
BLR021,2025-02-10 10:00:00,dry,3,13,16,0.19,OK
BLR021,2025-02-10 11:00:00,dry,3,13,16,0.19,OK
BLR021,2025-02-10 12:00:00,dry,2,14,16,0.12,OK
BLR021,2025-02-10 13:00:00,dry,1,15,16,0.06,Understocked
BLR021,2025-02-10 14:00:00,dry,0,16,16,0.0,Understocked
BLR021,2025-02-10 15:00:00,dry,0,16,16,0.0,Understocked
BLR021,2025-02-10 16:00:00,dry,0,16,16,0.0,Understocked
BLR021,2025-02-10 17:00:00,dry,0,16,16,0.0,Understocked
BLR021,2025-02-10 18:00:00,dry,3,13,16,0.19,OK
BLR021,2025-02-10 19:00:00,dry,6,10,16,0.38,OK
BLR021,2025-02-10 20:00:00,dry,8,8,16,0.5,OK
BLR021,2025-02-10 21:00:00,dry,9,7,16,0.56,OK
BLR021,2025-02-10 22:00:00,dry,8,8,16,0.5,OK
BLR021,2025-02-10 23:00:00,dry,9,7,16,0.56,OK
BLR021,2025-02-11 00:00:00,dry,9,7,16,0.56,OK
BLR021,2025-02-11 01:00:00,dry,9,7,16,0.56,OK
BLR021,2025-02-11 02:00:00,dry,9,7,16,0.56,OK
BLR021,2025-02-11 03:00:00,dry,8,8,16,0.5,OK
BLR021,2025-02-11 04:00:00,dry,8,8,16,0.5,OK
BLR021,2025-02-11 05:00:00,dry,7,9,16,0.44,OK
BLR021,2025-02-11 06:00:00,dry,8,8,16,0.5,OK
BLR021,2025-02-11 07:00:00,dry,6,10,16,0.38,OK
BLR021,2025-02-11 08:00:00,dry,3,13,16,0.19,OK
BLR021,2025-02-11 09:00:00,dry,3,13,16,0.19,OK
BLR021,2025-02-11 10:00:00,dry,1,15,16,0.06,Understocked
BLR021,2025-02-11 11:00:00,dry,2,14,16,0.12,OK
BLR021,2025-02-11 12:00:00,dry,2,14,16,0.12,OK
BLR021,2025-02-11 13:00:00,dry,2,14,16,0.12,OK
BLR021,2025-02-11 14:00:00,dry,3,13,16,0.19,OK
BLR021,2025-02-11 15:00:00,dry,2,14,16,0.12,OK
BLR021,2025-02-11 16:00:00,dry,1,15,16,0.06,Understocked
BLR021,2025-02-11 17:00:00,dry,4,12,16,0.25,OK
BLR021,2025-02-11 18:00:00,dry,7,9,16,0.44,OK
BLR021,2025-02-11 19:00:00,dry,8,8,16,0.5,OK
BLR021,2025-02-11 20:00:00,dry,9,7,16,0.56,OK
BLR021,2025-02-11 21:00:00,dry,8,8,16,0.5,OK
BLR021,2025-02-11 22:00:00,dry,7,9,16,0.44,OK
BLR021,2025-02-11 23:00:00,dry,7,9,16,0.44,OK
BLR021,2025-02-12 00:00:00,dry,7,9,16,0.44,OK
BLR021,2025-02-12 01:00:00,dry,7,9,16,0.44,OK
BLR021,2025-02-12 02:00:00,dry,6,10,16,0.38,OK
BLR021,2025-02-12 03:00:00,dry,7,9,16,0.44,OK
BLR021,2025-02-12 04:00:00,dry,6,10,16,0.38,OK
BLR021,2025-02-12 05:00:00,dry,5,11,16,0.31,OK
BLR021,2025-02-12 06:00:00,dry,6,10,16,0.38,OK
BLR021,2025-02-12 07:00:00,dry,6,10,16,0.38,OK
BLR021,2025-02-12 08:00:00,dry,3,13,16,0.19,OK
BLR021,2025-02-12 09:00:00,dry,1,15,16,0.06,Understocked
BLR021,2025-02-12 10:00:00,dry,1,15,16,0.06,Understocked
BLR021,2025-02-12 11:00:00,dry,1,15,16,0.06,Understocked
BLR021,2025-02-12 12:00:00,dry,2,14,16,0.12,OK
BLR021,2025-02-12 13:00:00,dry,1,15,16,0.06,Understocked
BLR021,2025-02-12 14:00:00,dry,0,16,16,0.0,Understocked
BLR021,2025-02-12 15:00:00,dry,1,15,16,0.06,Understocked
BLR021,2025-02-12 16:00:00,dry,0,16,16,0.0,Understocked
BLR021,2025-02-12 17:00:00,dry,1,15,16,0.06,Understocked
BLR021,2025-02-12 18:00:00,dry,4,12,16,0.25,OK
BLR021,2025-02-12 19:00:00,dry,7,9,16,0.44,OK
BLR021,2025-02-12 20:00:00,dry,9,7,16,0.56,OK
BLR021,2025-02-12 21:00:00,dry,8,8,16,0.5,OK
BLR021,2025-02-12 22:00:00,dry,8,8,16,0.5,OK
BLR021,2025-02-12 23:00:00,dry,9,7,16,0.56,OK
BLR021,2025-02-13 00:00:00,dry,10,6,16,0.62,OK
BLR021,2025-02-13 01:00:00,dry,10,6,16,0.62,OK
BLR021,2025-02-13 02:00:00,dry,10,6,16,0.62,OK
BLR021,2025-02-13 03:00:00,dry,9,7,16,0.56,OK
BLR021,2025-02-13 04:00:00,dry,9,7,16,0.56,OK
BLR021,2025-02-13 05:00:00,dry,10,6,16,0.62,OK
BLR021,2025-02-13 06:00:00,dry,11,5,16,0.69,OK
BLR021,2025-02-13 07:00:00,dry,11,5,16,0.69,OK
BLR021,2025-02-13 08:00:00,dry,4,12,16,0.25,OK
BLR021,2025-02-13 09:00:00,dry,1,15,16,0.06,Understocked
BLR021,2025-02-13 10:00:00,dry,1,15,16,0.06,Understocked
BLR021,2025-02-13 11:00:00,dry,1,15,16,0.06,Understocked
BLR021,2025-02-13 12:00:00,dry,1,15,16,0.06,Understocked
BLR021,2025-02-13 13:00:00,dry,1,15,16,0.06,Understocked
BLR021,2025-02-13 14:00:00,dry,2,14,16,0.12,OK
BLR021,2025-02-13 15:00:00,dry,1,15,16,0.06,Understocked
BLR021,2025-02-13 16:00:00,dry,2,14,16,0.12,OK
BLR021,2025-02-13 17:00:00,dry,2,14,16,0.12,OK
BLR021,2025-02-13 18:00:00,dry,4,12,16,0.25,OK
BLR021,2025-02-13 19:00:00,dry,7,9,16,0.44,OK
BLR021,2025-02-13 20:00:00,dry,8,8,16,0.5,OK
BLR021,2025-02-13 21:00:00,dry,7,9,16,0.44,OK
BLR021,2025-02-13 22:00:00,dry,6,10,16,0.38,OK
BLR021,2025-02-13 23:00:00,dry,6,10,16,0.38,OK
BLR021,2025-02-14 00:00:00,dry,6,10,16,0.38,OK
BLR021,2025-02-14 01:00:00,dry,5,11,16,0.31,OK
BLR021,2025-02-14 02:00:00,dry,6,10,16,0.38,OK
BLR021,2025-02-14 03:00:00,dry,6,10,16,0.38,OK
BLR021,2025-02-14 04:00:00,dry,6,10,16,0.38,OK
BLR021,2025-02-14 05:00:00,dry,7,9,16,0.44,OK
BLR021,2025-02-14 06:00:00,dry,7,9,16,0.44,OK
BLR021,2025-02-14 07:00:00,dry,6,10,16,0.38,OK
BLR021,2025-02-14 08:00:00,dry,2,14,16,0.12,OK
BLR021,2025-02-14 09:00:00,dry,1,15,16,0.06,Understocked
BLR021,2025-02-14 10:00:00,dry,1,15,16,0.06,Understocked
BLR021,2025-02-14 11:00:00,dry,2,14,16,0.12,OK
BLR021,2025-02-14 12:00:00,dry,2,14,16,0.12,OK
BLR021,2025-02-14 13:00:00,dry,2,14,16,0.12,OK
BLR021,2025-02-14 14:00:00,dry,2,14,16,0.12,OK
BLR021,2025-02-14 15:00:00,dry,1,15,16,0.06,Understocked
BLR021,2025-02-14 16:00:00,dry,0,16,16,0.0,Understocked
BLR021,2025-02-14 17:00:00,dry,1,15,16,0.06,Understocked
BLR021,2025-02-14 18:00:00,dry,1,15,16,0.06,Understocked
BLR021,2025-02-14 19:00:00,dry,3,13,16,0.19,OK
BLR021,2025-02-14 20:00:00,dry,4,12,16,0.25,OK
BLR021,2025-02-14 21:00:00,dry,5,11,16,0.31,OK
BLR021,2025-02-14 22:00:00,dry,4,12,16,0.25,OK
BLR021,2025-02-14 23:00:00,dry,3,13,16,0.19,OK
BLR021,2025-02-15 00:00:00,dry,4,12,16,0.25,OK
BLR021,2025-02-15 01:00:00,dry,5,11,16,0.31,OK
BLR021,2025-02-15 02:00:00,dry,5,11,16,0.31,OK
BLR021,2025-02-15 03:00:00,dry,4,12,16,0.25,OK
BLR021,2025-02-15 04:00:00,dry,3,13,16,0.19,OK
BLR021,2025-02-15 05:00:00,dry,2,14,16,0.12,OK
BLR021,2025-02-15 06:00:00,dry,2,14,16,0.12,OK
BLR021,2025-02-15 07:00:00,dry,2,14,16,0.12,OK
BLR021,2025-02-15 08:00:00,dry,2,14,16,0.12,OK
BLR021,2025-02-15 09:00:00,dry,2,14,16,0.12,OK
BLR021,2025-02-15 10:00:00,dry,2,14,16,0.12,OK
BLR021,2025-02-15 11:00:00,dry,3,13,16,0.19,OK
BLR021,2025-02-15 12:00:00,dry,4,12,16,0.25,OK
BLR021,2025-02-15 13:00:00,dry,5,11,16,0.31,OK
BLR021,2025-02-15 14:00:00,dry,6,10,16,0.38,OK
BLR021,2025-02-15 15:00:00,dry,6,10,16,0.38,OK
BLR021,2025-02-15 16:00:00,dry,7,9,16,0.44,OK
BLR021,2025-02-15 17:00:00,dry,7,9,16,0.44,OK
BLR021,2025-02-15 18:00:00,dry,12,4,16,0.75,OK
BLR021,2025-02-15 19:00:00,dry,12,4,16,0.75,OK
BLR021,2025-02-15 20:00:00,dry,12,4,16,0.75,OK
BLR021,2025-02-15 21:00:00,dry,13,3,16,0.81,OK
BLR021,2025-02-15 22:00:00,dry,12,4,16,0.75,OK
BLR021,2025-02-15 23:00:00,dry,13,3,16,0.81,OK
BLR021,2025-02-16 00:00:00,dry,12,4,16,0.75,OK
BLR021,2025-02-16 01:00:00,dry,13,3,16,0.81,OK
BLR021,2025-02-16 02:00:00,dry,12,4,16,0.75,OK
BLR021,2025-02-16 03:00:00,dry,13,3,16,0.81,OK
BLR021,2025-02-16 04:00:00,dry,12,4,16,0.75,OK
BLR021,2025-02-16 05:00:00,dry,12,4,16,0.75,OK
BLR021,2025-02-16 06:00:00,dry,12,4,16,0.75,OK
BLR021,2025-02-16 07:00:00,dry,11,5,16,0.69,OK
BLR021,2025-02-16 08:00:00,dry,11,5,16,0.69,OK
BLR021,2025-02-16 09:00:00,dry,8,8,16,0.5,OK
BLR021,2025-02-16 10:00:00,dry,3,13,16,0.19,OK
BLR021,2025-02-16 11:00:00,dry,3,13,16,0.19,OK
BLR021,2025-02-16 12:00:00,dry,2,14,16,0.12,OK
BLR021,2025-02-16 13:00:00,dry,1,15,16,0.06,Understocked
BLR021,2025-02-16 14:00:00,dry,1,15,16,0.06,Understocked
BLR021,2025-02-16 15:00:00,dry,1,15,16,0.06,Understocked
BLR021,2025-02-16 16:00:00,dry,2,14,16,0.12,OK
BLR021,2025-02-16 17:00:00,dry,3,13,16,0.19,OK
BLR021,2025-02-16 18:00:00,dry,5,11,16,0.31,OK
BLR021,2025-02-16 19:00:00,dry,7,9,16,0.44,OK
BLR021,2025-02-16 20:00:00,dry,7,9,16,0.44,OK
BLR021,2025-02-16 21:00:00,dry,6,10,16,0.38,OK
BLR021,2025-02-16 22:00:00,dry,7,9,16,0.44,OK
BLR021,2025-02-16 23:00:00,dry,6,10,16,0.38,OK
BLR022,2025-02-10 00:00:00,dry,7,5,12,0.58,OK
BLR022,2025-02-10 01:00:00,dry,7,5,12,0.58,OK
BLR022,2025-02-10 02:00:00,dry,8,4,12,0.67,OK
BLR022,2025-02-10 03:00:00,dry,7,5,12,0.58,OK
BLR022,2025-02-10 04:00:00,dry,6,6,12,0.5,OK
BLR022,2025-02-10 05:00:00,dry,6,6,12,0.5,OK
BLR022,2025-02-10 06:00:00,dry,5,7,12,0.42,OK
BLR022,2025-02-10 07:00:00,dry,3,9,12,0.25,OK
BLR022,2025-02-10 08:00:00,dry,2,10,12,0.17,OK
BLR022,2025-02-10 09:00:00,dry,1,11,12,0.08,Understocked
BLR022,2025-02-10 10:00:00,dry,0,12,12,0.0,Understocked
BLR022,2025-02-10 11:00:00,dry,0,12,12,0.0,Understocked
BLR022,2025-02-10 12:00:00,dry,0,12,12,0.0,Understocked
BLR022,2025-02-10 13:00:00,dry,1,11,12,0.08,Understocked
BLR022,2025-02-10 14:00:00,dry,2,10,12,0.17,OK
BLR022,2025-02-10 15:00:00,dry,3,9,12,0.25,OK
BLR022,2025-02-10 16:00:00,dry,3,9,12,0.25,OK
BLR022,2025-02-10 17:00:00,dry,3,9,12,0.25,OK
BLR022,2025-02-10 18:00:00,dry,5,7,12,0.42,OK
BLR022,2025-02-10 19:00:00,dry,8,4,12,0.67,OK
BLR022,2025-02-10 20:00:00,dry,8,4,12,0.67,OK
BLR022,2025-02-10 21:00:00,dry,8,4,12,0.67,OK
BLR022,2025-02-10 22:00:00,dry,7,5,12,0.58,OK
BLR022,2025-02-10 23:00:00,dry,8,4,12,0.67,OK
BLR022,2025-02-11 00:00:00,dry,9,3,12,0.75,OK
BLR022,2025-02-11 01:00:00,dry,10,2,12,0.83,OK
BLR022,2025-02-11 02:00:00,dry,10,2,12,0.83,OK
BLR022,2025-02-11 03:00:00,dry,11,1,12,0.92,Overstocked
BLR022,2025-02-11 04:00:00,dry,12,0,12,1.0,Overstocked
BLR022,2025-02-11 05:00:00,dry,12,0,12,1.0,Overstocked
BLR022,2025-02-11 06:00:00,dry,11,1,12,0.92,Overstocked
BLR022,2025-02-11 07:00:00,dry,8,4,12,0.67,OK
BLR022,2025-02-11 08:00:00,dry,6,6,12,0.5,OK
BLR022,2025-02-11 09:00:00,dry,4,8,12,0.33,OK
BLR022,2025-02-11 10:00:00,dry,3,9,12,0.25,OK
BLR022,2025-02-11 11:00:00,dry,3,9,12,0.25,OK
BLR022,2025-02-11 12:00:00,dry,2,10,12,0.17,OK
BLR022,2025-02-11 13:00:00,dry,2,10,12,0.17,OK
BLR022,2025-02-11 14:00:00,dry,3,9,12,0.25,OK
BLR022,2025-02-11 15:00:00,dry,2,10,12,0.17,OK
BLR022,2025-02-11 16:00:00,dry,2,10,12,0.17,OK
BLR022,2025-02-11 17:00:00,dry,3,9,12,0.25,OK
BLR022,2025-02-11 18:00:00,dry,6,6,12,0.5,OK
BLR022,2025-02-11 19:00:00,dry,8,4,12,0.67,OK
BLR022,2025-02-11 20:00:00,dry,9,3,12,0.75,OK
BLR022,2025-02-11 21:00:00,dry,9,3,12,0.75,OK
BLR022,2025-02-11 22:00:00,dry,9,3,12,0.75,OK
BLR022,2025-02-11 23:00:00,dry,10,2,12,0.83,OK
BLR022,2025-02-12 00:00:00,dry,9,3,12,0.75,OK
BLR022,2025-02-12 01:00:00,dry,10,2,12,0.83,OK
BLR022,2025-02-12 02:00:00,dry,11,1,12,0.92,Overstocked
BLR022,2025-02-12 03:00:00,dry,11,1,12,0.92,Overstocked
BLR022,2025-02-12 04:00:00,dry,11,1,12,0.92,Overstocked
BLR022,2025-02-12 05:00:00,dry,12,0,12,1.0,Overstocked
BLR022,2025-02-12 06:00:00,dry,12,0,12,1.0,Overstocked
BLR022,2025-02-12 07:00:00,dry,11,1,12,0.92,Overstocked
BLR022,2025-02-12 08:00:00,dry,9,3,12,0.75,OK
BLR022,2025-02-12 09:00:00,dry,8,4,12,0.67,OK
BLR022,2025-02-12 10:00:00,dry,5,7,12,0.42,OK
BLR022,2025-02-12 11:00:00,dry,6,6,12,0.5,OK
BLR022,2025-02-12 12:00:00,dry,6,6,12,0.5,OK
BLR022,2025-02-12 13:00:00,dry,7,5,12,0.58,OK
BLR022,2025-02-12 14:00:00,dry,6,6,12,0.5,OK
BLR022,2025-02-12 15:00:00,dry,5,7,12,0.42,OK
BLR022,2025-02-12 16:00:00,dry,5,7,12,0.42,OK
BLR022,2025-02-12 17:00:00,dry,6,6,12,0.5,OK
BLR022,2025-02-12 18:00:00,dry,9,3,12,0.75,OK
BLR022,2025-02-12 19:00:00,dry,10,2,12,0.83,OK
BLR022,2025-02-12 20:00:00,dry,11,1,12,0.92,Overstocked
BLR022,2025-02-12 21:00:00,dry,12,0,12,1.0,Overstocked
BLR022,2025-02-12 22:00:00,dry,12,0,12,1.0,Overstocked
BLR022,2025-02-12 23:00:00,dry,12,0,12,1.0,Overstocked
BLR022,2025-02-13 00:00:00,dry,11,1,12,0.92,Overstocked
BLR022,2025-02-13 01:00:00,dry,11,1,12,0.92,Overstocked
BLR022,2025-02-13 02:00:00,dry,10,2,12,0.83,OK
BLR022,2025-02-13 03:00:00,dry,11,1,12,0.92,Overstocked
BLR022,2025-02-13 04:00:00,dry,12,0,12,1.0,Overstocked
BLR022,2025-02-13 05:00:00,dry,12,0,12,1.0,Overstocked
BLR022,2025-02-13 06:00:00,dry,12,0,12,1.0,Overstocked
BLR022,2025-02-13 07:00:00,dry,11,1,12,0.92,Overstocked
BLR022,2025-02-13 08:00:00,dry,10,2,12,0.83,OK
BLR022,2025-02-13 09:00:00,dry,9,3,12,0.75,OK
BLR022,2025-02-13 10:00:00,dry,6,6,12,0.5,OK
BLR022,2025-02-13 11:00:00,dry,5,7,12,0.42,OK
BLR022,2025-02-13 12:00:00,dry,4,8,12,0.33,OK
BLR022,2025-02-13 13:00:00,dry,4,8,12,0.33,OK
BLR022,2025-02-13 14:00:00,dry,4,8,12,0.33,OK
BLR022,2025-02-13 15:00:00,dry,5,7,12,0.42,OK
BLR022,2025-02-13 16:00:00,dry,5,7,12,0.42,OK
BLR022,2025-02-13 17:00:00,dry,6,6,12,0.5,OK
BLR022,2025-02-13 18:00:00,dry,8,4,12,0.67,OK
BLR022,2025-02-13 19:00:00,dry,9,3,12,0.75,OK
BLR022,2025-02-13 20:00:00,dry,9,3,12,0.75,OK
BLR022,2025-02-13 21:00:00,dry,10,2,12,0.83,OK
BLR022,2025-02-13 22:00:00,dry,10,2,12,0.83,OK
BLR022,2025-02-13 23:00:00,dry,10,2,12,0.83,OK
BLR022,2025-02-14 00:00:00,dry,10,2,12,0.83,OK
BLR022,2025-02-14 01:00:00,dry,9,3,12,0.75,OK
BLR022,2025-02-14 02:00:00,dry,8,4,12,0.67,OK
BLR022,2025-02-14 03:00:00,dry,9,3,12,0.75,OK
BLR022,2025-02-14 04:00:00,dry,8,4,12,0.67,OK
BLR022,2025-02-14 05:00:00,dry,8,4,12,0.67,OK
BLR022,2025-02-14 06:00:00,dry,9,3,12,0.75,OK
BLR022,2025-02-14 07:00:00,dry,9,3,12,0.75,OK
BLR022,2025-02-14 08:00:00,dry,8,4,12,0.67,OK
BLR022,2025-02-14 09:00:00,dry,5,7,12,0.42,OK
BLR022,2025-02-14 10:00:00,dry,5,7,12,0.42,OK
BLR022,2025-02-14 11:00:00,dry,5,7,12,0.42,OK
BLR022,2025-02-14 12:00:00,dry,6,6,12,0.5,OK
BLR022,2025-02-14 13:00:00,dry,6,6,12,0.5,OK
BLR022,2025-02-14 14:00:00,dry,6,6,12,0.5,OK
BLR022,2025-02-14 15:00:00,dry,7,5,12,0.58,OK
BLR022,2025-02-14 16:00:00,dry,7,5,12,0.58,OK
BLR022,2025-02-14 17:00:00,dry,9,3,12,0.75,OK
BLR022,2025-02-14 18:00:00,dry,12,0,12,1.0,Overstocked
BLR022,2025-02-14 19:00:00,dry,12,0,12,1.0,Overstocked
BLR022,2025-02-14 20:00:00,dry,12,0,12,1.0,Overstocked
BLR022,2025-02-14 21:00:00,dry,12,0,12,1.0,Overstocked
BLR022,2025-02-14 22:00:00,dry,11,1,12,0.92,Overstocked
BLR022,2025-02-14 23:00:00,dry,10,2,12,0.83,OK
BLR022,2025-02-15 00:00:00,dry,9,3,12,0.75,OK
BLR022,2025-02-15 01:00:00,dry,10,2,12,0.83,OK
BLR022,2025-02-15 02:00:00,dry,10,2,12,0.83,OK
BLR022,2025-02-15 03:00:00,dry,11,1,12,0.92,Overstocked
BLR022,2025-02-15 04:00:00,dry,10,2,12,0.83,OK
BLR022,2025-02-15 05:00:00,dry,11,1,12,0.92,Overstocked
BLR022,2025-02-15 06:00:00,dry,11,1,12,0.92,Overstocked
BLR022,2025-02-15 07:00:00,dry,10,2,12,0.83,OK
BLR022,2025-02-15 08:00:00,dry,9,3,12,0.75,OK
BLR022,2025-02-15 09:00:00,dry,8,4,12,0.67,OK
BLR022,2025-02-15 10:00:00,dry,6,6,12,0.5,OK
BLR022,2025-02-15 11:00:00,dry,7,5,12,0.58,OK
BLR022,2025-02-15 12:00:00,dry,8,4,12,0.67,OK
BLR022,2025-02-15 13:00:00,dry,9,3,12,0.75,OK
BLR022,2025-02-15 14:00:00,dry,8,4,12,0.67,OK
BLR022,2025-02-15 15:00:00,dry,9,3,12,0.75,OK
BLR022,2025-02-15 16:00:00,dry,10,2,12,0.83,OK
BLR022,2025-02-15 17:00:00,dry,12,0,12,1.0,Overstocked
BLR022,2025-02-15 18:00:00,dry,12,0,12,1.0,Overstocked
BLR022,2025-02-15 19:00:00,dry,12,0,12,1.0,Overstocked
BLR022,2025-02-15 20:00:00,dry,12,0,12,1.0,Overstocked
BLR022,2025-02-15 21:00:00,dry,12,0,12,1.0,Overstocked
BLR022,2025-02-15 22:00:00,dry,11,1,12,0.92,Overstocked
BLR022,2025-02-15 23:00:00,dry,11,1,12,0.92,Overstocked
BLR022,2025-02-16 00:00:00,dry,11,1,12,0.92,Overstocked
BLR022,2025-02-16 01:00:00,dry,12,0,12,1.0,Overstocked
BLR022,2025-02-16 02:00:00,dry,12,0,12,1.0,Overstocked
BLR022,2025-02-16 03:00:00,dry,12,0,12,1.0,Overstocked
BLR022,2025-02-16 04:00:00,dry,12,0,12,1.0,Overstocked
BLR022,2025-02-16 05:00:00,dry,11,1,12,0.92,Overstocked
BLR022,2025-02-16 06:00:00,dry,10,2,12,0.83,OK
BLR022,2025-02-16 07:00:00,dry,10,2,12,0.83,OK
BLR022,2025-02-16 08:00:00,dry,10,2,12,0.83,OK
BLR022,2025-02-16 09:00:00,dry,9,3,12,0.75,OK
BLR022,2025-02-16 10:00:00,dry,9,3,12,0.75,OK
BLR022,2025-02-16 11:00:00,dry,8,4,12,0.67,OK
BLR022,2025-02-16 12:00:00,dry,7,5,12,0.58,OK
BLR022,2025-02-16 13:00:00,dry,8,4,12,0.67,OK
BLR022,2025-02-16 14:00:00,dry,8,4,12,0.67,OK
BLR022,2025-02-16 15:00:00,dry,9,3,12,0.75,OK
BLR022,2025-02-16 16:00:00,dry,8,4,12,0.67,OK
BLR022,2025-02-16 17:00:00,dry,10,2,12,0.83,OK
BLR022,2025-02-16 18:00:00,dry,12,0,12,1.0,Overstocked
BLR022,2025-02-16 19:00:00,dry,12,0,12,1.0,Overstocked
BLR022,2025-02-16 20:00:00,dry,12,0,12,1.0,Overstocked
BLR022,2025-02-16 21:00:00,dry,12,0,12,1.0,Overstocked
BLR022,2025-02-16 22:00:00,dry,11,1,12,0.92,Overstocked
BLR022,2025-02-16 23:00:00,dry,12,0,12,1.0,Overstocked
BLR023,2025-02-10 00:00:00,dry,16,8,24,0.67,OK
BLR023,2025-02-10 01:00:00,dry,15,9,24,0.62,OK
BLR023,2025-02-10 02:00:00,dry,16,8,24,0.67,OK
BLR023,2025-02-10 03:00:00,dry,16,8,24,0.67,OK
BLR023,2025-02-10 04:00:00,dry,17,7,24,0.71,OK
BLR023,2025-02-10 05:00:00,dry,17,7,24,0.71,OK
BLR023,2025-02-10 06:00:00,dry,18,6,24,0.75,OK
BLR023,2025-02-10 07:00:00,dry,16,8,24,0.67,OK
BLR023,2025-02-10 08:00:00,dry,15,9,24,0.62,OK
BLR023,2025-02-10 09:00:00,dry,12,12,24,0.5,OK
BLR023,2025-02-10 10:00:00,dry,10,14,24,0.42,OK
BLR023,2025-02-10 11:00:00,dry,10,14,24,0.42,OK
BLR023,2025-02-10 12:00:00,dry,11,13,24,0.46,OK
BLR023,2025-02-10 13:00:00,dry,10,14,24,0.42,OK
BLR023,2025-02-10 14:00:00,dry,9,15,24,0.38,OK
BLR023,2025-02-10 15:00:00,dry,9,15,24,0.38,OK
BLR023,2025-02-10 16:00:00,dry,9,15,24,0.38,OK
BLR023,2025-02-10 17:00:00,dry,9,15,24,0.38,OK
BLR023,2025-02-10 18:00:00,dry,12,12,24,0.5,OK
BLR023,2025-02-10 19:00:00,dry,13,11,24,0.54,OK
BLR023,2025-02-10 20:00:00,dry,14,10,24,0.58,OK
BLR023,2025-02-10 21:00:00,dry,14,10,24,0.58,OK
BLR023,2025-02-10 22:00:00,dry,13,11,24,0.54,OK
BLR023,2025-02-10 23:00:00,dry,12,12,24,0.5,OK
BLR023,2025-02-11 00:00:00,dry,12,12,24,0.5,OK
BLR023,2025-02-11 01:00:00,dry,13,11,24,0.54,OK
BLR023,2025-02-11 02:00:00,dry,13,11,24,0.54,OK
BLR023,2025-02-11 03:00:00,dry,13,11,24,0.54,OK
BLR023,2025-02-11 04:00:00,dry,12,12,24,0.5,OK
BLR023,2025-02-11 05:00:00,dry,11,13,24,0.46,OK
BLR023,2025-02-11 06:00:00,dry,12,12,24,0.5,OK
BLR023,2025-02-11 07:00:00,dry,9,15,24,0.38,OK
BLR023,2025-02-11 08:00:00,dry,7,17,24,0.29,OK
BLR023,2025-02-11 09:00:00,dry,6,18,24,0.25,OK
BLR023,2025-02-11 10:00:00,dry,3,21,24,0.12,OK
BLR023,2025-02-11 11:00:00,dry,2,22,24,0.08,Understocked
BLR023,2025-02-11 12:00:00,dry,2,22,24,0.08,Understocked
BLR023,2025-02-11 13:00:00,dry,3,21,24,0.12,OK
BLR023,2025-02-11 14:00:00,dry,3,21,24,0.12,OK
BLR023,2025-02-11 15:00:00,dry,4,20,24,0.17,OK
BLR023,2025-02-11 16:00:00,dry,5,19,24,0.21,OK
BLR023,2025-02-11 17:00:00,dry,7,17,24,0.29,OK
BLR023,2025-02-11 18:00:00,dry,9,15,24,0.38,OK
BLR023,2025-02-11 19:00:00,dry,9,15,24,0.38,OK
BLR023,2025-02-11 20:00:00,dry,13,11,24,0.54,OK
BLR023,2025-02-11 21:00:00,dry,14,10,24,0.58,OK
BLR023,2025-02-11 22:00:00,dry,14,10,24,0.58,OK
BLR023,2025-02-11 23:00:00,dry,14,10,24,0.58,OK
BLR023,2025-02-12 00:00:00,dry,14,10,24,0.58,OK
BLR023,2025-02-12 01:00:00,dry,15,9,24,0.62,OK
BLR023,2025-02-12 02:00:00,dry,15,9,24,0.62,OK
BLR023,2025-02-12 03:00:00,dry,15,9,24,0.62,OK
BLR023,2025-02-12 04:00:00,dry,15,9,24,0.62,OK
BLR023,2025-02-12 05:00:00,dry,15,9,24,0.62,OK
BLR023,2025-02-12 06:00:00,dry,14,10,24,0.58,OK
BLR023,2025-02-12 07:00:00,dry,14,10,24,0.58,OK
BLR023,2025-02-12 08:00:00,dry,13,11,24,0.54,OK
BLR023,2025-02-12 09:00:00,dry,12,12,24,0.5,OK
BLR023,2025-02-12 10:00:00,dry,12,12,24,0.5,OK
BLR023,2025-02-12 11:00:00,dry,13,11,24,0.54,OK
BLR023,2025-02-12 12:00:00,dry,13,11,24,0.54,OK
BLR023,2025-02-12 13:00:00,dry,13,11,24,0.54,OK
BLR023,2025-02-12 14:00:00,dry,14,10,24,0.58,OK
BLR023,2025-02-12 15:00:00,dry,15,9,24,0.62,OK
BLR023,2025-02-12 16:00:00,dry,16,8,24,0.67,OK
BLR023,2025-02-12 17:00:00,dry,18,6,24,0.75,OK
BLR023,2025-02-12 18:00:00,dry,18,6,24,0.75,OK
BLR023,2025-02-12 19:00:00,dry,19,5,24,0.79,OK
BLR023,2025-02-12 20:00:00,dry,19,5,24,0.79,OK
BLR023,2025-02-12 21:00:00,dry,19,5,24,0.79,OK
BLR023,2025-02-12 22:00:00,dry,18,6,24,0.75,OK
BLR023,2025-02-12 23:00:00,dry,19,5,24,0.79,OK
BLR023,2025-02-13 00:00:00,dry,20,4,24,0.83,OK
BLR023,2025-02-13 01:00:00,dry,21,3,24,0.88,OK
BLR023,2025-02-13 02:00:00,dry,20,4,24,0.83,OK
BLR023,2025-02-13 03:00:00,dry,19,5,24,0.79,OK
BLR023,2025-02-13 04:00:00,dry,18,6,24,0.75,OK
BLR023,2025-02-13 05:00:00,dry,18,6,24,0.75,OK
BLR023,2025-02-13 06:00:00,dry,17,7,24,0.71,OK
BLR023,2025-02-13 07:00:00,dry,15,9,24,0.62,OK
BLR023,2025-02-13 08:00:00,dry,13,11,24,0.54,OK
BLR023,2025-02-13 09:00:00,dry,12,12,24,0.5,OK
BLR023,2025-02-13 10:00:00,dry,12,12,24,0.5,OK
BLR023,2025-02-13 11:00:00,dry,12,12,24,0.5,OK
BLR023,2025-02-13 12:00:00,dry,11,13,24,0.46,OK
BLR023,2025-02-13 13:00:00,dry,11,13,24,0.46,OK
BLR023,2025-02-13 14:00:00,dry,10,14,24,0.42,OK
BLR023,2025-02-13 15:00:00,dry,10,14,24,0.42,OK
BLR023,2025-02-13 16:00:00,dry,10,14,24,0.42,OK
BLR023,2025-02-13 17:00:00,dry,14,10,24,0.58,OK
BLR023,2025-02-13 18:00:00,dry,18,6,24,0.75,OK
BLR023,2025-02-13 19:00:00,dry,19,5,24,0.79,OK
BLR023,2025-02-13 20:00:00,dry,20,4,24,0.83,OK
BLR023,2025-02-13 21:00:00,dry,19,5,24,0.79,OK
BLR023,2025-02-13 22:00:00,dry,18,6,24,0.75,OK
BLR023,2025-02-13 23:00:00,dry,17,7,24,0.71,OK
BLR023,2025-02-14 00:00:00,dry,16,8,24,0.67,OK
BLR023,2025-02-14 01:00:00,dry,16,8,24,0.67,OK
BLR023,2025-02-14 02:00:00,dry,15,9,24,0.62,OK
BLR023,2025-02-14 03:00:00,dry,16,8,24,0.67,OK
BLR023,2025-02-14 04:00:00,dry,16,8,24,0.67,OK
BLR023,2025-02-14 05:00:00,dry,17,7,24,0.71,OK
BLR023,2025-02-14 06:00:00,dry,17,7,24,0.71,OK
BLR023,2025-02-14 07:00:00,dry,16,8,24,0.67,OK
BLR023,2025-02-14 08:00:00,dry,12,12,24,0.5,OK
BLR023,2025-02-14 09:00:00,dry,11,13,24,0.46,OK
BLR023,2025-02-14 10:00:00,dry,11,13,24,0.46,OK
BLR023,2025-02-14 11:00:00,dry,10,14,24,0.42,OK
BLR023,2025-02-14 12:00:00,dry,9,15,24,0.38,OK
BLR023,2025-02-14 13:00:00,dry,9,15,24,0.38,OK
BLR023,2025-02-14 14:00:00,dry,10,14,24,0.42,OK
BLR023,2025-02-14 15:00:00,dry,11,13,24,0.46,OK
BLR023,2025-02-14 16:00:00,dry,10,14,24,0.42,OK
BLR023,2025-02-14 17:00:00,dry,10,14,24,0.42,OK
BLR023,2025-02-14 18:00:00,dry,11,13,24,0.46,OK
BLR023,2025-02-14 19:00:00,dry,12,12,24,0.5,OK
BLR023,2025-02-14 20:00:00,dry,12,12,24,0.5,OK
BLR023,2025-02-14 21:00:00,dry,12,12,24,0.5,OK
BLR023,2025-02-14 22:00:00,dry,12,12,24,0.5,OK
BLR023,2025-02-14 23:00:00,dry,11,13,24,0.46,OK
BLR023,2025-02-15 00:00:00,dry,12,12,24,0.5,OK
BLR023,2025-02-15 01:00:00,dry,12,12,24,0.5,OK
BLR023,2025-02-15 02:00:00,dry,11,13,24,0.46,OK
BLR023,2025-02-15 03:00:00,dry,10,14,24,0.42,OK
BLR023,2025-02-15 04:00:00,dry,11,13,24,0.46,OK
BLR023,2025-02-15 05:00:00,dry,10,14,24,0.42,OK
BLR023,2025-02-15 06:00:00,dry,11,13,24,0.46,OK
BLR023,2025-02-15 07:00:00,dry,11,13,24,0.46,OK
BLR023,2025-02-15 08:00:00,dry,11,13,24,0.46,OK
BLR023,2025-02-15 09:00:00,dry,9,15,24,0.38,OK
BLR023,2025-02-15 10:00:00,dry,6,18,24,0.25,OK
BLR023,2025-02-15 11:00:00,dry,6,18,24,0.25,OK
BLR023,2025-02-15 12:00:00,dry,6,18,24,0.25,OK
BLR023,2025-02-15 13:00:00,dry,7,17,24,0.29,OK
BLR023,2025-02-15 14:00:00,dry,8,16,24,0.33,OK
BLR023,2025-02-15 15:00:00,dry,8,16,24,0.33,OK
BLR023,2025-02-15 16:00:00,dry,8,16,24,0.33,OK
BLR023,2025-02-15 17:00:00,dry,9,15,24,0.38,OK
BLR023,2025-02-15 18:00:00,dry,9,15,24,0.38,OK
BLR023,2025-02-15 19:00:00,dry,11,13,24,0.46,OK
BLR023,2025-02-15 20:00:00,dry,12,12,24,0.5,OK
BLR023,2025-02-15 21:00:00,dry,13,11,24,0.54,OK
BLR023,2025-02-15 22:00:00,dry,14,10,24,0.58,OK
BLR023,2025-02-15 23:00:00,dry,14,10,24,0.58,OK
BLR023,2025-02-16 00:00:00,dry,13,11,24,0.54,OK
BLR023,2025-02-16 01:00:00,dry,12,12,24,0.5,OK
BLR023,2025-02-16 02:00:00,dry,13,11,24,0.54,OK
BLR023,2025-02-16 03:00:00,dry,13,11,24,0.54,OK
BLR023,2025-02-16 04:00:00,dry,13,11,24,0.54,OK
BLR023,2025-02-16 05:00:00,dry,13,11,24,0.54,OK
BLR023,2025-02-16 06:00:00,dry,12,12,24,0.5,OK
BLR023,2025-02-16 07:00:00,dry,12,12,24,0.5,OK
BLR023,2025-02-16 08:00:00,dry,11,13,24,0.46,OK
BLR023,2025-02-16 09:00:00,dry,10,14,24,0.42,OK
BLR023,2025-02-16 10:00:00,dry,10,14,24,0.42,OK
BLR023,2025-02-16 11:00:00,dry,9,15,24,0.38,OK
BLR023,2025-02-16 12:00:00,dry,10,14,24,0.42,OK
BLR023,2025-02-16 13:00:00,dry,11,13,24,0.46,OK
BLR023,2025-02-16 14:00:00,dry,12,12,24,0.5,OK
BLR023,2025-02-16 15:00:00,dry,13,11,24,0.54,OK
BLR023,2025-02-16 16:00:00,dry,13,11,24,0.54,OK
BLR023,2025-02-16 17:00:00,dry,16,8,24,0.67,OK
BLR023,2025-02-16 18:00:00,dry,19,5,24,0.79,OK
BLR023,2025-02-16 19:00:00,dry,21,3,24,0.88,OK
BLR023,2025-02-16 20:00:00,dry,22,2,24,0.92,Overstocked
BLR023,2025-02-16 21:00:00,dry,21,3,24,0.88,OK
BLR023,2025-02-16 22:00:00,dry,22,2,24,0.92,Overstocked
BLR023,2025-02-16 23:00:00,dry,21,3,24,0.88,OK
BLR024,2025-02-10 00:00:00,dry,6,10,16,0.38,OK
BLR024,2025-02-10 01:00:00,dry,5,11,16,0.31,OK
BLR024,2025-02-10 02:00:00,dry,6,10,16,0.38,OK
BLR024,2025-02-10 03:00:00,dry,6,10,16,0.38,OK
BLR024,2025-02-10 04:00:00,dry,6,10,16,0.38,OK
BLR024,2025-02-10 05:00:00,dry,7,9,16,0.44,OK
BLR024,2025-02-10 06:00:00,dry,6,10,16,0.38,OK
BLR024,2025-02-10 07:00:00,dry,5,11,16,0.31,OK
BLR024,2025-02-10 08:00:00,dry,4,12,16,0.25,OK
BLR024,2025-02-10 09:00:00,dry,1,15,16,0.06,Understocked
BLR024,2025-02-10 10:00:00,dry,0,16,16,0.0,Understocked
BLR024,2025-02-10 11:00:00,dry,0,16,16,0.0,Understocked
BLR024,2025-02-10 12:00:00,dry,0,16,16,0.0,Understocked
BLR024,2025-02-10 13:00:00,dry,1,15,16,0.06,Understocked
BLR024,2025-02-10 14:00:00,dry,0,16,16,0.0,Understocked
BLR024,2025-02-10 15:00:00,dry,0,16,16,0.0,Understocked
BLR024,2025-02-10 16:00:00,dry,0,16,16,0.0,Understocked
BLR024,2025-02-10 17:00:00,dry,3,13,16,0.19,OK
BLR024,2025-02-10 18:00:00,dry,3,13,16,0.19,OK
BLR024,2025-02-10 19:00:00,dry,6,10,16,0.38,OK
BLR024,2025-02-10 20:00:00,dry,6,10,16,0.38,OK
BLR024,2025-02-10 21:00:00,dry,6,10,16,0.38,OK
BLR024,2025-02-10 22:00:00,dry,7,9,16,0.44,OK
BLR024,2025-02-10 23:00:00,dry,8,8,16,0.5,OK
BLR024,2025-02-11 00:00:00,dry,7,9,16,0.44,OK
BLR024,2025-02-11 01:00:00,dry,6,10,16,0.38,OK
BLR024,2025-02-11 02:00:00,dry,7,9,16,0.44,OK
BLR024,2025-02-11 03:00:00,dry,7,9,16,0.44,OK
BLR024,2025-02-11 04:00:00,dry,7,9,16,0.44,OK
BLR024,2025-02-11 05:00:00,dry,8,8,16,0.5,OK
BLR024,2025-02-11 06:00:00,dry,7,9,16,0.44,OK
BLR024,2025-02-11 07:00:00,dry,6,10,16,0.38,OK
BLR024,2025-02-11 08:00:00,dry,1,15,16,0.06,Understocked
BLR024,2025-02-11 09:00:00,dry,0,16,16,0.0,Understocked
BLR024,2025-02-11 10:00:00,dry,0,16,16,0.0,Understocked
BLR024,2025-02-11 11:00:00,dry,1,15,16,0.06,Understocked
BLR024,2025-02-11 12:00:00,dry,0,16,16,0.0,Understocked
BLR024,2025-02-11 13:00:00,dry,0,16,16,0.0,Understocked
BLR024,2025-02-11 14:00:00,dry,0,16,16,0.0,Understocked
BLR024,2025-02-11 15:00:00,dry,0,16,16,0.0,Understocked
BLR024,2025-02-11 16:00:00,dry,0,16,16,0.0,Understocked
BLR024,2025-02-11 17:00:00,dry,3,13,16,0.19,OK
BLR024,2025-02-11 18:00:00,dry,5,11,16,0.31,OK
BLR024,2025-02-11 19:00:00,dry,7,9,16,0.44,OK
BLR024,2025-02-11 20:00:00,dry,7,9,16,0.44,OK
BLR024,2025-02-11 21:00:00,dry,7,9,16,0.44,OK
BLR024,2025-02-11 22:00:00,dry,6,10,16,0.38,OK
BLR024,2025-02-11 23:00:00,dry,5,11,16,0.31,OK
BLR024,2025-02-12 00:00:00,dry,6,10,16,0.38,OK
BLR024,2025-02-12 01:00:00,dry,7,9,16,0.44,OK
BLR024,2025-02-12 02:00:00,dry,6,10,16,0.38,OK
BLR024,2025-02-12 03:00:00,dry,7,9,16,0.44,OK
BLR024,2025-02-12 04:00:00,dry,6,10,16,0.38,OK
BLR024,2025-02-12 05:00:00,dry,7,9,16,0.44,OK
BLR024,2025-02-12 06:00:00,dry,8,8,16,0.5,OK
BLR024,2025-02-12 07:00:00,dry,8,8,16,0.5,OK
BLR024,2025-02-12 08:00:00,dry,6,10,16,0.38,OK
BLR024,2025-02-12 09:00:00,dry,6,10,16,0.38,OK
BLR024,2025-02-12 10:00:00,dry,4,12,16,0.25,OK
BLR024,2025-02-12 11:00:00,dry,4,12,16,0.25,OK
BLR024,2025-02-12 12:00:00,dry,4,12,16,0.25,OK
BLR024,2025-02-12 13:00:00,dry,3,13,16,0.19,OK
BLR024,2025-02-12 14:00:00,dry,3,13,16,0.19,OK
BLR024,2025-02-12 15:00:00,dry,4,12,16,0.25,OK
BLR024,2025-02-12 16:00:00,dry,3,13,16,0.19,OK
BLR024,2025-02-12 17:00:00,dry,5,11,16,0.31,OK
BLR024,2025-02-12 18:00:00,dry,6,10,16,0.38,OK
BLR024,2025-02-12 19:00:00,dry,7,9,16,0.44,OK
BLR024,2025-02-12 20:00:00,dry,10,6,16,0.62,OK
BLR024,2025-02-12 21:00:00,dry,10,6,16,0.62,OK
BLR024,2025-02-12 22:00:00,dry,10,6,16,0.62,OK
BLR024,2025-02-12 23:00:00,dry,10,6,16,0.62,OK
BLR024,2025-02-13 00:00:00,dry,11,5,16,0.69,OK
BLR024,2025-02-13 01:00:00,dry,10,6,16,0.62,OK
BLR024,2025-02-13 02:00:00,dry,10,6,16,0.62,OK
BLR024,2025-02-13 03:00:00,dry,10,6,16,0.62,OK
BLR024,2025-02-13 04:00:00,dry,11,5,16,0.69,OK
BLR024,2025-02-13 05:00:00,dry,12,4,16,0.75,OK
BLR024,2025-02-13 06:00:00,dry,11,5,16,0.69,OK
BLR024,2025-02-13 07:00:00,dry,10,6,16,0.62,OK
BLR024,2025-02-13 08:00:00,dry,9,7,16,0.56,OK
BLR024,2025-02-13 09:00:00,dry,5,11,16,0.31,OK
BLR024,2025-02-13 10:00:00,dry,2,14,16,0.12,OK
BLR024,2025-02-13 11:00:00,dry,2,14,16,0.12,OK
BLR024,2025-02-13 12:00:00,dry,3,13,16,0.19,OK
BLR024,2025-02-13 13:00:00,dry,4,12,16,0.25,OK
BLR024,2025-02-13 14:00:00,dry,4,12,16,0.25,OK
BLR024,2025-02-13 15:00:00,dry,5,11,16,0.31,OK
BLR024,2025-02-13 16:00:00,dry,6,10,16,0.38,OK
BLR024,2025-02-13 17:00:00,dry,6,10,16,0.38,OK
BLR024,2025-02-13 18:00:00,dry,7,9,16,0.44,OK
BLR024,2025-02-13 19:00:00,dry,9,7,16,0.56,OK
BLR024,2025-02-13 20:00:00,dry,10,6,16,0.62,OK
BLR024,2025-02-13 21:00:00,dry,9,7,16,0.56,OK
BLR024,2025-02-13 22:00:00,dry,10,6,16,0.62,OK
BLR024,2025-02-13 23:00:00,dry,10,6,16,0.62,OK
BLR024,2025-02-14 00:00:00,dry,10,6,16,0.62,OK
BLR024,2025-02-14 01:00:00,dry,11,5,16,0.69,OK
BLR024,2025-02-14 02:00:00,dry,10,6,16,0.62,OK
BLR024,2025-02-14 03:00:00,dry,10,6,16,0.62,OK
BLR024,2025-02-14 04:00:00,dry,10,6,16,0.62,OK
BLR024,2025-02-14 05:00:00,dry,9,7,16,0.56,OK
BLR024,2025-02-14 06:00:00,dry,9,7,16,0.56,OK
BLR024,2025-02-14 07:00:00,dry,7,9,16,0.44,OK
BLR024,2025-02-14 08:00:00,dry,7,9,16,0.44,OK
BLR024,2025-02-14 09:00:00,dry,2,14,16,0.12,OK
BLR024,2025-02-14 10:00:00,dry,1,15,16,0.06,Understocked
BLR024,2025-02-14 11:00:00,dry,0,16,16,0.0,Understocked
BLR024,2025-02-14 12:00:00,dry,0,16,16,0.0,Understocked
BLR024,2025-02-14 13:00:00,dry,0,16,16,0.0,Understocked
BLR024,2025-02-14 14:00:00,dry,0,16,16,0.0,Understocked
BLR024,2025-02-14 15:00:00,dry,0,16,16,0.0,Understocked
BLR024,2025-02-14 16:00:00,dry,0,16,16,0.0,Understocked
BLR024,2025-02-14 17:00:00,dry,2,14,16,0.12,OK
BLR024,2025-02-14 18:00:00,dry,3,13,16,0.19,OK
BLR024,2025-02-14 19:00:00,dry,3,13,16,0.19,OK
BLR024,2025-02-14 20:00:00,dry,5,11,16,0.31,OK
BLR024,2025-02-14 21:00:00,dry,6,10,16,0.38,OK
BLR024,2025-02-14 22:00:00,dry,7,9,16,0.44,OK
BLR024,2025-02-14 23:00:00,dry,6,10,16,0.38,OK
BLR024,2025-02-15 00:00:00,dry,7,9,16,0.44,OK
BLR024,2025-02-15 01:00:00,dry,8,8,16,0.5,OK
BLR024,2025-02-15 02:00:00,dry,9,7,16,0.56,OK
BLR024,2025-02-15 03:00:00,dry,10,6,16,0.62,OK
BLR024,2025-02-15 04:00:00,dry,9,7,16,0.56,OK
BLR024,2025-02-15 05:00:00,dry,8,8,16,0.5,OK
BLR024,2025-02-15 06:00:00,dry,9,7,16,0.56,OK
BLR024,2025-02-15 07:00:00,dry,8,8,16,0.5,OK
BLR024,2025-02-15 08:00:00,dry,7,9,16,0.44,OK
BLR024,2025-02-15 09:00:00,dry,7,9,16,0.44,OK
BLR024,2025-02-15 10:00:00,dry,6,10,16,0.38,OK
BLR024,2025-02-15 11:00:00,dry,5,11,16,0.31,OK
BLR024,2025-02-15 12:00:00,dry,4,12,16,0.25,OK
BLR024,2025-02-15 13:00:00,dry,3,13,16,0.19,OK
BLR024,2025-02-15 14:00:00,dry,3,13,16,0.19,OK
BLR024,2025-02-15 15:00:00,dry,4,12,16,0.25,OK
BLR024,2025-02-15 16:00:00,dry,3,13,16,0.19,OK
BLR024,2025-02-15 17:00:00,dry,4,12,16,0.25,OK
BLR024,2025-02-15 18:00:00,dry,6,10,16,0.38,OK
BLR024,2025-02-15 19:00:00,dry,7,9,16,0.44,OK
BLR024,2025-02-15 20:00:00,dry,8,8,16,0.5,OK
BLR024,2025-02-15 21:00:00,dry,7,9,16,0.44,OK
BLR024,2025-02-15 22:00:00,dry,8,8,16,0.5,OK
BLR024,2025-02-15 23:00:00,dry,9,7,16,0.56,OK
BLR024,2025-02-16 00:00:00,dry,9,7,16,0.56,OK
BLR024,2025-02-16 01:00:00,dry,9,7,16,0.56,OK
BLR024,2025-02-16 02:00:00,dry,9,7,16,0.56,OK
BLR024,2025-02-16 03:00:00,dry,10,6,16,0.62,OK
BLR024,2025-02-16 04:00:00,dry,10,6,16,0.62,OK
BLR024,2025-02-16 05:00:00,dry,10,6,16,0.62,OK
BLR024,2025-02-16 06:00:00,dry,9,7,16,0.56,OK
BLR024,2025-02-16 07:00:00,dry,8,8,16,0.5,OK
BLR024,2025-02-16 08:00:00,dry,7,9,16,0.44,OK
BLR024,2025-02-16 09:00:00,dry,7,9,16,0.44,OK
BLR024,2025-02-16 10:00:00,dry,4,12,16,0.25,OK
BLR024,2025-02-16 11:00:00,dry,4,12,16,0.25,OK
BLR024,2025-02-16 12:00:00,dry,5,11,16,0.31,OK
BLR024,2025-02-16 13:00:00,dry,5,11,16,0.31,OK
BLR024,2025-02-16 14:00:00,dry,6,10,16,0.38,OK
BLR024,2025-02-16 15:00:00,dry,7,9,16,0.44,OK
BLR024,2025-02-16 16:00:00,dry,7,9,16,0.44,OK
BLR024,2025-02-16 17:00:00,dry,9,7,16,0.56,OK
BLR024,2025-02-16 18:00:00,dry,11,5,16,0.69,OK
BLR024,2025-02-16 19:00:00,dry,11,5,16,0.69,OK
BLR024,2025-02-16 20:00:00,dry,13,3,16,0.81,OK
BLR024,2025-02-16 21:00:00,dry,14,2,16,0.88,OK
BLR024,2025-02-16 22:00:00,dry,13,3,16,0.81,OK
BLR024,2025-02-16 23:00:00,dry,14,2,16,0.88,OK
BLR025,2025-02-10 00:00:00,dry,13,7,20,0.65,OK
BLR025,2025-02-10 01:00:00,dry,12,8,20,0.6,OK
BLR025,2025-02-10 02:00:00,dry,11,9,20,0.55,OK
BLR025,2025-02-10 03:00:00,dry,10,10,20,0.5,OK
BLR025,2025-02-10 04:00:00,dry,10,10,20,0.5,OK
BLR025,2025-02-10 05:00:00,dry,9,11,20,0.45,OK
BLR025,2025-02-10 06:00:00,dry,9,11,20,0.45,OK
BLR025,2025-02-10 07:00:00,dry,7,13,20,0.35,OK
BLR025,2025-02-10 08:00:00,dry,6,14,20,0.3,OK
BLR025,2025-02-10 09:00:00,dry,3,17,20,0.15,OK
BLR025,2025-02-10 10:00:00,dry,2,18,20,0.1,Understocked
BLR025,2025-02-10 11:00:00,dry,3,17,20,0.15,OK
BLR025,2025-02-10 12:00:00,dry,3,17,20,0.15,OK
BLR025,2025-02-10 13:00:00,dry,4,16,20,0.2,OK
BLR025,2025-02-10 14:00:00,dry,4,16,20,0.2,OK
BLR025,2025-02-10 15:00:00,dry,3,17,20,0.15,OK
BLR025,2025-02-10 16:00:00,dry,2,18,20,0.1,Understocked
BLR025,2025-02-10 17:00:00,dry,3,17,20,0.15,OK
BLR025,2025-02-10 18:00:00,dry,4,16,20,0.2,OK
BLR025,2025-02-10 19:00:00,dry,5,15,20,0.25,OK
BLR025,2025-02-10 20:00:00,dry,8,12,20,0.4,OK
BLR025,2025-02-10 21:00:00,dry,8,12,20,0.4,OK
BLR025,2025-02-10 22:00:00,dry,9,11,20,0.45,OK
BLR025,2025-02-10 23:00:00,dry,9,11,20,0.45,OK
BLR025,2025-02-11 00:00:00,dry,9,11,20,0.45,OK
BLR025,2025-02-11 01:00:00,dry,9,11,20,0.45,OK
BLR025,2025-02-11 02:00:00,dry,10,10,20,0.5,OK
BLR025,2025-02-11 03:00:00,dry,9,11,20,0.45,OK
BLR025,2025-02-11 04:00:00,dry,10,10,20,0.5,OK
BLR025,2025-02-11 05:00:00,dry,10,10,20,0.5,OK
BLR025,2025-02-11 06:00:00,dry,9,11,20,0.45,OK
BLR025,2025-02-11 07:00:00,dry,8,12,20,0.4,OK
BLR025,2025-02-11 08:00:00,dry,7,13,20,0.35,OK
BLR025,2025-02-11 09:00:00,dry,3,17,20,0.15,OK
BLR025,2025-02-11 10:00:00,dry,3,17,20,0.15,OK
BLR025,2025-02-11 11:00:00,dry,2,18,20,0.1,Understocked
BLR025,2025-02-11 12:00:00,dry,2,18,20,0.1,Understocked
BLR025,2025-02-11 13:00:00,dry,3,17,20,0.15,OK
BLR025,2025-02-11 14:00:00,dry,4,16,20,0.2,OK
BLR025,2025-02-11 15:00:00,dry,4,16,20,0.2,OK
BLR025,2025-02-11 16:00:00,dry,3,17,20,0.15,OK
BLR025,2025-02-11 17:00:00,dry,6,14,20,0.3,OK
BLR025,2025-02-11 18:00:00,dry,9,11,20,0.45,OK
BLR025,2025-02-11 19:00:00,dry,10,10,20,0.5,OK
BLR025,2025-02-11 20:00:00,dry,12,8,20,0.6,OK
BLR025,2025-02-11 21:00:00,dry,11,9,20,0.55,OK
BLR025,2025-02-11 22:00:00,dry,11,9,20,0.55,OK
BLR025,2025-02-11 23:00:00,dry,12,8,20,0.6,OK
BLR025,2025-02-12 00:00:00,dry,12,8,20,0.6,OK
BLR025,2025-02-12 01:00:00,dry,13,7,20,0.65,OK
BLR025,2025-02-12 02:00:00,dry,12,8,20,0.6,OK
BLR025,2025-02-12 03:00:00,dry,13,7,20,0.65,OK
BLR025,2025-02-12 04:00:00,dry,14,6,20,0.7,OK
BLR025,2025-02-12 05:00:00,dry,13,7,20,0.65,OK
BLR025,2025-02-12 06:00:00,dry,12,8,20,0.6,OK
BLR025,2025-02-12 07:00:00,dry,11,9,20,0.55,OK
BLR025,2025-02-12 08:00:00,dry,6,14,20,0.3,OK
BLR025,2025-02-12 09:00:00,dry,4,16,20,0.2,OK
BLR025,2025-02-12 10:00:00,dry,2,18,20,0.1,Understocked
BLR025,2025-02-12 11:00:00,dry,1,19,20,0.05,Understocked
BLR025,2025-02-12 12:00:00,dry,1,19,20,0.05,Understocked
BLR025,2025-02-12 13:00:00,dry,1,19,20,0.05,Understocked
BLR025,2025-02-12 14:00:00,dry,1,19,20,0.05,Understocked
BLR025,2025-02-12 15:00:00,dry,0,20,20,0.0,Understocked
BLR025,2025-02-12 16:00:00,dry,1,19,20,0.05,Understocked
BLR025,2025-02-12 17:00:00,dry,2,18,20,0.1,Understocked
BLR025,2025-02-12 18:00:00,dry,5,15,20,0.25,OK
BLR025,2025-02-12 19:00:00,dry,8,12,20,0.4,OK
BLR025,2025-02-12 20:00:00,dry,10,10,20,0.5,OK
BLR025,2025-02-12 21:00:00,dry,9,11,20,0.45,OK
BLR025,2025-02-12 22:00:00,dry,8,12,20,0.4,OK
BLR025,2025-02-12 23:00:00,dry,9,11,20,0.45,OK
BLR025,2025-02-13 00:00:00,dry,9,11,20,0.45,OK
BLR025,2025-02-13 01:00:00,dry,10,10,20,0.5,OK
BLR025,2025-02-13 02:00:00,dry,9,11,20,0.45,OK
BLR025,2025-02-13 03:00:00,dry,10,10,20,0.5,OK
BLR025,2025-02-13 04:00:00,dry,10,10,20,0.5,OK
BLR025,2025-02-13 05:00:00,dry,11,9,20,0.55,OK
BLR025,2025-02-13 06:00:00,dry,11,9,20,0.55,OK
BLR025,2025-02-13 07:00:00,dry,9,11,20,0.45,OK
BLR025,2025-02-13 08:00:00,dry,8,12,20,0.4,OK
BLR025,2025-02-13 09:00:00,dry,8,12,20,0.4,OK
BLR025,2025-02-13 10:00:00,dry,3,17,20,0.15,OK
BLR025,2025-02-13 11:00:00,dry,2,18,20,0.1,Understocked
BLR025,2025-02-13 12:00:00,dry,2,18,20,0.1,Understocked
BLR025,2025-02-13 13:00:00,dry,1,19,20,0.05,Understocked
BLR025,2025-02-13 14:00:00,dry,1,19,20,0.05,Understocked
BLR025,2025-02-13 15:00:00,dry,0,20,20,0.0,Understocked
BLR025,2025-02-13 16:00:00,dry,0,20,20,0.0,Understocked
BLR025,2025-02-13 17:00:00,dry,3,17,20,0.15,OK
BLR025,2025-02-13 18:00:00,dry,5,15,20,0.25,OK
BLR025,2025-02-13 19:00:00,dry,7,13,20,0.35,OK
BLR025,2025-02-13 20:00:00,dry,8,12,20,0.4,OK
BLR025,2025-02-13 21:00:00,dry,8,12,20,0.4,OK
BLR025,2025-02-13 22:00:00,dry,9,11,20,0.45,OK
BLR025,2025-02-13 23:00:00,dry,10,10,20,0.5,OK
BLR025,2025-02-14 00:00:00,dry,9,11,20,0.45,OK
BLR025,2025-02-14 01:00:00,dry,9,11,20,0.45,OK
BLR025,2025-02-14 02:00:00,dry,9,11,20,0.45,OK
BLR025,2025-02-14 03:00:00,dry,8,12,20,0.4,OK
BLR025,2025-02-14 04:00:00,dry,8,12,20,0.4,OK
BLR025,2025-02-14 05:00:00,dry,7,13,20,0.35,OK
BLR025,2025-02-14 06:00:00,dry,7,13,20,0.35,OK
BLR025,2025-02-14 07:00:00,dry,5,15,20,0.25,OK
BLR025,2025-02-14 08:00:00,dry,5,15,20,0.25,OK
BLR025,2025-02-14 09:00:00,dry,1,19,20,0.05,Understocked
BLR025,2025-02-14 10:00:00,dry,0,20,20,0.0,Understocked
BLR025,2025-02-14 11:00:00,dry,0,20,20,0.0,Understocked
BLR025,2025-02-14 12:00:00,dry,0,20,20,0.0,Understocked
BLR025,2025-02-14 13:00:00,dry,0,20,20,0.0,Understocked
BLR025,2025-02-14 14:00:00,dry,0,20,20,0.0,Understocked
BLR025,2025-02-14 15:00:00,dry,1,19,20,0.05,Understocked
BLR025,2025-02-14 16:00:00,dry,1,19,20,0.05,Understocked
BLR025,2025-02-14 17:00:00,dry,2,18,20,0.1,Understocked
BLR025,2025-02-14 18:00:00,dry,5,15,20,0.25,OK
BLR025,2025-02-14 19:00:00,dry,11,9,20,0.55,OK
BLR025,2025-02-14 20:00:00,dry,11,9,20,0.55,OK
BLR025,2025-02-14 21:00:00,dry,10,10,20,0.5,OK
BLR025,2025-02-14 22:00:00,dry,9,11,20,0.45,OK
BLR025,2025-02-14 23:00:00,dry,10,10,20,0.5,OK
BLR025,2025-02-15 00:00:00,dry,11,9,20,0.55,OK
BLR025,2025-02-15 01:00:00,dry,11,9,20,0.55,OK
BLR025,2025-02-15 02:00:00,dry,12,8,20,0.6,OK
BLR025,2025-02-15 03:00:00,dry,11,9,20,0.55,OK
BLR025,2025-02-15 04:00:00,dry,12,8,20,0.6,OK
BLR025,2025-02-15 05:00:00,dry,13,7,20,0.65,OK
BLR025,2025-02-15 06:00:00,dry,14,6,20,0.7,OK
BLR025,2025-02-15 07:00:00,dry,14,6,20,0.7,OK
BLR025,2025-02-15 08:00:00,dry,14,6,20,0.7,OK
BLR025,2025-02-15 09:00:00,dry,14,6,20,0.7,OK
BLR025,2025-02-15 10:00:00,dry,10,10,20,0.5,OK
BLR025,2025-02-15 11:00:00,dry,11,9,20,0.55,OK
BLR025,2025-02-15 12:00:00,dry,10,10,20,0.5,OK
BLR025,2025-02-15 13:00:00,dry,10,10,20,0.5,OK
BLR025,2025-02-15 14:00:00,dry,10,10,20,0.5,OK
BLR025,2025-02-15 15:00:00,dry,10,10,20,0.5,OK
BLR025,2025-02-15 16:00:00,dry,11,9,20,0.55,OK
BLR025,2025-02-15 17:00:00,dry,15,5,20,0.75,OK
BLR025,2025-02-15 18:00:00,dry,18,2,20,0.9,Overstocked
BLR025,2025-02-15 19:00:00,dry,20,0,20,1.0,Overstocked
BLR025,2025-02-15 20:00:00,dry,20,0,20,1.0,Overstocked
BLR025,2025-02-15 21:00:00,dry,20,0,20,1.0,Overstocked
BLR025,2025-02-15 22:00:00,dry,19,1,20,0.95,Overstocked
BLR025,2025-02-15 23:00:00,dry,19,1,20,0.95,Overstocked
BLR025,2025-02-16 00:00:00,dry,19,1,20,0.95,Overstocked
BLR025,2025-02-16 01:00:00,dry,19,1,20,0.95,Overstocked
BLR025,2025-02-16 02:00:00,dry,19,1,20,0.95,Overstocked
BLR025,2025-02-16 03:00:00,dry,19,1,20,0.95,Overstocked
BLR025,2025-02-16 04:00:00,dry,19,1,20,0.95,Overstocked
BLR025,2025-02-16 05:00:00,dry,19,1,20,0.95,Overstocked
BLR025,2025-02-16 06:00:00,dry,19,1,20,0.95,Overstocked
BLR025,2025-02-16 07:00:00,dry,18,2,20,0.9,Overstocked
BLR025,2025-02-16 08:00:00,dry,18,2,20,0.9,Overstocked
BLR025,2025-02-16 09:00:00,dry,17,3,20,0.85,OK
BLR025,2025-02-16 10:00:00,dry,15,5,20,0.75,OK
BLR025,2025-02-16 11:00:00,dry,14,6,20,0.7,OK
BLR025,2025-02-16 12:00:00,dry,14,6,20,0.7,OK
BLR025,2025-02-16 13:00:00,dry,14,6,20,0.7,OK
BLR025,2025-02-16 14:00:00,dry,14,6,20,0.7,OK
BLR025,2025-02-16 15:00:00,dry,15,5,20,0.75,OK
BLR025,2025-02-16 16:00:00,dry,16,4,20,0.8,OK
BLR025,2025-02-16 17:00:00,dry,16,4,20,0.8,OK
BLR025,2025-02-16 18:00:00,dry,17,3,20,0.85,OK
BLR025,2025-02-16 19:00:00,dry,18,2,20,0.9,Overstocked
BLR025,2025-02-16 20:00:00,dry,20,0,20,1.0,Overstocked
BLR025,2025-02-16 21:00:00,dry,20,0,20,1.0,Overstocked
BLR025,2025-02-16 22:00:00,dry,19,1,20,0.95,Overstocked
BLR025,2025-02-16 23:00:00,dry,20,0,20,1.0,Overstocked
BLR026,2025-02-10 00:00:00,dry,12,12,24,0.5,OK
BLR026,2025-02-10 01:00:00,dry,13,11,24,0.54,OK
BLR026,2025-02-10 02:00:00,dry,14,10,24,0.58,OK
BLR026,2025-02-10 03:00:00,dry,13,11,24,0.54,OK
BLR026,2025-02-10 04:00:00,dry,12,12,24,0.5,OK
BLR026,2025-02-10 05:00:00,dry,13,11,24,0.54,OK
BLR026,2025-02-10 06:00:00,dry,12,12,24,0.5,OK
BLR026,2025-02-10 07:00:00,dry,12,12,24,0.5,OK
BLR026,2025-02-10 08:00:00,dry,11,13,24,0.46,OK
BLR026,2025-02-10 09:00:00,dry,9,15,24,0.38,OK
BLR026,2025-02-10 10:00:00,dry,9,15,24,0.38,OK
BLR026,2025-02-10 11:00:00,dry,8,16,24,0.33,OK
BLR026,2025-02-10 12:00:00,dry,7,17,24,0.29,OK
BLR026,2025-02-10 13:00:00,dry,6,18,24,0.25,OK
BLR026,2025-02-10 14:00:00,dry,6,18,24,0.25,OK
BLR026,2025-02-10 15:00:00,dry,6,18,24,0.25,OK
BLR026,2025-02-10 16:00:00,dry,5,19,24,0.21,OK
BLR026,2025-02-10 17:00:00,dry,10,14,24,0.42,OK
BLR026,2025-02-10 18:00:00,dry,10,14,24,0.42,OK
BLR026,2025-02-10 19:00:00,dry,10,14,24,0.42,OK
BLR026,2025-02-10 20:00:00,dry,11,13,24,0.46,OK
BLR026,2025-02-10 21:00:00,dry,12,12,24,0.5,OK
BLR026,2025-02-10 22:00:00,dry,13,11,24,0.54,OK
BLR026,2025-02-10 23:00:00,dry,14,10,24,0.58,OK
BLR026,2025-02-11 00:00:00,dry,13,11,24,0.54,OK
BLR026,2025-02-11 01:00:00,dry,12,12,24,0.5,OK
BLR026,2025-02-11 02:00:00,dry,13,11,24,0.54,OK
BLR026,2025-02-11 03:00:00,dry,14,10,24,0.58,OK
BLR026,2025-02-11 04:00:00,dry,13,11,24,0.54,OK
BLR026,2025-02-11 05:00:00,dry,13,11,24,0.54,OK
BLR026,2025-02-11 06:00:00,dry,12,12,24,0.5,OK
BLR026,2025-02-11 07:00:00,dry,11,13,24,0.46,OK
BLR026,2025-02-11 08:00:00,dry,8,16,24,0.33,OK
BLR026,2025-02-11 09:00:00,dry,7,17,24,0.29,OK
BLR026,2025-02-11 10:00:00,dry,7,17,24,0.29,OK
BLR026,2025-02-11 11:00:00,dry,8,16,24,0.33,OK
BLR026,2025-02-11 12:00:00,dry,9,15,24,0.38,OK
BLR026,2025-02-11 13:00:00,dry,8,16,24,0.33,OK
BLR026,2025-02-11 14:00:00,dry,7,17,24,0.29,OK
BLR026,2025-02-11 15:00:00,dry,6,18,24,0.25,OK
BLR026,2025-02-11 16:00:00,dry,7,17,24,0.29,OK
BLR026,2025-02-11 17:00:00,dry,10,14,24,0.42,OK
BLR026,2025-02-11 18:00:00,dry,13,11,24,0.54,OK
BLR026,2025-02-11 19:00:00,dry,16,8,24,0.67,OK
BLR026,2025-02-11 20:00:00,dry,18,6,24,0.75,OK
BLR026,2025-02-11 21:00:00,dry,18,6,24,0.75,OK
BLR026,2025-02-11 22:00:00,dry,17,7,24,0.71,OK
BLR026,2025-02-11 23:00:00,dry,17,7,24,0.71,OK
BLR026,2025-02-12 00:00:00,dry,17,7,24,0.71,OK
BLR026,2025-02-12 01:00:00,dry,16,8,24,0.67,OK
BLR026,2025-02-12 02:00:00,dry,16,8,24,0.67,OK
BLR026,2025-02-12 03:00:00,dry,16,8,24,0.67,OK
BLR026,2025-02-12 04:00:00,dry,16,8,24,0.67,OK
BLR026,2025-02-12 05:00:00,dry,16,8,24,0.67,OK
BLR026,2025-02-12 06:00:00,dry,17,7,24,0.71,OK
BLR026,2025-02-12 07:00:00,dry,13,11,24,0.54,OK
BLR026,2025-02-12 08:00:00,dry,12,12,24,0.5,OK
BLR026,2025-02-12 09:00:00,dry,11,13,24,0.46,OK
BLR026,2025-02-12 10:00:00,dry,10,14,24,0.42,OK
BLR026,2025-02-12 11:00:00,dry,11,13,24,0.46,OK
BLR026,2025-02-12 12:00:00,dry,10,14,24,0.42,OK
BLR026,2025-02-12 13:00:00,dry,11,13,24,0.46,OK
BLR026,2025-02-12 14:00:00,dry,12,12,24,0.5,OK
BLR026,2025-02-12 15:00:00,dry,12,12,24,0.5,OK
BLR026,2025-02-12 16:00:00,dry,13,11,24,0.54,OK
BLR026,2025-02-12 17:00:00,dry,14,10,24,0.58,OK
BLR026,2025-02-12 18:00:00,dry,16,8,24,0.67,OK
BLR026,2025-02-12 19:00:00,dry,18,6,24,0.75,OK
BLR026,2025-02-12 20:00:00,dry,18,6,24,0.75,OK
BLR026,2025-02-12 21:00:00,dry,19,5,24,0.79,OK
BLR026,2025-02-12 22:00:00,dry,20,4,24,0.83,OK
BLR026,2025-02-12 23:00:00,dry,20,4,24,0.83,OK
BLR026,2025-02-13 00:00:00,dry,21,3,24,0.88,OK
BLR026,2025-02-13 01:00:00,dry,22,2,24,0.92,Overstocked
BLR026,2025-02-13 02:00:00,dry,21,3,24,0.88,OK
BLR026,2025-02-13 03:00:00,dry,21,3,24,0.88,OK
BLR026,2025-02-13 04:00:00,dry,20,4,24,0.83,OK
BLR026,2025-02-13 05:00:00,dry,20,4,24,0.83,OK
BLR026,2025-02-13 06:00:00,dry,21,3,24,0.88,OK
BLR026,2025-02-13 07:00:00,dry,20,4,24,0.83,OK
BLR026,2025-02-13 08:00:00,dry,20,4,24,0.83,OK
BLR026,2025-02-13 09:00:00,dry,20,4,24,0.83,OK
BLR026,2025-02-13 10:00:00,dry,18,6,24,0.75,OK
BLR026,2025-02-13 11:00:00,dry,17,7,24,0.71,OK
BLR026,2025-02-13 12:00:00,dry,18,6,24,0.75,OK
BLR026,2025-02-13 13:00:00,dry,18,6,24,0.75,OK
BLR026,2025-02-13 14:00:00,dry,17,7,24,0.71,OK
BLR026,2025-02-13 15:00:00,dry,17,7,24,0.71,OK
BLR026,2025-02-13 16:00:00,dry,16,8,24,0.67,OK
BLR026,2025-02-13 17:00:00,dry,17,7,24,0.71,OK
BLR026,2025-02-13 18:00:00,dry,20,4,24,0.83,OK
BLR026,2025-02-13 19:00:00,dry,23,1,24,0.96,Overstocked
BLR026,2025-02-13 20:00:00,dry,24,0,24,1.0,Overstocked
BLR026,2025-02-13 21:00:00,dry,24,0,24,1.0,Overstocked
BLR026,2025-02-13 22:00:00,dry,24,0,24,1.0,Overstocked
BLR026,2025-02-13 23:00:00,dry,24,0,24,1.0,Overstocked
BLR026,2025-02-14 00:00:00,dry,23,1,24,0.96,Overstocked
BLR026,2025-02-14 01:00:00,dry,22,2,24,0.92,Overstocked
BLR026,2025-02-14 02:00:00,dry,22,2,24,0.92,Overstocked
BLR026,2025-02-14 03:00:00,dry,21,3,24,0.88,OK
BLR026,2025-02-14 04:00:00,dry,21,3,24,0.88,OK
BLR026,2025-02-14 05:00:00,dry,20,4,24,0.83,OK
BLR026,2025-02-14 06:00:00,dry,20,4,24,0.83,OK
BLR026,2025-02-14 07:00:00,dry,19,5,24,0.79,OK
BLR026,2025-02-14 08:00:00,dry,18,6,24,0.75,OK
BLR026,2025-02-14 09:00:00,dry,16,8,24,0.67,OK
BLR026,2025-02-14 10:00:00,dry,15,9,24,0.62,OK
BLR026,2025-02-14 11:00:00,dry,15,9,24,0.62,OK
BLR026,2025-02-14 12:00:00,dry,14,10,24,0.58,OK
BLR026,2025-02-14 13:00:00,dry,13,11,24,0.54,OK
BLR026,2025-02-14 14:00:00,dry,14,10,24,0.58,OK
BLR026,2025-02-14 15:00:00,dry,13,11,24,0.54,OK
BLR026,2025-02-14 16:00:00,dry,12,12,24,0.5,OK
BLR026,2025-02-14 17:00:00,dry,13,11,24,0.54,OK
BLR026,2025-02-14 18:00:00,dry,15,9,24,0.62,OK
BLR026,2025-02-14 19:00:00,dry,16,8,24,0.67,OK
BLR026,2025-02-14 20:00:00,dry,20,4,24,0.83,OK
BLR026,2025-02-14 21:00:00,dry,20,4,24,0.83,OK
BLR026,2025-02-14 22:00:00,dry,19,5,24,0.79,OK
BLR026,2025-02-14 23:00:00,dry,20,4,24,0.83,OK
BLR026,2025-02-15 00:00:00,dry,20,4,24,0.83,OK
BLR026,2025-02-15 01:00:00,dry,21,3,24,0.88,OK
BLR026,2025-02-15 02:00:00,dry,21,3,24,0.88,OK
BLR026,2025-02-15 03:00:00,dry,21,3,24,0.88,OK
BLR026,2025-02-15 04:00:00,dry,20,4,24,0.83,OK
BLR026,2025-02-15 05:00:00,dry,21,3,24,0.88,OK
BLR026,2025-02-15 06:00:00,dry,20,4,24,0.83,OK
BLR026,2025-02-15 07:00:00,dry,20,4,24,0.83,OK
BLR026,2025-02-15 08:00:00,dry,19,5,24,0.79,OK
BLR026,2025-02-15 09:00:00,dry,18,6,24,0.75,OK
BLR026,2025-02-15 10:00:00,dry,18,6,24,0.75,OK
BLR026,2025-02-15 11:00:00,dry,19,5,24,0.79,OK
BLR026,2025-02-15 12:00:00,dry,19,5,24,0.79,OK
BLR026,2025-02-15 13:00:00,dry,20,4,24,0.83,OK
BLR026,2025-02-15 14:00:00,dry,20,4,24,0.83,OK
BLR026,2025-02-15 15:00:00,dry,19,5,24,0.79,OK
BLR026,2025-02-15 16:00:00,dry,19,5,24,0.79,OK
BLR026,2025-02-15 17:00:00,dry,20,4,24,0.83,OK
BLR026,2025-02-15 18:00:00,dry,22,2,24,0.92,Overstocked
BLR026,2025-02-15 19:00:00,dry,23,1,24,0.96,Overstocked
BLR026,2025-02-15 20:00:00,dry,24,0,24,1.0,Overstocked
BLR026,2025-02-15 21:00:00,dry,24,0,24,1.0,Overstocked
BLR026,2025-02-15 22:00:00,dry,24,0,24,1.0,Overstocked
BLR026,2025-02-15 23:00:00,dry,24,0,24,1.0,Overstocked
BLR026,2025-02-16 00:00:00,dry,24,0,24,1.0,Overstocked
BLR026,2025-02-16 01:00:00,dry,24,0,24,1.0,Overstocked
BLR026,2025-02-16 02:00:00,dry,24,0,24,1.0,Overstocked
BLR026,2025-02-16 03:00:00,dry,24,0,24,1.0,Overstocked
BLR026,2025-02-16 04:00:00,dry,24,0,24,1.0,Overstocked
BLR026,2025-02-16 05:00:00,dry,23,1,24,0.96,Overstocked
BLR026,2025-02-16 06:00:00,dry,23,1,24,0.96,Overstocked
BLR026,2025-02-16 07:00:00,dry,23,1,24,0.96,Overstocked
BLR026,2025-02-16 08:00:00,dry,22,2,24,0.92,Overstocked
BLR026,2025-02-16 09:00:00,dry,20,4,24,0.83,OK
BLR026,2025-02-16 10:00:00,dry,18,6,24,0.75,OK
BLR026,2025-02-16 11:00:00,dry,17,7,24,0.71,OK
BLR026,2025-02-16 12:00:00,dry,17,7,24,0.71,OK
BLR026,2025-02-16 13:00:00,dry,17,7,24,0.71,OK
BLR026,2025-02-16 14:00:00,dry,16,8,24,0.67,OK
BLR026,2025-02-16 15:00:00,dry,17,7,24,0.71,OK
BLR026,2025-02-16 16:00:00,dry,16,8,24,0.67,OK
BLR026,2025-02-16 17:00:00,dry,19,5,24,0.79,OK
BLR026,2025-02-16 18:00:00,dry,24,0,24,1.0,Overstocked
BLR026,2025-02-16 19:00:00,dry,24,0,24,1.0,Overstocked
BLR026,2025-02-16 20:00:00,dry,24,0,24,1.0,Overstocked
BLR026,2025-02-16 21:00:00,dry,24,0,24,1.0,Overstocked
BLR026,2025-02-16 22:00:00,dry,24,0,24,1.0,Overstocked
BLR026,2025-02-16 23:00:00,dry,23,1,24,0.96,Overstocked
BLR027,2025-02-10 00:00:00,dry,7,13,20,0.35,OK
BLR027,2025-02-10 01:00:00,dry,6,14,20,0.3,OK
BLR027,2025-02-10 02:00:00,dry,6,14,20,0.3,OK
BLR027,2025-02-10 03:00:00,dry,6,14,20,0.3,OK
BLR027,2025-02-10 04:00:00,dry,7,13,20,0.35,OK
BLR027,2025-02-10 05:00:00,dry,7,13,20,0.35,OK
BLR027,2025-02-10 06:00:00,dry,8,12,20,0.4,OK
BLR027,2025-02-10 07:00:00,dry,8,12,20,0.4,OK
BLR027,2025-02-10 08:00:00,dry,5,15,20,0.25,OK
BLR027,2025-02-10 09:00:00,dry,2,18,20,0.1,Understocked
BLR027,2025-02-10 10:00:00,dry,0,20,20,0.0,Understocked
BLR027,2025-02-10 11:00:00,dry,0,20,20,0.0,Understocked
BLR027,2025-02-10 12:00:00,dry,0,20,20,0.0,Understocked
BLR027,2025-02-10 13:00:00,dry,1,19,20,0.05,Understocked
BLR027,2025-02-10 14:00:00,dry,2,18,20,0.1,Understocked
BLR027,2025-02-10 15:00:00,dry,2,18,20,0.1,Understocked
BLR027,2025-02-10 16:00:00,dry,3,17,20,0.15,OK
BLR027,2025-02-10 17:00:00,dry,5,15,20,0.25,OK
BLR027,2025-02-10 18:00:00,dry,8,12,20,0.4,OK
BLR027,2025-02-10 19:00:00,dry,10,10,20,0.5,OK
BLR027,2025-02-10 20:00:00,dry,11,9,20,0.55,OK
BLR027,2025-02-10 21:00:00,dry,12,8,20,0.6,OK
BLR027,2025-02-10 22:00:00,dry,11,9,20,0.55,OK
BLR027,2025-02-10 23:00:00,dry,11,9,20,0.55,OK
BLR027,2025-02-11 00:00:00,dry,11,9,20,0.55,OK
BLR027,2025-02-11 01:00:00,dry,11,9,20,0.55,OK
BLR027,2025-02-11 02:00:00,dry,11,9,20,0.55,OK
BLR027,2025-02-11 03:00:00,dry,12,8,20,0.6,OK
BLR027,2025-02-11 04:00:00,dry,12,8,20,0.6,OK
BLR027,2025-02-11 05:00:00,dry,12,8,20,0.6,OK
BLR027,2025-02-11 06:00:00,dry,11,9,20,0.55,OK
BLR027,2025-02-11 07:00:00,dry,10,10,20,0.5,OK
BLR027,2025-02-11 08:00:00,dry,8,12,20,0.4,OK
BLR027,2025-02-11 09:00:00,dry,7,13,20,0.35,OK
BLR027,2025-02-11 10:00:00,dry,7,13,20,0.35,OK
BLR027,2025-02-11 11:00:00,dry,6,14,20,0.3,OK
BLR027,2025-02-11 12:00:00,dry,6,14,20,0.3,OK
BLR027,2025-02-11 13:00:00,dry,7,13,20,0.35,OK
BLR027,2025-02-11 14:00:00,dry,7,13,20,0.35,OK
BLR027,2025-02-11 15:00:00,dry,8,12,20,0.4,OK
BLR027,2025-02-11 16:00:00,dry,9,11,20,0.45,OK
BLR027,2025-02-11 17:00:00,dry,10,10,20,0.5,OK
BLR027,2025-02-11 18:00:00,dry,12,8,20,0.6,OK
BLR027,2025-02-11 19:00:00,dry,16,4,20,0.8,OK
BLR027,2025-02-11 20:00:00,dry,16,4,20,0.8,OK
BLR027,2025-02-11 21:00:00,dry,16,4,20,0.8,OK
BLR027,2025-02-11 22:00:00,dry,15,5,20,0.75,OK
BLR027,2025-02-11 23:00:00,dry,15,5,20,0.75,OK
BLR027,2025-02-12 00:00:00,dry,16,4,20,0.8,OK
BLR027,2025-02-12 01:00:00,dry,15,5,20,0.75,OK
BLR027,2025-02-12 02:00:00,dry,14,6,20,0.7,OK
BLR027,2025-02-12 03:00:00,dry,15,5,20,0.75,OK
BLR027,2025-02-12 04:00:00,dry,14,6,20,0.7,OK
BLR027,2025-02-12 05:00:00,dry,15,5,20,0.75,OK
BLR027,2025-02-12 06:00:00,dry,14,6,20,0.7,OK
BLR027,2025-02-12 07:00:00,dry,13,7,20,0.65,OK
BLR027,2025-02-12 08:00:00,dry,9,11,20,0.45,OK
BLR027,2025-02-12 09:00:00,dry,7,13,20,0.35,OK
BLR027,2025-02-12 10:00:00,dry,4,16,20,0.2,OK
BLR027,2025-02-12 11:00:00,dry,5,15,20,0.25,OK
BLR027,2025-02-12 12:00:00,dry,6,14,20,0.3,OK
BLR027,2025-02-12 13:00:00,dry,6,14,20,0.3,OK
BLR027,2025-02-12 14:00:00,dry,6,14,20,0.3,OK
BLR027,2025-02-12 15:00:00,dry,5,15,20,0.25,OK
BLR027,2025-02-12 16:00:00,dry,5,15,20,0.25,OK
BLR027,2025-02-12 17:00:00,dry,6,14,20,0.3,OK
BLR027,2025-02-12 18:00:00,dry,6,14,20,0.3,OK
BLR027,2025-02-12 19:00:00,dry,7,13,20,0.35,OK
BLR027,2025-02-12 20:00:00,dry,9,11,20,0.45,OK
BLR027,2025-02-12 21:00:00,dry,9,11,20,0.45,OK
BLR027,2025-02-12 22:00:00,dry,9,11,20,0.45,OK
BLR027,2025-02-12 23:00:00,dry,8,12,20,0.4,OK
BLR027,2025-02-13 00:00:00,dry,9,11,20,0.45,OK
BLR027,2025-02-13 01:00:00,dry,9,11,20,0.45,OK
BLR027,2025-02-13 02:00:00,dry,9,11,20,0.45,OK
BLR027,2025-02-13 03:00:00,dry,10,10,20,0.5,OK
BLR027,2025-02-13 04:00:00,dry,11,9,20,0.55,OK
BLR027,2025-02-13 05:00:00,dry,10,10,20,0.5,OK
BLR027,2025-02-13 06:00:00,dry,9,11,20,0.45,OK
BLR027,2025-02-13 07:00:00,dry,8,12,20,0.4,OK
BLR027,2025-02-13 08:00:00,dry,5,15,20,0.25,OK
BLR027,2025-02-13 09:00:00,dry,5,15,20,0.25,OK
BLR027,2025-02-13 10:00:00,dry,5,15,20,0.25,OK
BLR027,2025-02-13 11:00:00,dry,6,14,20,0.3,OK
BLR027,2025-02-13 12:00:00,dry,5,15,20,0.25,OK
BLR027,2025-02-13 13:00:00,dry,6,14,20,0.3,OK
BLR027,2025-02-13 14:00:00,dry,5,15,20,0.25,OK
BLR027,2025-02-13 15:00:00,dry,6,14,20,0.3,OK
BLR027,2025-02-13 16:00:00,dry,6,14,20,0.3,OK
BLR027,2025-02-13 17:00:00,dry,8,12,20,0.4,OK
BLR027,2025-02-13 18:00:00,dry,11,9,20,0.55,OK
BLR027,2025-02-13 19:00:00,dry,11,9,20,0.55,OK
BLR027,2025-02-13 20:00:00,dry,14,6,20,0.7,OK
BLR027,2025-02-13 21:00:00,dry,15,5,20,0.75,OK
BLR027,2025-02-13 22:00:00,dry,14,6,20,0.7,OK
BLR027,2025-02-13 23:00:00,dry,15,5,20,0.75,OK
BLR027,2025-02-14 00:00:00,dry,14,6,20,0.7,OK
BLR027,2025-02-14 01:00:00,dry,13,7,20,0.65,OK
BLR027,2025-02-14 02:00:00,dry,12,8,20,0.6,OK
BLR027,2025-02-14 03:00:00,dry,12,8,20,0.6,OK
BLR027,2025-02-14 04:00:00,dry,13,7,20,0.65,OK
BLR027,2025-02-14 05:00:00,dry,12,8,20,0.6,OK
BLR027,2025-02-14 06:00:00,dry,11,9,20,0.55,OK
BLR027,2025-02-14 07:00:00,dry,11,9,20,0.55,OK
BLR027,2025-02-14 08:00:00,dry,9,11,20,0.45,OK
BLR027,2025-02-14 09:00:00,dry,6,14,20,0.3,OK
BLR027,2025-02-14 10:00:00,dry,5,15,20,0.25,OK
BLR027,2025-02-14 11:00:00,dry,5,15,20,0.25,OK
BLR027,2025-02-14 12:00:00,dry,4,16,20,0.2,OK
BLR027,2025-02-14 13:00:00,dry,4,16,20,0.2,OK
BLR027,2025-02-14 14:00:00,dry,5,15,20,0.25,OK
BLR027,2025-02-14 15:00:00,dry,5,15,20,0.25,OK
BLR027,2025-02-14 16:00:00,dry,5,15,20,0.25,OK
BLR027,2025-02-14 17:00:00,dry,8,12,20,0.4,OK
BLR027,2025-02-14 18:00:00,dry,12,8,20,0.6,OK
BLR027,2025-02-14 19:00:00,dry,14,6,20,0.7,OK
BLR027,2025-02-14 20:00:00,dry,16,4,20,0.8,OK
BLR027,2025-02-14 21:00:00,dry,15,5,20,0.75,OK
BLR027,2025-02-14 22:00:00,dry,14,6,20,0.7,OK
BLR027,2025-02-14 23:00:00,dry,13,7,20,0.65,OK
BLR027,2025-02-15 00:00:00,dry,12,8,20,0.6,OK
BLR027,2025-02-15 01:00:00,dry,11,9,20,0.55,OK
BLR027,2025-02-15 02:00:00,dry,10,10,20,0.5,OK
BLR027,2025-02-15 03:00:00,dry,9,11,20,0.45,OK
BLR027,2025-02-15 04:00:00,dry,9,11,20,0.45,OK
BLR027,2025-02-15 05:00:00,dry,10,10,20,0.5,OK
BLR027,2025-02-15 06:00:00,dry,9,11,20,0.45,OK
BLR027,2025-02-15 07:00:00,dry,6,14,20,0.3,OK
BLR027,2025-02-15 08:00:00,dry,5,15,20,0.25,OK
BLR027,2025-02-15 09:00:00,dry,5,15,20,0.25,OK
BLR027,2025-02-15 10:00:00,dry,4,16,20,0.2,OK
BLR027,2025-02-15 11:00:00,dry,5,15,20,0.25,OK
BLR027,2025-02-15 12:00:00,dry,6,14,20,0.3,OK
BLR027,2025-02-15 13:00:00,dry,6,14,20,0.3,OK
BLR027,2025-02-15 14:00:00,dry,5,15,20,0.25,OK
BLR027,2025-02-15 15:00:00,dry,4,16,20,0.2,OK
BLR027,2025-02-15 16:00:00,dry,3,17,20,0.15,OK
BLR027,2025-02-15 17:00:00,dry,6,14,20,0.3,OK
BLR027,2025-02-15 18:00:00,dry,7,13,20,0.35,OK
BLR027,2025-02-15 19:00:00,dry,11,9,20,0.55,OK
BLR027,2025-02-15 20:00:00,dry,13,7,20,0.65,OK
BLR027,2025-02-15 21:00:00,dry,13,7,20,0.65,OK
BLR027,2025-02-15 22:00:00,dry,14,6,20,0.7,OK
BLR027,2025-02-15 23:00:00,dry,15,5,20,0.75,OK
BLR027,2025-02-16 00:00:00,dry,16,4,20,0.8,OK
BLR027,2025-02-16 01:00:00,dry,15,5,20,0.75,OK
BLR027,2025-02-16 02:00:00,dry,16,4,20,0.8,OK
BLR027,2025-02-16 03:00:00,dry,17,3,20,0.85,OK
BLR027,2025-02-16 04:00:00,dry,18,2,20,0.9,Overstocked
BLR027,2025-02-16 05:00:00,dry,17,3,20,0.85,OK
BLR027,2025-02-16 06:00:00,dry,18,2,20,0.9,Overstocked
BLR027,2025-02-16 07:00:00,dry,18,2,20,0.9,Overstocked
BLR027,2025-02-16 08:00:00,dry,17,3,20,0.85,OK
BLR027,2025-02-16 09:00:00,dry,17,3,20,0.85,OK
BLR027,2025-02-16 10:00:00,dry,16,4,20,0.8,OK
BLR027,2025-02-16 11:00:00,dry,15,5,20,0.75,OK
BLR027,2025-02-16 12:00:00,dry,16,4,20,0.8,OK
BLR027,2025-02-16 13:00:00,dry,17,3,20,0.85,OK
BLR027,2025-02-16 14:00:00,dry,17,3,20,0.85,OK
BLR027,2025-02-16 15:00:00,dry,17,3,20,0.85,OK
BLR027,2025-02-16 16:00:00,dry,18,2,20,0.9,Overstocked
BLR027,2025-02-16 17:00:00,dry,20,0,20,1.0,Overstocked
BLR027,2025-02-16 18:00:00,dry,20,0,20,1.0,Overstocked
BLR027,2025-02-16 19:00:00,dry,20,0,20,1.0,Overstocked
BLR027,2025-02-16 20:00:00,dry,20,0,20,1.0,Overstocked
BLR027,2025-02-16 21:00:00,dry,20,0,20,1.0,Overstocked
BLR027,2025-02-16 22:00:00,dry,19,1,20,0.95,Overstocked
BLR027,2025-02-16 23:00:00,dry,20,0,20,1.0,Overstocked
BLR028,2025-02-10 00:00:00,dry,20,10,30,0.67,OK
BLR028,2025-02-10 01:00:00,dry,21,9,30,0.7,OK
BLR028,2025-02-10 02:00:00,dry,20,10,30,0.67,OK
BLR028,2025-02-10 03:00:00,dry,21,9,30,0.7,OK
BLR028,2025-02-10 04:00:00,dry,22,8,30,0.73,OK
BLR028,2025-02-10 05:00:00,dry,22,8,30,0.73,OK
BLR028,2025-02-10 06:00:00,dry,21,9,30,0.7,OK
BLR028,2025-02-10 07:00:00,dry,20,10,30,0.67,OK
BLR028,2025-02-10 08:00:00,dry,15,15,30,0.5,OK
BLR028,2025-02-10 09:00:00,dry,14,16,30,0.47,OK
BLR028,2025-02-10 10:00:00,dry,13,17,30,0.43,OK
BLR028,2025-02-10 11:00:00,dry,12,18,30,0.4,OK
BLR028,2025-02-10 12:00:00,dry,13,17,30,0.43,OK
BLR028,2025-02-10 13:00:00,dry,14,16,30,0.47,OK
BLR028,2025-02-10 14:00:00,dry,14,16,30,0.47,OK
BLR028,2025-02-10 15:00:00,dry,15,15,30,0.5,OK
BLR028,2025-02-10 16:00:00,dry,16,14,30,0.53,OK
BLR028,2025-02-10 17:00:00,dry,16,14,30,0.53,OK
BLR028,2025-02-10 18:00:00,dry,17,13,30,0.57,OK
BLR028,2025-02-10 19:00:00,dry,19,11,30,0.63,OK
BLR028,2025-02-10 20:00:00,dry,20,10,30,0.67,OK
BLR028,2025-02-10 21:00:00,dry,19,11,30,0.63,OK
BLR028,2025-02-10 22:00:00,dry,19,11,30,0.63,OK
BLR028,2025-02-10 23:00:00,dry,19,11,30,0.63,OK
BLR028,2025-02-11 00:00:00,dry,18,12,30,0.6,OK
BLR028,2025-02-11 01:00:00,dry,19,11,30,0.63,OK
BLR028,2025-02-11 02:00:00,dry,18,12,30,0.6,OK
BLR028,2025-02-11 03:00:00,dry,19,11,30,0.63,OK
BLR028,2025-02-11 04:00:00,dry,20,10,30,0.67,OK
BLR028,2025-02-11 05:00:00,dry,19,11,30,0.63,OK
BLR028,2025-02-11 06:00:00,dry,20,10,30,0.67,OK
BLR028,2025-02-11 07:00:00,dry,20,10,30,0.67,OK
BLR028,2025-02-11 08:00:00,dry,20,10,30,0.67,OK
BLR028,2025-02-11 09:00:00,dry,18,12,30,0.6,OK
BLR028,2025-02-11 10:00:00,dry,13,17,30,0.43,OK
BLR028,2025-02-11 11:00:00,dry,12,18,30,0.4,OK
BLR028,2025-02-11 12:00:00,dry,12,18,30,0.4,OK
BLR028,2025-02-11 13:00:00,dry,11,19,30,0.37,OK
BLR028,2025-02-11 14:00:00,dry,11,19,30,0.37,OK
BLR028,2025-02-11 15:00:00,dry,11,19,30,0.37,OK
BLR028,2025-02-11 16:00:00,dry,12,18,30,0.4,OK
BLR028,2025-02-11 17:00:00,dry,14,16,30,0.47,OK
BLR028,2025-02-11 18:00:00,dry,15,15,30,0.5,OK
BLR028,2025-02-11 19:00:00,dry,21,9,30,0.7,OK
BLR028,2025-02-11 20:00:00,dry,23,7,30,0.77,OK
BLR028,2025-02-11 21:00:00,dry,22,8,30,0.73,OK
BLR028,2025-02-11 22:00:00,dry,22,8,30,0.73,OK
BLR028,2025-02-11 23:00:00,dry,23,7,30,0.77,OK
BLR028,2025-02-12 00:00:00,dry,23,7,30,0.77,OK
BLR028,2025-02-12 01:00:00,dry,23,7,30,0.77,OK
BLR028,2025-02-12 02:00:00,dry,24,6,30,0.8,OK
BLR028,2025-02-12 03:00:00,dry,23,7,30,0.77,OK
BLR028,2025-02-12 04:00:00,dry,24,6,30,0.8,OK
BLR028,2025-02-12 05:00:00,dry,24,6,30,0.8,OK
BLR028,2025-02-12 06:00:00,dry,24,6,30,0.8,OK
BLR028,2025-02-12 07:00:00,dry,23,7,30,0.77,OK
BLR028,2025-02-12 08:00:00,dry,17,13,30,0.57,OK
BLR028,2025-02-12 09:00:00,dry,17,13,30,0.57,OK
BLR028,2025-02-12 10:00:00,dry,17,13,30,0.57,OK
BLR028,2025-02-12 11:00:00,dry,16,14,30,0.53,OK
BLR028,2025-02-12 12:00:00,dry,16,14,30,0.53,OK
BLR028,2025-02-12 13:00:00,dry,16,14,30,0.53,OK
BLR028,2025-02-12 14:00:00,dry,15,15,30,0.5,OK
BLR028,2025-02-12 15:00:00,dry,15,15,30,0.5,OK
BLR028,2025-02-12 16:00:00,dry,16,14,30,0.53,OK
BLR028,2025-02-12 17:00:00,dry,16,14,30,0.53,OK
BLR028,2025-02-12 18:00:00,dry,19,11,30,0.63,OK
BLR028,2025-02-12 19:00:00,dry,22,8,30,0.73,OK
BLR028,2025-02-12 20:00:00,dry,24,6,30,0.8,OK
BLR028,2025-02-12 21:00:00,dry,24,6,30,0.8,OK
BLR028,2025-02-12 22:00:00,dry,23,7,30,0.77,OK
BLR028,2025-02-12 23:00:00,dry,23,7,30,0.77,OK
BLR028,2025-02-13 00:00:00,dry,24,6,30,0.8,OK
BLR028,2025-02-13 01:00:00,dry,25,5,30,0.83,OK
BLR028,2025-02-13 02:00:00,dry,26,4,30,0.87,OK
BLR028,2025-02-13 03:00:00,dry,27,3,30,0.9,Overstocked
BLR028,2025-02-13 04:00:00,dry,27,3,30,0.9,Overstocked
BLR028,2025-02-13 05:00:00,dry,27,3,30,0.9,Overstocked
BLR028,2025-02-13 06:00:00,dry,26,4,30,0.87,OK
BLR028,2025-02-13 07:00:00,dry,22,8,30,0.73,OK
BLR028,2025-02-13 08:00:00,dry,17,13,30,0.57,OK
BLR028,2025-02-13 09:00:00,dry,17,13,30,0.57,OK
BLR028,2025-02-13 10:00:00,dry,16,14,30,0.53,OK
BLR028,2025-02-13 11:00:00,dry,15,15,30,0.5,OK
BLR028,2025-02-13 12:00:00,dry,14,16,30,0.47,OK
BLR028,2025-02-13 13:00:00,dry,15,15,30,0.5,OK
BLR028,2025-02-13 14:00:00,dry,14,16,30,0.47,OK
BLR028,2025-02-13 15:00:00,dry,14,16,30,0.47,OK
BLR028,2025-02-13 16:00:00,dry,13,17,30,0.43,OK
BLR028,2025-02-13 17:00:00,dry,13,17,30,0.43,OK
BLR028,2025-02-13 18:00:00,dry,16,14,30,0.53,OK
BLR028,2025-02-13 19:00:00,dry,18,12,30,0.6,OK
BLR028,2025-02-13 20:00:00,dry,20,10,30,0.67,OK
BLR028,2025-02-13 21:00:00,dry,20,10,30,0.67,OK
BLR028,2025-02-13 22:00:00,dry,19,11,30,0.63,OK
BLR028,2025-02-13 23:00:00,dry,19,11,30,0.63,OK
BLR028,2025-02-14 00:00:00,dry,20,10,30,0.67,OK
BLR028,2025-02-14 01:00:00,dry,20,10,30,0.67,OK
BLR028,2025-02-14 02:00:00,dry,21,9,30,0.7,OK
BLR028,2025-02-14 03:00:00,dry,21,9,30,0.7,OK
BLR028,2025-02-14 04:00:00,dry,22,8,30,0.73,OK
BLR028,2025-02-14 05:00:00,dry,23,7,30,0.77,OK
BLR028,2025-02-14 06:00:00,dry,24,6,30,0.8,OK
BLR028,2025-02-14 07:00:00,dry,22,8,30,0.73,OK
BLR028,2025-02-14 08:00:00,dry,19,11,30,0.63,OK
BLR028,2025-02-14 09:00:00,dry,17,13,30,0.57,OK
BLR028,2025-02-14 10:00:00,dry,16,14,30,0.53,OK
BLR028,2025-02-14 11:00:00,dry,15,15,30,0.5,OK
BLR028,2025-02-14 12:00:00,dry,16,14,30,0.53,OK
BLR028,2025-02-14 13:00:00,dry,16,14,30,0.53,OK
BLR028,2025-02-14 14:00:00,dry,15,15,30,0.5,OK
BLR028,2025-02-14 15:00:00,dry,16,14,30,0.53,OK
BLR028,2025-02-14 16:00:00,dry,15,15,30,0.5,OK
BLR028,2025-02-14 17:00:00,dry,18,12,30,0.6,OK
BLR028,2025-02-14 18:00:00,dry,20,10,30,0.67,OK
BLR028,2025-02-14 19:00:00,dry,20,10,30,0.67,OK
BLR028,2025-02-14 20:00:00,dry,21,9,30,0.7,OK
BLR028,2025-02-14 21:00:00,dry,21,9,30,0.7,OK
BLR028,2025-02-14 22:00:00,dry,21,9,30,0.7,OK
BLR028,2025-02-14 23:00:00,dry,22,8,30,0.73,OK
BLR028,2025-02-15 00:00:00,dry,23,7,30,0.77,OK
BLR028,2025-02-15 01:00:00,dry,24,6,30,0.8,OK
BLR028,2025-02-15 02:00:00,dry,23,7,30,0.77,OK
BLR028,2025-02-15 03:00:00,dry,22,8,30,0.73,OK
BLR028,2025-02-15 04:00:00,dry,23,7,30,0.77,OK
BLR028,2025-02-15 05:00:00,dry,24,6,30,0.8,OK
BLR028,2025-02-15 06:00:00,dry,24,6,30,0.8,OK
BLR028,2025-02-15 07:00:00,dry,24,6,30,0.8,OK
BLR028,2025-02-15 08:00:00,dry,23,7,30,0.77,OK
BLR028,2025-02-15 09:00:00,dry,23,7,30,0.77,OK
BLR028,2025-02-15 10:00:00,dry,22,8,30,0.73,OK
BLR028,2025-02-15 11:00:00,dry,22,8,30,0.73,OK
BLR028,2025-02-15 12:00:00,dry,23,7,30,0.77,OK
BLR028,2025-02-15 13:00:00,dry,22,8,30,0.73,OK
BLR028,2025-02-15 14:00:00,dry,21,9,30,0.7,OK
BLR028,2025-02-15 15:00:00,dry,21,9,30,0.7,OK
BLR028,2025-02-15 16:00:00,dry,21,9,30,0.7,OK
BLR028,2025-02-15 17:00:00,dry,22,8,30,0.73,OK
BLR028,2025-02-15 18:00:00,dry,24,6,30,0.8,OK
BLR028,2025-02-15 19:00:00,dry,27,3,30,0.9,Overstocked
BLR028,2025-02-15 20:00:00,dry,28,2,30,0.93,Overstocked
BLR028,2025-02-15 21:00:00,dry,27,3,30,0.9,Overstocked
BLR028,2025-02-15 22:00:00,dry,28,2,30,0.93,Overstocked
BLR028,2025-02-15 23:00:00,dry,28,2,30,0.93,Overstocked
BLR028,2025-02-16 00:00:00,dry,28,2,30,0.93,Overstocked
BLR028,2025-02-16 01:00:00,dry,29,1,30,0.97,Overstocked
BLR028,2025-02-16 02:00:00,dry,28,2,30,0.93,Overstocked
BLR028,2025-02-16 03:00:00,dry,27,3,30,0.9,Overstocked
BLR028,2025-02-16 04:00:00,dry,27,3,30,0.9,Overstocked
BLR028,2025-02-16 05:00:00,dry,26,4,30,0.87,OK
BLR028,2025-02-16 06:00:00,dry,27,3,30,0.9,Overstocked
BLR028,2025-02-16 07:00:00,dry,26,4,30,0.87,OK
BLR028,2025-02-16 08:00:00,dry,24,6,30,0.8,OK
BLR028,2025-02-16 09:00:00,dry,23,7,30,0.77,OK
BLR028,2025-02-16 10:00:00,dry,20,10,30,0.67,OK
BLR028,2025-02-16 11:00:00,dry,21,9,30,0.7,OK
BLR028,2025-02-16 12:00:00,dry,20,10,30,0.67,OK
BLR028,2025-02-16 13:00:00,dry,21,9,30,0.7,OK
BLR028,2025-02-16 14:00:00,dry,20,10,30,0.67,OK
BLR028,2025-02-16 15:00:00,dry,21,9,30,0.7,OK
BLR028,2025-02-16 16:00:00,dry,22,8,30,0.73,OK
BLR028,2025-02-16 17:00:00,dry,26,4,30,0.87,OK
BLR028,2025-02-16 18:00:00,dry,28,2,30,0.93,Overstocked
BLR028,2025-02-16 19:00:00,dry,30,0,30,1.0,Overstocked
BLR028,2025-02-16 20:00:00,dry,30,0,30,1.0,Overstocked
BLR028,2025-02-16 21:00:00,dry,30,0,30,1.0,Overstocked
BLR028,2025-02-16 22:00:00,dry,30,0,30,1.0,Overstocked
BLR028,2025-02-16 23:00:00,dry,30,0,30,1.0,Overstocked
BLR029,2025-02-10 00:00:00,dry,9,11,20,0.45,OK
BLR029,2025-02-10 01:00:00,dry,8,12,20,0.4,OK
BLR029,2025-02-10 02:00:00,dry,9,11,20,0.45,OK
BLR029,2025-02-10 03:00:00,dry,8,12,20,0.4,OK
BLR029,2025-02-10 04:00:00,dry,8,12,20,0.4,OK
BLR029,2025-02-10 05:00:00,dry,8,12,20,0.4,OK
BLR029,2025-02-10 06:00:00,dry,7,13,20,0.35,OK
BLR029,2025-02-10 07:00:00,dry,7,13,20,0.35,OK
BLR029,2025-02-10 08:00:00,dry,4,16,20,0.2,OK
BLR029,2025-02-10 09:00:00,dry,3,17,20,0.15,OK
BLR029,2025-02-10 10:00:00,dry,3,17,20,0.15,OK
BLR029,2025-02-10 11:00:00,dry,3,17,20,0.15,OK
BLR029,2025-02-10 12:00:00,dry,3,17,20,0.15,OK
BLR029,2025-02-10 13:00:00,dry,3,17,20,0.15,OK
BLR029,2025-02-10 14:00:00,dry,4,16,20,0.2,OK
BLR029,2025-02-10 15:00:00,dry,5,15,20,0.25,OK
BLR029,2025-02-10 16:00:00,dry,5,15,20,0.25,OK
BLR029,2025-02-10 17:00:00,dry,10,10,20,0.5,OK
BLR029,2025-02-10 18:00:00,dry,11,9,20,0.55,OK
BLR029,2025-02-10 19:00:00,dry,16,4,20,0.8,OK
BLR029,2025-02-10 20:00:00,dry,17,3,20,0.85,OK
BLR029,2025-02-10 21:00:00,dry,17,3,20,0.85,OK
BLR029,2025-02-10 22:00:00,dry,16,4,20,0.8,OK
BLR029,2025-02-10 23:00:00,dry,15,5,20,0.75,OK
BLR029,2025-02-11 00:00:00,dry,14,6,20,0.7,OK
BLR029,2025-02-11 01:00:00,dry,14,6,20,0.7,OK
BLR029,2025-02-11 02:00:00,dry,13,7,20,0.65,OK
BLR029,2025-02-11 03:00:00,dry,14,6,20,0.7,OK
BLR029,2025-02-11 04:00:00,dry,15,5,20,0.75,OK
BLR029,2025-02-11 05:00:00,dry,14,6,20,0.7,OK
BLR029,2025-02-11 06:00:00,dry,15,5,20,0.75,OK
BLR029,2025-02-11 07:00:00,dry,13,7,20,0.65,OK
BLR029,2025-02-11 08:00:00,dry,11,9,20,0.55,OK
BLR029,2025-02-11 09:00:00,dry,9,11,20,0.45,OK
BLR029,2025-02-11 10:00:00,dry,7,13,20,0.35,OK
BLR029,2025-02-11 11:00:00,dry,6,14,20,0.3,OK
BLR029,2025-02-11 12:00:00,dry,7,13,20,0.35,OK
BLR029,2025-02-11 13:00:00,dry,8,12,20,0.4,OK
BLR029,2025-02-11 14:00:00,dry,9,11,20,0.45,OK
BLR029,2025-02-11 15:00:00,dry,9,11,20,0.45,OK
BLR029,2025-02-11 16:00:00,dry,8,12,20,0.4,OK
BLR029,2025-02-11 17:00:00,dry,11,9,20,0.55,OK
BLR029,2025-02-11 18:00:00,dry,18,2,20,0.9,Overstocked
BLR029,2025-02-11 19:00:00,dry,20,0,20,1.0,Overstocked
BLR029,2025-02-11 20:00:00,dry,20,0,20,1.0,Overstocked
BLR029,2025-02-11 21:00:00,dry,19,1,20,0.95,Overstocked
BLR029,2025-02-11 22:00:00,dry,19,1,20,0.95,Overstocked
BLR029,2025-02-11 23:00:00,dry,19,1,20,0.95,Overstocked
BLR029,2025-02-12 00:00:00,dry,18,2,20,0.9,Overstocked
BLR029,2025-02-12 01:00:00,dry,18,2,20,0.9,Overstocked
BLR029,2025-02-12 02:00:00,dry,18,2,20,0.9,Overstocked
BLR029,2025-02-12 03:00:00,dry,19,1,20,0.95,Overstocked
BLR029,2025-02-12 04:00:00,dry,19,1,20,0.95,Overstocked
BLR029,2025-02-12 05:00:00,dry,19,1,20,0.95,Overstocked
BLR029,2025-02-12 06:00:00,dry,18,2,20,0.9,Overstocked
BLR029,2025-02-12 07:00:00,dry,16,4,20,0.8,OK
BLR029,2025-02-12 08:00:00,dry,13,7,20,0.65,OK
BLR029,2025-02-12 09:00:00,dry,12,8,20,0.6,OK
BLR029,2025-02-12 10:00:00,dry,9,11,20,0.45,OK
BLR029,2025-02-12 11:00:00,dry,9,11,20,0.45,OK
BLR029,2025-02-12 12:00:00,dry,8,12,20,0.4,OK
BLR029,2025-02-12 13:00:00,dry,7,13,20,0.35,OK
BLR029,2025-02-12 14:00:00,dry,7,13,20,0.35,OK
BLR029,2025-02-12 15:00:00,dry,8,12,20,0.4,OK
BLR029,2025-02-12 16:00:00,dry,8,12,20,0.4,OK
BLR029,2025-02-12 17:00:00,dry,9,11,20,0.45,OK
BLR029,2025-02-12 18:00:00,dry,11,9,20,0.55,OK
BLR029,2025-02-12 19:00:00,dry,12,8,20,0.6,OK
BLR029,2025-02-12 20:00:00,dry,13,7,20,0.65,OK
BLR029,2025-02-12 21:00:00,dry,12,8,20,0.6,OK
BLR029,2025-02-12 22:00:00,dry,13,7,20,0.65,OK
BLR029,2025-02-12 23:00:00,dry,13,7,20,0.65,OK
BLR029,2025-02-13 00:00:00,dry,13,7,20,0.65,OK
BLR029,2025-02-13 01:00:00,dry,14,6,20,0.7,OK
BLR029,2025-02-13 02:00:00,dry,13,7,20,0.65,OK
BLR029,2025-02-13 03:00:00,dry,14,6,20,0.7,OK
BLR029,2025-02-13 04:00:00,dry,15,5,20,0.75,OK
BLR029,2025-02-13 05:00:00,dry,15,5,20,0.75,OK
BLR029,2025-02-13 06:00:00,dry,14,6,20,0.7,OK
BLR029,2025-02-13 07:00:00,dry,12,8,20,0.6,OK
BLR029,2025-02-13 08:00:00,dry,9,11,20,0.45,OK
BLR029,2025-02-13 09:00:00,dry,6,14,20,0.3,OK
BLR029,2025-02-13 10:00:00,dry,4,16,20,0.2,OK
BLR029,2025-02-13 11:00:00,dry,3,17,20,0.15,OK
BLR029,2025-02-13 12:00:00,dry,3,17,20,0.15,OK
BLR029,2025-02-13 13:00:00,dry,3,17,20,0.15,OK
BLR029,2025-02-13 14:00:00,dry,2,18,20,0.1,Understocked
BLR029,2025-02-13 15:00:00,dry,1,19,20,0.05,Understocked
BLR029,2025-02-13 16:00:00,dry,0,20,20,0.0,Understocked
BLR029,2025-02-13 17:00:00,dry,1,19,20,0.05,Understocked
BLR029,2025-02-13 18:00:00,dry,4,16,20,0.2,OK
BLR029,2025-02-13 19:00:00,dry,7,13,20,0.35,OK
BLR029,2025-02-13 20:00:00,dry,8,12,20,0.4,OK
BLR029,2025-02-13 21:00:00,dry,8,12,20,0.4,OK
BLR029,2025-02-13 22:00:00,dry,8,12,20,0.4,OK
BLR029,2025-02-13 23:00:00,dry,8,12,20,0.4,OK
BLR029,2025-02-14 00:00:00,dry,8,12,20,0.4,OK
BLR029,2025-02-14 01:00:00,dry,9,11,20,0.45,OK
BLR029,2025-02-14 02:00:00,dry,10,10,20,0.5,OK
BLR029,2025-02-14 03:00:00,dry,10,10,20,0.5,OK
BLR029,2025-02-14 04:00:00,dry,11,9,20,0.55,OK
BLR029,2025-02-14 05:00:00,dry,11,9,20,0.55,OK
BLR029,2025-02-14 06:00:00,dry,12,8,20,0.6,OK
BLR029,2025-02-14 07:00:00,dry,10,10,20,0.5,OK
BLR029,2025-02-14 08:00:00,dry,8,12,20,0.4,OK
BLR029,2025-02-14 09:00:00,dry,6,14,20,0.3,OK
BLR029,2025-02-14 10:00:00,dry,3,17,20,0.15,OK
BLR029,2025-02-14 11:00:00,dry,2,18,20,0.1,Understocked
BLR029,2025-02-14 12:00:00,dry,3,17,20,0.15,OK
BLR029,2025-02-14 13:00:00,dry,2,18,20,0.1,Understocked
BLR029,2025-02-14 14:00:00,dry,2,18,20,0.1,Understocked
BLR029,2025-02-14 15:00:00,dry,3,17,20,0.15,OK
BLR029,2025-02-14 16:00:00,dry,3,17,20,0.15,OK
BLR029,2025-02-14 17:00:00,dry,4,16,20,0.2,OK
BLR029,2025-02-14 18:00:00,dry,7,13,20,0.35,OK
BLR029,2025-02-14 19:00:00,dry,12,8,20,0.6,OK
BLR029,2025-02-14 20:00:00,dry,14,6,20,0.7,OK
BLR029,2025-02-14 21:00:00,dry,15,5,20,0.75,OK
BLR029,2025-02-14 22:00:00,dry,15,5,20,0.75,OK
BLR029,2025-02-14 23:00:00,dry,16,4,20,0.8,OK
BLR029,2025-02-15 00:00:00,dry,17,3,20,0.85,OK
BLR029,2025-02-15 01:00:00,dry,16,4,20,0.8,OK
BLR029,2025-02-15 02:00:00,dry,16,4,20,0.8,OK
BLR029,2025-02-15 03:00:00,dry,17,3,20,0.85,OK
BLR029,2025-02-15 04:00:00,dry,17,3,20,0.85,OK
BLR029,2025-02-15 05:00:00,dry,16,4,20,0.8,OK
BLR029,2025-02-15 06:00:00,dry,17,3,20,0.85,OK
BLR029,2025-02-15 07:00:00,dry,17,3,20,0.85,OK
BLR029,2025-02-15 08:00:00,dry,17,3,20,0.85,OK
BLR029,2025-02-15 09:00:00,dry,17,3,20,0.85,OK
BLR029,2025-02-15 10:00:00,dry,16,4,20,0.8,OK
BLR029,2025-02-15 11:00:00,dry,16,4,20,0.8,OK
BLR029,2025-02-15 12:00:00,dry,15,5,20,0.75,OK
BLR029,2025-02-15 13:00:00,dry,15,5,20,0.75,OK
BLR029,2025-02-15 14:00:00,dry,15,5,20,0.75,OK
BLR029,2025-02-15 15:00:00,dry,15,5,20,0.75,OK
BLR029,2025-02-15 16:00:00,dry,16,4,20,0.8,OK
BLR029,2025-02-15 17:00:00,dry,20,0,20,1.0,Overstocked
BLR029,2025-02-15 18:00:00,dry,20,0,20,1.0,Overstocked
BLR029,2025-02-15 19:00:00,dry,20,0,20,1.0,Overstocked
BLR029,2025-02-15 20:00:00,dry,20,0,20,1.0,Overstocked
BLR029,2025-02-15 21:00:00,dry,19,1,20,0.95,Overstocked
BLR029,2025-02-15 22:00:00,dry,19,1,20,0.95,Overstocked
BLR029,2025-02-15 23:00:00,dry,20,0,20,1.0,Overstocked
BLR029,2025-02-16 00:00:00,dry,19,1,20,0.95,Overstocked
BLR029,2025-02-16 01:00:00,dry,18,2,20,0.9,Overstocked
BLR029,2025-02-16 02:00:00,dry,19,1,20,0.95,Overstocked
BLR029,2025-02-16 03:00:00,dry,18,2,20,0.9,Overstocked
BLR029,2025-02-16 04:00:00,dry,19,1,20,0.95,Overstocked
BLR029,2025-02-16 05:00:00,dry,18,2,20,0.9,Overstocked
BLR029,2025-02-16 06:00:00,dry,17,3,20,0.85,OK
BLR029,2025-02-16 07:00:00,dry,17,3,20,0.85,OK
BLR029,2025-02-16 08:00:00,dry,17,3,20,0.85,OK
BLR029,2025-02-16 09:00:00,dry,16,4,20,0.8,OK
BLR029,2025-02-16 10:00:00,dry,16,4,20,0.8,OK
BLR029,2025-02-16 11:00:00,dry,15,5,20,0.75,OK
BLR029,2025-02-16 12:00:00,dry,16,4,20,0.8,OK
BLR029,2025-02-16 13:00:00,dry,16,4,20,0.8,OK
BLR029,2025-02-16 14:00:00,dry,16,4,20,0.8,OK
BLR029,2025-02-16 15:00:00,dry,17,3,20,0.85,OK
BLR029,2025-02-16 16:00:00,dry,17,3,20,0.85,OK
BLR029,2025-02-16 17:00:00,dry,20,0,20,1.0,Overstocked
BLR029,2025-02-16 18:00:00,dry,20,0,20,1.0,Overstocked
BLR029,2025-02-16 19:00:00,dry,20,0,20,1.0,Overstocked
BLR029,2025-02-16 20:00:00,dry,20,0,20,1.0,Overstocked
BLR029,2025-02-16 21:00:00,dry,20,0,20,1.0,Overstocked
BLR029,2025-02-16 22:00:00,dry,19,1,20,0.95,Overstocked
BLR029,2025-02-16 23:00:00,dry,20,0,20,1.0,Overstocked
BLR030,2025-02-10 00:00:00,dry,5,7,12,0.42,OK
BLR030,2025-02-10 01:00:00,dry,4,8,12,0.33,OK
BLR030,2025-02-10 02:00:00,dry,3,9,12,0.25,OK
BLR030,2025-02-10 03:00:00,dry,3,9,12,0.25,OK
BLR030,2025-02-10 04:00:00,dry,3,9,12,0.25,OK
BLR030,2025-02-10 05:00:00,dry,4,8,12,0.33,OK
BLR030,2025-02-10 06:00:00,dry,3,9,12,0.25,OK
BLR030,2025-02-10 07:00:00,dry,2,10,12,0.17,OK
BLR030,2025-02-10 08:00:00,dry,1,11,12,0.08,Understocked
BLR030,2025-02-10 09:00:00,dry,0,12,12,0.0,Understocked
BLR030,2025-02-10 10:00:00,dry,0,12,12,0.0,Understocked
BLR030,2025-02-10 11:00:00,dry,0,12,12,0.0,Understocked
BLR030,2025-02-10 12:00:00,dry,0,12,12,0.0,Understocked
BLR030,2025-02-10 13:00:00,dry,0,12,12,0.0,Understocked
BLR030,2025-02-10 14:00:00,dry,1,11,12,0.08,Understocked
BLR030,2025-02-10 15:00:00,dry,0,12,12,0.0,Understocked
BLR030,2025-02-10 16:00:00,dry,0,12,12,0.0,Understocked
BLR030,2025-02-10 17:00:00,dry,1,11,12,0.08,Understocked
BLR030,2025-02-10 18:00:00,dry,5,7,12,0.42,OK
BLR030,2025-02-10 19:00:00,dry,6,6,12,0.5,OK
BLR030,2025-02-10 20:00:00,dry,6,6,12,0.5,OK
BLR030,2025-02-10 21:00:00,dry,7,5,12,0.58,OK
BLR030,2025-02-10 22:00:00,dry,6,6,12,0.5,OK
BLR030,2025-02-10 23:00:00,dry,5,7,12,0.42,OK
BLR030,2025-02-11 00:00:00,dry,5,7,12,0.42,OK
BLR030,2025-02-11 01:00:00,dry,6,6,12,0.5,OK
BLR030,2025-02-11 02:00:00,dry,6,6,12,0.5,OK
BLR030,2025-02-11 03:00:00,dry,5,7,12,0.42,OK
BLR030,2025-02-11 04:00:00,dry,5,7,12,0.42,OK
BLR030,2025-02-11 05:00:00,dry,6,6,12,0.5,OK
BLR030,2025-02-11 06:00:00,dry,5,7,12,0.42,OK
BLR030,2025-02-11 07:00:00,dry,5,7,12,0.42,OK
BLR030,2025-02-11 08:00:00,dry,3,9,12,0.25,OK
BLR030,2025-02-11 09:00:00,dry,0,12,12,0.0,Understocked
BLR030,2025-02-11 10:00:00,dry,0,12,12,0.0,Understocked
BLR030,2025-02-11 11:00:00,dry,0,12,12,0.0,Understocked
BLR030,2025-02-11 12:00:00,dry,0,12,12,0.0,Understocked
BLR030,2025-02-11 13:00:00,dry,0,12,12,0.0,Understocked
BLR030,2025-02-11 14:00:00,dry,0,12,12,0.0,Understocked
BLR030,2025-02-11 15:00:00,dry,0,12,12,0.0,Understocked
BLR030,2025-02-11 16:00:00,dry,0,12,12,0.0,Understocked
BLR030,2025-02-11 17:00:00,dry,5,7,12,0.42,OK
BLR030,2025-02-11 18:00:00,dry,5,7,12,0.42,OK
BLR030,2025-02-11 19:00:00,dry,6,6,12,0.5,OK
BLR030,2025-02-11 20:00:00,dry,7,5,12,0.58,OK
BLR030,2025-02-11 21:00:00,dry,8,4,12,0.67,OK
BLR030,2025-02-11 22:00:00,dry,9,3,12,0.75,OK
BLR030,2025-02-11 23:00:00,dry,8,4,12,0.67,OK
BLR030,2025-02-12 00:00:00,dry,7,5,12,0.58,OK
BLR030,2025-02-12 01:00:00,dry,6,6,12,0.5,OK
BLR030,2025-02-12 02:00:00,dry,5,7,12,0.42,OK
BLR030,2025-02-12 03:00:00,dry,4,8,12,0.33,OK
BLR030,2025-02-12 04:00:00,dry,4,8,12,0.33,OK
BLR030,2025-02-12 05:00:00,dry,5,7,12,0.42,OK
BLR030,2025-02-12 06:00:00,dry,4,8,12,0.33,OK
BLR030,2025-02-12 07:00:00,dry,0,12,12,0.0,Understocked
BLR030,2025-02-12 08:00:00,dry,0,12,12,0.0,Understocked
BLR030,2025-02-12 09:00:00,dry,0,12,12,0.0,Understocked
BLR030,2025-02-12 10:00:00,dry,0,12,12,0.0,Understocked
BLR030,2025-02-12 11:00:00,dry,1,11,12,0.08,Understocked
BLR030,2025-02-12 12:00:00,dry,1,11,12,0.08,Understocked
BLR030,2025-02-12 13:00:00,dry,1,11,12,0.08,Understocked
BLR030,2025-02-12 14:00:00,dry,1,11,12,0.08,Understocked
BLR030,2025-02-12 15:00:00,dry,1,11,12,0.08,Understocked
BLR030,2025-02-12 16:00:00,dry,2,10,12,0.17,OK
BLR030,2025-02-12 17:00:00,dry,5,7,12,0.42,OK
BLR030,2025-02-12 18:00:00,dry,10,2,12,0.83,OK
BLR030,2025-02-12 19:00:00,dry,10,2,12,0.83,OK
BLR030,2025-02-12 20:00:00,dry,12,0,12,1.0,Overstocked
BLR030,2025-02-12 21:00:00,dry,12,0,12,1.0,Overstocked
BLR030,2025-02-12 22:00:00,dry,11,1,12,0.92,Overstocked
BLR030,2025-02-12 23:00:00,dry,10,2,12,0.83,OK
BLR030,2025-02-13 00:00:00,dry,9,3,12,0.75,OK
BLR030,2025-02-13 01:00:00,dry,10,2,12,0.83,OK
BLR030,2025-02-13 02:00:00,dry,9,3,12,0.75,OK
BLR030,2025-02-13 03:00:00,dry,9,3,12,0.75,OK
BLR030,2025-02-13 04:00:00,dry,10,2,12,0.83,OK
BLR030,2025-02-13 05:00:00,dry,10,2,12,0.83,OK
BLR030,2025-02-13 06:00:00,dry,9,3,12,0.75,OK
BLR030,2025-02-13 07:00:00,dry,7,5,12,0.58,OK
BLR030,2025-02-13 08:00:00,dry,4,8,12,0.33,OK
BLR030,2025-02-13 09:00:00,dry,3,9,12,0.25,OK
BLR030,2025-02-13 10:00:00,dry,3,9,12,0.25,OK
BLR030,2025-02-13 11:00:00,dry,3,9,12,0.25,OK
BLR030,2025-02-13 12:00:00,dry,4,8,12,0.33,OK
BLR030,2025-02-13 13:00:00,dry,5,7,12,0.42,OK
BLR030,2025-02-13 14:00:00,dry,4,8,12,0.33,OK
BLR030,2025-02-13 15:00:00,dry,4,8,12,0.33,OK
BLR030,2025-02-13 16:00:00,dry,3,9,12,0.25,OK
BLR030,2025-02-13 17:00:00,dry,4,8,12,0.33,OK
BLR030,2025-02-13 18:00:00,dry,5,7,12,0.42,OK
BLR030,2025-02-13 19:00:00,dry,7,5,12,0.58,OK
BLR030,2025-02-13 20:00:00,dry,7,5,12,0.58,OK
BLR030,2025-02-13 21:00:00,dry,7,5,12,0.58,OK
BLR030,2025-02-13 22:00:00,dry,6,6,12,0.5,OK
BLR030,2025-02-13 23:00:00,dry,6,6,12,0.5,OK
BLR030,2025-02-14 00:00:00,dry,7,5,12,0.58,OK
BLR030,2025-02-14 01:00:00,dry,8,4,12,0.67,OK
BLR030,2025-02-14 02:00:00,dry,8,4,12,0.67,OK
BLR030,2025-02-14 03:00:00,dry,8,4,12,0.67,OK
BLR030,2025-02-14 04:00:00,dry,8,4,12,0.67,OK
BLR030,2025-02-14 05:00:00,dry,8,4,12,0.67,OK
BLR030,2025-02-14 06:00:00,dry,7,5,12,0.58,OK
BLR030,2025-02-14 07:00:00,dry,4,8,12,0.33,OK
BLR030,2025-02-14 08:00:00,dry,3,9,12,0.25,OK
BLR030,2025-02-14 09:00:00,dry,1,11,12,0.08,Understocked
BLR030,2025-02-14 10:00:00,dry,0,12,12,0.0,Understocked
BLR030,2025-02-14 11:00:00,dry,0,12,12,0.0,Understocked
BLR030,2025-02-14 12:00:00,dry,0,12,12,0.0,Understocked
BLR030,2025-02-14 13:00:00,dry,0,12,12,0.0,Understocked
BLR030,2025-02-14 14:00:00,dry,0,12,12,0.0,Understocked
BLR030,2025-02-14 15:00:00,dry,1,11,12,0.08,Understocked
BLR030,2025-02-14 16:00:00,dry,0,12,12,0.0,Understocked
BLR030,2025-02-14 17:00:00,dry,0,12,12,0.0,Understocked
BLR030,2025-02-14 18:00:00,dry,0,12,12,0.0,Understocked
BLR030,2025-02-14 19:00:00,dry,1,11,12,0.08,Understocked
BLR030,2025-02-14 20:00:00,dry,4,8,12,0.33,OK
BLR030,2025-02-14 21:00:00,dry,3,9,12,0.25,OK
BLR030,2025-02-14 22:00:00,dry,2,10,12,0.17,OK
BLR030,2025-02-14 23:00:00,dry,3,9,12,0.25,OK
BLR030,2025-02-15 00:00:00,dry,3,9,12,0.25,OK
BLR030,2025-02-15 01:00:00,dry,2,10,12,0.17,OK
BLR030,2025-02-15 02:00:00,dry,1,11,12,0.08,Understocked
BLR030,2025-02-15 03:00:00,dry,2,10,12,0.17,OK
BLR030,2025-02-15 04:00:00,dry,3,9,12,0.25,OK
BLR030,2025-02-15 05:00:00,dry,4,8,12,0.33,OK
BLR030,2025-02-15 06:00:00,dry,5,7,12,0.42,OK
BLR030,2025-02-15 07:00:00,dry,4,8,12,0.33,OK
BLR030,2025-02-15 08:00:00,dry,3,9,12,0.25,OK
BLR030,2025-02-15 09:00:00,dry,0,12,12,0.0,Understocked
BLR030,2025-02-15 10:00:00,dry,0,12,12,0.0,Understocked
BLR030,2025-02-15 11:00:00,dry,1,11,12,0.08,Understocked
BLR030,2025-02-15 12:00:00,dry,2,10,12,0.17,OK
BLR030,2025-02-15 13:00:00,dry,1,11,12,0.08,Understocked
BLR030,2025-02-15 14:00:00,dry,2,10,12,0.17,OK
BLR030,2025-02-15 15:00:00,dry,2,10,12,0.17,OK
BLR030,2025-02-15 16:00:00,dry,2,10,12,0.17,OK
BLR030,2025-02-15 17:00:00,dry,5,7,12,0.42,OK
BLR030,2025-02-15 18:00:00,dry,6,6,12,0.5,OK
BLR030,2025-02-15 19:00:00,dry,7,5,12,0.58,OK
BLR030,2025-02-15 20:00:00,dry,9,3,12,0.75,OK
BLR030,2025-02-15 21:00:00,dry,8,4,12,0.67,OK
BLR030,2025-02-15 22:00:00,dry,8,4,12,0.67,OK
BLR030,2025-02-15 23:00:00,dry,9,3,12,0.75,OK
BLR030,2025-02-16 00:00:00,dry,9,3,12,0.75,OK
BLR030,2025-02-16 01:00:00,dry,8,4,12,0.67,OK
BLR030,2025-02-16 02:00:00,dry,8,4,12,0.67,OK
BLR030,2025-02-16 03:00:00,dry,7,5,12,0.58,OK
BLR030,2025-02-16 04:00:00,dry,8,4,12,0.67,OK
BLR030,2025-02-16 05:00:00,dry,9,3,12,0.75,OK
BLR030,2025-02-16 06:00:00,dry,9,3,12,0.75,OK
BLR030,2025-02-16 07:00:00,dry,9,3,12,0.75,OK
BLR030,2025-02-16 08:00:00,dry,8,4,12,0.67,OK
BLR030,2025-02-16 09:00:00,dry,8,4,12,0.67,OK
BLR030,2025-02-16 10:00:00,dry,7,5,12,0.58,OK
BLR030,2025-02-16 11:00:00,dry,6,6,12,0.5,OK
BLR030,2025-02-16 12:00:00,dry,6,6,12,0.5,OK
BLR030,2025-02-16 13:00:00,dry,6,6,12,0.5,OK
BLR030,2025-02-16 14:00:00,dry,6,6,12,0.5,OK
BLR030,2025-02-16 15:00:00,dry,5,7,12,0.42,OK
BLR030,2025-02-16 16:00:00,dry,6,6,12,0.5,OK
BLR030,2025-02-16 17:00:00,dry,11,1,12,0.92,Overstocked
BLR030,2025-02-16 18:00:00,dry,11,1,12,0.92,Overstocked
BLR030,2025-02-16 19:00:00,dry,11,1,12,0.92,Overstocked
BLR030,2025-02-16 20:00:00,dry,11,1,12,0.92,Overstocked
BLR030,2025-02-16 21:00:00,dry,11,1,12,0.92,Overstocked
BLR030,2025-02-16 22:00:00,dry,11,1,12,0.92,Overstocked
BLR030,2025-02-16 23:00:00,dry,10,2,12,0.83,OK
BLR031,2025-02-10 00:00:00,dry,15,5,20,0.75,OK
BLR031,2025-02-10 01:00:00,dry,16,4,20,0.8,OK
BLR031,2025-02-10 02:00:00,dry,15,5,20,0.75,OK
BLR031,2025-02-10 03:00:00,dry,16,4,20,0.8,OK
BLR031,2025-02-10 04:00:00,dry,15,5,20,0.75,OK
BLR031,2025-02-10 05:00:00,dry,14,6,20,0.7,OK
BLR031,2025-02-10 06:00:00,dry,13,7,20,0.65,OK
BLR031,2025-02-10 07:00:00,dry,12,8,20,0.6,OK
BLR031,2025-02-10 08:00:00,dry,10,10,20,0.5,OK
BLR031,2025-02-10 09:00:00,dry,7,13,20,0.35,OK
BLR031,2025-02-10 10:00:00,dry,6,14,20,0.3,OK
BLR031,2025-02-10 11:00:00,dry,5,15,20,0.25,OK
BLR031,2025-02-10 12:00:00,dry,5,15,20,0.25,OK
BLR031,2025-02-10 13:00:00,dry,5,15,20,0.25,OK
BLR031,2025-02-10 14:00:00,dry,5,15,20,0.25,OK
BLR031,2025-02-10 15:00:00,dry,4,16,20,0.2,OK
BLR031,2025-02-10 16:00:00,dry,3,17,20,0.15,OK
BLR031,2025-02-10 17:00:00,dry,5,15,20,0.25,OK
BLR031,2025-02-10 18:00:00,dry,9,11,20,0.45,OK
BLR031,2025-02-10 19:00:00,dry,14,6,20,0.7,OK
BLR031,2025-02-10 20:00:00,dry,16,4,20,0.8,OK
BLR031,2025-02-10 21:00:00,dry,16,4,20,0.8,OK
BLR031,2025-02-10 22:00:00,dry,16,4,20,0.8,OK
BLR031,2025-02-10 23:00:00,dry,16,4,20,0.8,OK
BLR031,2025-02-11 00:00:00,dry,15,5,20,0.75,OK
BLR031,2025-02-11 01:00:00,dry,16,4,20,0.8,OK
BLR031,2025-02-11 02:00:00,dry,16,4,20,0.8,OK
BLR031,2025-02-11 03:00:00,dry,17,3,20,0.85,OK
BLR031,2025-02-11 04:00:00,dry,18,2,20,0.9,Overstocked
BLR031,2025-02-11 05:00:00,dry,17,3,20,0.85,OK
BLR031,2025-02-11 06:00:00,dry,18,2,20,0.9,Overstocked
BLR031,2025-02-11 07:00:00,dry,18,2,20,0.9,Overstocked
BLR031,2025-02-11 08:00:00,dry,15,5,20,0.75,OK
BLR031,2025-02-11 09:00:00,dry,14,6,20,0.7,OK
BLR031,2025-02-11 10:00:00,dry,10,10,20,0.5,OK
BLR031,2025-02-11 11:00:00,dry,11,9,20,0.55,OK
BLR031,2025-02-11 12:00:00,dry,10,10,20,0.5,OK
BLR031,2025-02-11 13:00:00,dry,10,10,20,0.5,OK
BLR031,2025-02-11 14:00:00,dry,9,11,20,0.45,OK
BLR031,2025-02-11 15:00:00,dry,9,11,20,0.45,OK
BLR031,2025-02-11 16:00:00,dry,10,10,20,0.5,OK
BLR031,2025-02-11 17:00:00,dry,12,8,20,0.6,OK
BLR031,2025-02-11 18:00:00,dry,12,8,20,0.6,OK
BLR031,2025-02-11 19:00:00,dry,15,5,20,0.75,OK
BLR031,2025-02-11 20:00:00,dry,16,4,20,0.8,OK
BLR031,2025-02-11 21:00:00,dry,16,4,20,0.8,OK
BLR031,2025-02-11 22:00:00,dry,16,4,20,0.8,OK
BLR031,2025-02-11 23:00:00,dry,16,4,20,0.8,OK
BLR031,2025-02-12 00:00:00,dry,15,5,20,0.75,OK
BLR031,2025-02-12 01:00:00,dry,15,5,20,0.75,OK
BLR031,2025-02-12 02:00:00,dry,16,4,20,0.8,OK
BLR031,2025-02-12 03:00:00,dry,16,4,20,0.8,OK
BLR031,2025-02-12 04:00:00,dry,15,5,20,0.75,OK
BLR031,2025-02-12 05:00:00,dry,15,5,20,0.75,OK
BLR031,2025-02-12 06:00:00,dry,14,6,20,0.7,OK
BLR031,2025-02-12 07:00:00,dry,11,9,20,0.55,OK
BLR031,2025-02-12 08:00:00,dry,7,13,20,0.35,OK
BLR031,2025-02-12 09:00:00,dry,4,16,20,0.2,OK
BLR031,2025-02-12 10:00:00,dry,2,18,20,0.1,Understocked
BLR031,2025-02-12 11:00:00,dry,1,19,20,0.05,Understocked
BLR031,2025-02-12 12:00:00,dry,0,20,20,0.0,Understocked
BLR031,2025-02-12 13:00:00,dry,1,19,20,0.05,Understocked
BLR031,2025-02-12 14:00:00,dry,2,18,20,0.1,Understocked
BLR031,2025-02-12 15:00:00,dry,1,19,20,0.05,Understocked
BLR031,2025-02-12 16:00:00,dry,2,18,20,0.1,Understocked
BLR031,2025-02-12 17:00:00,dry,3,17,20,0.15,OK
BLR031,2025-02-12 18:00:00,dry,3,17,20,0.15,OK
BLR031,2025-02-12 19:00:00,dry,5,15,20,0.25,OK
BLR031,2025-02-12 20:00:00,dry,6,14,20,0.3,OK
BLR031,2025-02-12 21:00:00,dry,5,15,20,0.25,OK
BLR031,2025-02-12 22:00:00,dry,5,15,20,0.25,OK
BLR031,2025-02-12 23:00:00,dry,4,16,20,0.2,OK
BLR031,2025-02-13 00:00:00,dry,5,15,20,0.25,OK
BLR031,2025-02-13 01:00:00,dry,4,16,20,0.2,OK
BLR031,2025-02-13 02:00:00,dry,5,15,20,0.25,OK
BLR031,2025-02-13 03:00:00,dry,4,16,20,0.2,OK
BLR031,2025-02-13 04:00:00,dry,5,15,20,0.25,OK
BLR031,2025-02-13 05:00:00,dry,6,14,20,0.3,OK
BLR031,2025-02-13 06:00:00,dry,5,15,20,0.25,OK
BLR031,2025-02-13 07:00:00,dry,3,17,20,0.15,OK
BLR031,2025-02-13 08:00:00,dry,3,17,20,0.15,OK
BLR031,2025-02-13 09:00:00,dry,0,20,20,0.0,Understocked
BLR031,2025-02-13 10:00:00,dry,0,20,20,0.0,Understocked
BLR031,2025-02-13 11:00:00,dry,1,19,20,0.05,Understocked
BLR031,2025-02-13 12:00:00,dry,1,19,20,0.05,Understocked
BLR031,2025-02-13 13:00:00,dry,2,18,20,0.1,Understocked
BLR031,2025-02-13 14:00:00,dry,1,19,20,0.05,Understocked
BLR031,2025-02-13 15:00:00,dry,0,20,20,0.0,Understocked
BLR031,2025-02-13 16:00:00,dry,0,20,20,0.0,Understocked
BLR031,2025-02-13 17:00:00,dry,0,20,20,0.0,Understocked
BLR031,2025-02-13 18:00:00,dry,2,18,20,0.1,Understocked
BLR031,2025-02-13 19:00:00,dry,4,16,20,0.2,OK
BLR031,2025-02-13 20:00:00,dry,5,15,20,0.25,OK
BLR031,2025-02-13 21:00:00,dry,4,16,20,0.2,OK
BLR031,2025-02-13 22:00:00,dry,3,17,20,0.15,OK
BLR031,2025-02-13 23:00:00,dry,2,18,20,0.1,Understocked
BLR031,2025-02-14 00:00:00,dry,1,19,20,0.05,Understocked
BLR031,2025-02-14 01:00:00,dry,0,20,20,0.0,Understocked
BLR031,2025-02-14 02:00:00,dry,0,20,20,0.0,Understocked
BLR031,2025-02-14 03:00:00,dry,1,19,20,0.05,Understocked
BLR031,2025-02-14 04:00:00,dry,0,20,20,0.0,Understocked
BLR031,2025-02-14 05:00:00,dry,0,20,20,0.0,Understocked
BLR031,2025-02-14 06:00:00,dry,1,19,20,0.05,Understocked
BLR031,2025-02-14 07:00:00,dry,1,19,20,0.05,Understocked
BLR031,2025-02-14 08:00:00,dry,0,20,20,0.0,Understocked
BLR031,2025-02-14 09:00:00,dry,0,20,20,0.0,Understocked
BLR031,2025-02-14 10:00:00,dry,0,20,20,0.0,Understocked
BLR031,2025-02-14 11:00:00,dry,0,20,20,0.0,Understocked
BLR031,2025-02-14 12:00:00,dry,1,19,20,0.05,Understocked
BLR031,2025-02-14 13:00:00,dry,1,19,20,0.05,Understocked
BLR031,2025-02-14 14:00:00,dry,0,20,20,0.0,Understocked
BLR031,2025-02-14 15:00:00,dry,0,20,20,0.0,Understocked
BLR031,2025-02-14 16:00:00,dry,0,20,20,0.0,Understocked
BLR031,2025-02-14 17:00:00,dry,2,18,20,0.1,Understocked
BLR031,2025-02-14 18:00:00,dry,3,17,20,0.15,OK
BLR031,2025-02-14 19:00:00,dry,6,14,20,0.3,OK
BLR031,2025-02-14 20:00:00,dry,7,13,20,0.35,OK
BLR031,2025-02-14 21:00:00,dry,6,14,20,0.3,OK
BLR031,2025-02-14 22:00:00,dry,5,15,20,0.25,OK
BLR031,2025-02-14 23:00:00,dry,6,14,20,0.3,OK
BLR031,2025-02-15 00:00:00,dry,6,14,20,0.3,OK
BLR031,2025-02-15 01:00:00,dry,5,15,20,0.25,OK
BLR031,2025-02-15 02:00:00,dry,5,15,20,0.25,OK
BLR031,2025-02-15 03:00:00,dry,5,15,20,0.25,OK
BLR031,2025-02-15 04:00:00,dry,5,15,20,0.25,OK
BLR031,2025-02-15 05:00:00,dry,6,14,20,0.3,OK
BLR031,2025-02-15 06:00:00,dry,7,13,20,0.35,OK
BLR031,2025-02-15 07:00:00,dry,7,13,20,0.35,OK
BLR031,2025-02-15 08:00:00,dry,5,15,20,0.25,OK
BLR031,2025-02-15 09:00:00,dry,4,16,20,0.2,OK
BLR031,2025-02-15 10:00:00,dry,0,20,20,0.0,Understocked
BLR031,2025-02-15 11:00:00,dry,0,20,20,0.0,Understocked
BLR031,2025-02-15 12:00:00,dry,0,20,20,0.0,Understocked
BLR031,2025-02-15 13:00:00,dry,1,19,20,0.05,Understocked
BLR031,2025-02-15 14:00:00,dry,0,20,20,0.0,Understocked
BLR031,2025-02-15 15:00:00,dry,1,19,20,0.05,Understocked
BLR031,2025-02-15 16:00:00,dry,0,20,20,0.0,Understocked
BLR031,2025-02-15 17:00:00,dry,2,18,20,0.1,Understocked
BLR031,2025-02-15 18:00:00,dry,3,17,20,0.15,OK
BLR031,2025-02-15 19:00:00,dry,4,16,20,0.2,OK
BLR031,2025-02-15 20:00:00,dry,4,16,20,0.2,OK
BLR031,2025-02-15 21:00:00,dry,3,17,20,0.15,OK
BLR031,2025-02-15 22:00:00,dry,3,17,20,0.15,OK
BLR031,2025-02-15 23:00:00,dry,4,16,20,0.2,OK
BLR031,2025-02-16 00:00:00,dry,3,17,20,0.15,OK
BLR031,2025-02-16 01:00:00,dry,2,18,20,0.1,Understocked
BLR031,2025-02-16 02:00:00,dry,1,19,20,0.05,Understocked
BLR031,2025-02-16 03:00:00,dry,2,18,20,0.1,Understocked
BLR031,2025-02-16 04:00:00,dry,1,19,20,0.05,Understocked
BLR031,2025-02-16 05:00:00,dry,0,20,20,0.0,Understocked
BLR031,2025-02-16 06:00:00,dry,1,19,20,0.05,Understocked
BLR031,2025-02-16 07:00:00,dry,1,19,20,0.05,Understocked
BLR031,2025-02-16 08:00:00,dry,1,19,20,0.05,Understocked
BLR031,2025-02-16 09:00:00,dry,0,20,20,0.0,Understocked
BLR031,2025-02-16 10:00:00,dry,0,20,20,0.0,Understocked
BLR031,2025-02-16 11:00:00,dry,0,20,20,0.0,Understocked
BLR031,2025-02-16 12:00:00,dry,0,20,20,0.0,Understocked
BLR031,2025-02-16 13:00:00,dry,0,20,20,0.0,Understocked
BLR031,2025-02-16 14:00:00,dry,0,20,20,0.0,Understocked
BLR031,2025-02-16 15:00:00,dry,0,20,20,0.0,Understocked
BLR031,2025-02-16 16:00:00,dry,0,20,20,0.0,Understocked
BLR031,2025-02-16 17:00:00,dry,1,19,20,0.05,Understocked
BLR031,2025-02-16 18:00:00,dry,2,18,20,0.1,Understocked
BLR031,2025-02-16 19:00:00,dry,4,16,20,0.2,OK
BLR031,2025-02-16 20:00:00,dry,6,14,20,0.3,OK
BLR031,2025-02-16 21:00:00,dry,7,13,20,0.35,OK
BLR031,2025-02-16 22:00:00,dry,7,13,20,0.35,OK
BLR031,2025-02-16 23:00:00,dry,8,12,20,0.4,OK
BLR032,2025-02-10 00:00:00,dry,16,8,24,0.67,OK
BLR032,2025-02-10 01:00:00,dry,16,8,24,0.67,OK
BLR032,2025-02-10 02:00:00,dry,15,9,24,0.62,OK
BLR032,2025-02-10 03:00:00,dry,14,10,24,0.58,OK
BLR032,2025-02-10 04:00:00,dry,15,9,24,0.62,OK
BLR032,2025-02-10 05:00:00,dry,14,10,24,0.58,OK
BLR032,2025-02-10 06:00:00,dry,14,10,24,0.58,OK
BLR032,2025-02-10 07:00:00,dry,12,12,24,0.5,OK
BLR032,2025-02-10 08:00:00,dry,10,14,24,0.42,OK
BLR032,2025-02-10 09:00:00,dry,8,16,24,0.33,OK
BLR032,2025-02-10 10:00:00,dry,7,17,24,0.29,OK
BLR032,2025-02-10 11:00:00,dry,6,18,24,0.25,OK
BLR032,2025-02-10 12:00:00,dry,5,19,24,0.21,OK
BLR032,2025-02-10 13:00:00,dry,6,18,24,0.25,OK
BLR032,2025-02-10 14:00:00,dry,6,18,24,0.25,OK
BLR032,2025-02-10 15:00:00,dry,6,18,24,0.25,OK
BLR032,2025-02-10 16:00:00,dry,6,18,24,0.25,OK
BLR032,2025-02-10 17:00:00,dry,7,17,24,0.29,OK
BLR032,2025-02-10 18:00:00,dry,8,16,24,0.33,OK
BLR032,2025-02-10 19:00:00,dry,9,15,24,0.38,OK
BLR032,2025-02-10 20:00:00,dry,13,11,24,0.54,OK
BLR032,2025-02-10 21:00:00,dry,12,12,24,0.5,OK
BLR032,2025-02-10 22:00:00,dry,11,13,24,0.46,OK
BLR032,2025-02-10 23:00:00,dry,11,13,24,0.46,OK
BLR032,2025-02-11 00:00:00,dry,11,13,24,0.46,OK
BLR032,2025-02-11 01:00:00,dry,12,12,24,0.5,OK
BLR032,2025-02-11 02:00:00,dry,13,11,24,0.54,OK
BLR032,2025-02-11 03:00:00,dry,14,10,24,0.58,OK
BLR032,2025-02-11 04:00:00,dry,15,9,24,0.62,OK
BLR032,2025-02-11 05:00:00,dry,14,10,24,0.58,OK
BLR032,2025-02-11 06:00:00,dry,15,9,24,0.62,OK
BLR032,2025-02-11 07:00:00,dry,15,9,24,0.62,OK
BLR032,2025-02-11 08:00:00,dry,12,12,24,0.5,OK
BLR032,2025-02-11 09:00:00,dry,12,12,24,0.5,OK
BLR032,2025-02-11 10:00:00,dry,11,13,24,0.46,OK
BLR032,2025-02-11 11:00:00,dry,11,13,24,0.46,OK
BLR032,2025-02-11 12:00:00,dry,10,14,24,0.42,OK
BLR032,2025-02-11 13:00:00,dry,10,14,24,0.42,OK
BLR032,2025-02-11 14:00:00,dry,11,13,24,0.46,OK
BLR032,2025-02-11 15:00:00,dry,10,14,24,0.42,OK
BLR032,2025-02-11 16:00:00,dry,9,15,24,0.38,OK
BLR032,2025-02-11 17:00:00,dry,9,15,24,0.38,OK
BLR032,2025-02-11 18:00:00,dry,12,12,24,0.5,OK
BLR032,2025-02-11 19:00:00,dry,15,9,24,0.62,OK
BLR032,2025-02-11 20:00:00,dry,19,5,24,0.79,OK
BLR032,2025-02-11 21:00:00,dry,18,6,24,0.75,OK
BLR032,2025-02-11 22:00:00,dry,18,6,24,0.75,OK
BLR032,2025-02-11 23:00:00,dry,18,6,24,0.75,OK
BLR032,2025-02-12 00:00:00,dry,18,6,24,0.75,OK
BLR032,2025-02-12 01:00:00,dry,18,6,24,0.75,OK
BLR032,2025-02-12 02:00:00,dry,17,7,24,0.71,OK
BLR032,2025-02-12 03:00:00,dry,18,6,24,0.75,OK
BLR032,2025-02-12 04:00:00,dry,18,6,24,0.75,OK
BLR032,2025-02-12 05:00:00,dry,18,6,24,0.75,OK
BLR032,2025-02-12 06:00:00,dry,19,5,24,0.79,OK
BLR032,2025-02-12 07:00:00,dry,17,7,24,0.71,OK
BLR032,2025-02-12 08:00:00,dry,17,7,24,0.71,OK
BLR032,2025-02-12 09:00:00,dry,14,10,24,0.58,OK
BLR032,2025-02-12 10:00:00,dry,12,12,24,0.5,OK
BLR032,2025-02-12 11:00:00,dry,13,11,24,0.54,OK
BLR032,2025-02-12 12:00:00,dry,14,10,24,0.58,OK
BLR032,2025-02-12 13:00:00,dry,13,11,24,0.54,OK
BLR032,2025-02-12 14:00:00,dry,12,12,24,0.5,OK
BLR032,2025-02-12 15:00:00,dry,11,13,24,0.46,OK
BLR032,2025-02-12 16:00:00,dry,10,14,24,0.42,OK
BLR032,2025-02-12 17:00:00,dry,11,13,24,0.46,OK
BLR032,2025-02-12 18:00:00,dry,15,9,24,0.62,OK
BLR032,2025-02-12 19:00:00,dry,15,9,24,0.62,OK
BLR032,2025-02-12 20:00:00,dry,17,7,24,0.71,OK
BLR032,2025-02-12 21:00:00,dry,18,6,24,0.75,OK
BLR032,2025-02-12 22:00:00,dry,17,7,24,0.71,OK
BLR032,2025-02-12 23:00:00,dry,17,7,24,0.71,OK
BLR032,2025-02-13 00:00:00,dry,16,8,24,0.67,OK
BLR032,2025-02-13 01:00:00,dry,17,7,24,0.71,OK
BLR032,2025-02-13 02:00:00,dry,16,8,24,0.67,OK
BLR032,2025-02-13 03:00:00,dry,17,7,24,0.71,OK
BLR032,2025-02-13 04:00:00,dry,18,6,24,0.75,OK
BLR032,2025-02-13 05:00:00,dry,17,7,24,0.71,OK
BLR032,2025-02-13 06:00:00,dry,17,7,24,0.71,OK
BLR032,2025-02-13 07:00:00,dry,13,11,24,0.54,OK
BLR032,2025-02-13 08:00:00,dry,12,12,24,0.5,OK
BLR032,2025-02-13 09:00:00,dry,10,14,24,0.42,OK
BLR032,2025-02-13 10:00:00,dry,8,16,24,0.33,OK
BLR032,2025-02-13 11:00:00,dry,7,17,24,0.29,OK
BLR032,2025-02-13 12:00:00,dry,6,18,24,0.25,OK
BLR032,2025-02-13 13:00:00,dry,5,19,24,0.21,OK
BLR032,2025-02-13 14:00:00,dry,4,20,24,0.17,OK
BLR032,2025-02-13 15:00:00,dry,3,21,24,0.12,OK
BLR032,2025-02-13 16:00:00,dry,4,20,24,0.17,OK
BLR032,2025-02-13 17:00:00,dry,6,18,24,0.25,OK
BLR032,2025-02-13 18:00:00,dry,9,15,24,0.38,OK
BLR032,2025-02-13 19:00:00,dry,10,14,24,0.42,OK
BLR032,2025-02-13 20:00:00,dry,13,11,24,0.54,OK
BLR032,2025-02-13 21:00:00,dry,13,11,24,0.54,OK
BLR032,2025-02-13 22:00:00,dry,14,10,24,0.58,OK
BLR032,2025-02-13 23:00:00,dry,13,11,24,0.54,OK
BLR032,2025-02-14 00:00:00,dry,13,11,24,0.54,OK
BLR032,2025-02-14 01:00:00,dry,13,11,24,0.54,OK
BLR032,2025-02-14 02:00:00,dry,12,12,24,0.5,OK
BLR032,2025-02-14 03:00:00,dry,12,12,24,0.5,OK
BLR032,2025-02-14 04:00:00,dry,12,12,24,0.5,OK
BLR032,2025-02-14 05:00:00,dry,13,11,24,0.54,OK
BLR032,2025-02-14 06:00:00,dry,13,11,24,0.54,OK
BLR032,2025-02-14 07:00:00,dry,9,15,24,0.38,OK
BLR032,2025-02-14 08:00:00,dry,6,18,24,0.25,OK
BLR032,2025-02-14 09:00:00,dry,5,19,24,0.21,OK
BLR032,2025-02-14 10:00:00,dry,2,22,24,0.08,Understocked
BLR032,2025-02-14 11:00:00,dry,2,22,24,0.08,Understocked
BLR032,2025-02-14 12:00:00,dry,2,22,24,0.08,Understocked
BLR032,2025-02-14 13:00:00,dry,3,21,24,0.12,OK
BLR032,2025-02-14 14:00:00,dry,2,22,24,0.08,Understocked
BLR032,2025-02-14 15:00:00,dry,1,23,24,0.04,Understocked
BLR032,2025-02-14 16:00:00,dry,0,24,24,0.0,Understocked
BLR032,2025-02-14 17:00:00,dry,1,23,24,0.04,Understocked
BLR032,2025-02-14 18:00:00,dry,5,19,24,0.21,OK
BLR032,2025-02-14 19:00:00,dry,7,17,24,0.29,OK
BLR032,2025-02-14 20:00:00,dry,7,17,24,0.29,OK
BLR032,2025-02-14 21:00:00,dry,8,16,24,0.33,OK
BLR032,2025-02-14 22:00:00,dry,9,15,24,0.38,OK
BLR032,2025-02-14 23:00:00,dry,9,15,24,0.38,OK
BLR032,2025-02-15 00:00:00,dry,8,16,24,0.33,OK
BLR032,2025-02-15 01:00:00,dry,7,17,24,0.29,OK
BLR032,2025-02-15 02:00:00,dry,6,18,24,0.25,OK
BLR032,2025-02-15 03:00:00,dry,5,19,24,0.21,OK
BLR032,2025-02-15 04:00:00,dry,5,19,24,0.21,OK
BLR032,2025-02-15 05:00:00,dry,4,20,24,0.17,OK
BLR032,2025-02-15 06:00:00,dry,4,20,24,0.17,OK
BLR032,2025-02-15 07:00:00,dry,4,20,24,0.17,OK
BLR032,2025-02-15 08:00:00,dry,2,22,24,0.08,Understocked
BLR032,2025-02-15 09:00:00,dry,0,24,24,0.0,Understocked
BLR032,2025-02-15 10:00:00,dry,0,24,24,0.0,Understocked
BLR032,2025-02-15 11:00:00,dry,0,24,24,0.0,Understocked
BLR032,2025-02-15 12:00:00,dry,0,24,24,0.0,Understocked
BLR032,2025-02-15 13:00:00,dry,1,23,24,0.04,Understocked
BLR032,2025-02-15 14:00:00,dry,2,22,24,0.08,Understocked
BLR032,2025-02-15 15:00:00,dry,2,22,24,0.08,Understocked
BLR032,2025-02-15 16:00:00,dry,3,21,24,0.12,OK
BLR032,2025-02-15 17:00:00,dry,3,21,24,0.12,OK
BLR032,2025-02-15 18:00:00,dry,6,18,24,0.25,OK
BLR032,2025-02-15 19:00:00,dry,8,16,24,0.33,OK
BLR032,2025-02-15 20:00:00,dry,10,14,24,0.42,OK
BLR032,2025-02-15 21:00:00,dry,10,14,24,0.42,OK
BLR032,2025-02-15 22:00:00,dry,11,13,24,0.46,OK
BLR032,2025-02-15 23:00:00,dry,10,14,24,0.42,OK
BLR032,2025-02-16 00:00:00,dry,11,13,24,0.46,OK
BLR032,2025-02-16 01:00:00,dry,10,14,24,0.42,OK
BLR032,2025-02-16 02:00:00,dry,9,15,24,0.38,OK
BLR032,2025-02-16 03:00:00,dry,9,15,24,0.38,OK
BLR032,2025-02-16 04:00:00,dry,8,16,24,0.33,OK
BLR032,2025-02-16 05:00:00,dry,7,17,24,0.29,OK
BLR032,2025-02-16 06:00:00,dry,6,18,24,0.25,OK
BLR032,2025-02-16 07:00:00,dry,6,18,24,0.25,OK
BLR032,2025-02-16 08:00:00,dry,3,21,24,0.12,OK
BLR032,2025-02-16 09:00:00,dry,3,21,24,0.12,OK
BLR032,2025-02-16 10:00:00,dry,1,23,24,0.04,Understocked
BLR032,2025-02-16 11:00:00,dry,0,24,24,0.0,Understocked
BLR032,2025-02-16 12:00:00,dry,0,24,24,0.0,Understocked
BLR032,2025-02-16 13:00:00,dry,1,23,24,0.04,Understocked
BLR032,2025-02-16 14:00:00,dry,0,24,24,0.0,Understocked
BLR032,2025-02-16 15:00:00,dry,0,24,24,0.0,Understocked
BLR032,2025-02-16 16:00:00,dry,0,24,24,0.0,Understocked
BLR032,2025-02-16 17:00:00,dry,2,22,24,0.08,Understocked
BLR032,2025-02-16 18:00:00,dry,3,21,24,0.12,OK
BLR032,2025-02-16 19:00:00,dry,5,19,24,0.21,OK
BLR032,2025-02-16 20:00:00,dry,8,16,24,0.33,OK
BLR032,2025-02-16 21:00:00,dry,9,15,24,0.38,OK
BLR032,2025-02-16 22:00:00,dry,8,16,24,0.33,OK
BLR032,2025-02-16 23:00:00,dry,8,16,24,0.33,OK
BLR033,2025-02-10 00:00:00,dry,19,11,30,0.63,OK
BLR033,2025-02-10 01:00:00,dry,19,11,30,0.63,OK
BLR033,2025-02-10 02:00:00,dry,18,12,30,0.6,OK
BLR033,2025-02-10 03:00:00,dry,18,12,30,0.6,OK
BLR033,2025-02-10 04:00:00,dry,19,11,30,0.63,OK
BLR033,2025-02-10 05:00:00,dry,20,10,30,0.67,OK
BLR033,2025-02-10 06:00:00,dry,21,9,30,0.7,OK
BLR033,2025-02-10 07:00:00,dry,22,8,30,0.73,OK
BLR033,2025-02-10 08:00:00,dry,22,8,30,0.73,OK
BLR033,2025-02-10 09:00:00,dry,24,6,30,0.8,OK
BLR033,2025-02-10 10:00:00,dry,25,5,30,0.83,OK
BLR033,2025-02-10 11:00:00,dry,24,6,30,0.8,OK
BLR033,2025-02-10 12:00:00,dry,23,7,30,0.77,OK
BLR033,2025-02-10 13:00:00,dry,22,8,30,0.73,OK
BLR033,2025-02-10 14:00:00,dry,21,9,30,0.7,OK
BLR033,2025-02-10 15:00:00,dry,22,8,30,0.73,OK
BLR033,2025-02-10 16:00:00,dry,21,9,30,0.7,OK
BLR033,2025-02-10 17:00:00,dry,21,9,30,0.7,OK
BLR033,2025-02-10 18:00:00,dry,19,11,30,0.63,OK
BLR033,2025-02-10 19:00:00,dry,19,11,30,0.63,OK
BLR033,2025-02-10 20:00:00,dry,18,12,30,0.6,OK
BLR033,2025-02-10 21:00:00,dry,18,12,30,0.6,OK
BLR033,2025-02-10 22:00:00,dry,19,11,30,0.63,OK
BLR033,2025-02-10 23:00:00,dry,20,10,30,0.67,OK
BLR033,2025-02-11 00:00:00,dry,21,9,30,0.7,OK
BLR033,2025-02-11 01:00:00,dry,21,9,30,0.7,OK
BLR033,2025-02-11 02:00:00,dry,22,8,30,0.73,OK
BLR033,2025-02-11 03:00:00,dry,23,7,30,0.77,OK
BLR033,2025-02-11 04:00:00,dry,22,8,30,0.73,OK
BLR033,2025-02-11 05:00:00,dry,23,7,30,0.77,OK
BLR033,2025-02-11 06:00:00,dry,24,6,30,0.8,OK
BLR033,2025-02-11 07:00:00,dry,27,3,30,0.9,Overstocked
BLR033,2025-02-11 08:00:00,dry,29,1,30,0.97,Overstocked
BLR033,2025-02-11 09:00:00,dry,30,0,30,1.0,Overstocked
BLR033,2025-02-11 10:00:00,dry,30,0,30,1.0,Overstocked
BLR033,2025-02-11 11:00:00,dry,29,1,30,0.97,Overstocked
BLR033,2025-02-11 12:00:00,dry,28,2,30,0.93,Overstocked
BLR033,2025-02-11 13:00:00,dry,29,1,30,0.97,Overstocked
BLR033,2025-02-11 14:00:00,dry,30,0,30,1.0,Overstocked
BLR033,2025-02-11 15:00:00,dry,30,0,30,1.0,Overstocked
BLR033,2025-02-11 16:00:00,dry,30,0,30,1.0,Overstocked
BLR033,2025-02-11 17:00:00,dry,29,1,30,0.97,Overstocked
BLR033,2025-02-11 18:00:00,dry,28,2,30,0.93,Overstocked
BLR033,2025-02-11 19:00:00,dry,26,4,30,0.87,OK
BLR033,2025-02-11 20:00:00,dry,25,5,30,0.83,OK
BLR033,2025-02-11 21:00:00,dry,26,4,30,0.87,OK
BLR033,2025-02-11 22:00:00,dry,25,5,30,0.83,OK
BLR033,2025-02-11 23:00:00,dry,26,4,30,0.87,OK
BLR033,2025-02-12 00:00:00,dry,26,4,30,0.87,OK
BLR033,2025-02-12 01:00:00,dry,26,4,30,0.87,OK
BLR033,2025-02-12 02:00:00,dry,26,4,30,0.87,OK
BLR033,2025-02-12 03:00:00,dry,25,5,30,0.83,OK
BLR033,2025-02-12 04:00:00,dry,25,5,30,0.83,OK
BLR033,2025-02-12 05:00:00,dry,26,4,30,0.87,OK
BLR033,2025-02-12 06:00:00,dry,27,3,30,0.9,Overstocked
BLR033,2025-02-12 07:00:00,dry,27,3,30,0.9,Overstocked
BLR033,2025-02-12 08:00:00,dry,28,2,30,0.93,Overstocked
BLR033,2025-02-12 09:00:00,dry,30,0,30,1.0,Overstocked
BLR033,2025-02-12 10:00:00,dry,30,0,30,1.0,Overstocked
BLR033,2025-02-12 11:00:00,dry,30,0,30,1.0,Overstocked
BLR033,2025-02-12 12:00:00,dry,29,1,30,0.97,Overstocked
BLR033,2025-02-12 13:00:00,dry,29,1,30,0.97,Overstocked
BLR033,2025-02-12 14:00:00,dry,29,1,30,0.97,Overstocked
BLR033,2025-02-12 15:00:00,dry,28,2,30,0.93,Overstocked
BLR033,2025-02-12 16:00:00,dry,29,1,30,0.97,Overstocked
BLR033,2025-02-12 17:00:00,dry,29,1,30,0.97,Overstocked
BLR033,2025-02-12 18:00:00,dry,28,2,30,0.93,Overstocked
BLR033,2025-02-12 19:00:00,dry,24,6,30,0.8,OK
BLR033,2025-02-12 20:00:00,dry,21,9,30,0.7,OK
BLR033,2025-02-12 21:00:00,dry,21,9,30,0.7,OK
BLR033,2025-02-12 22:00:00,dry,20,10,30,0.67,OK
BLR033,2025-02-12 23:00:00,dry,20,10,30,0.67,OK
BLR033,2025-02-13 00:00:00,dry,21,9,30,0.7,OK
BLR033,2025-02-13 01:00:00,dry,21,9,30,0.7,OK
BLR033,2025-02-13 02:00:00,dry,21,9,30,0.7,OK
BLR033,2025-02-13 03:00:00,dry,21,9,30,0.7,OK
BLR033,2025-02-13 04:00:00,dry,20,10,30,0.67,OK
BLR033,2025-02-13 05:00:00,dry,21,9,30,0.7,OK
BLR033,2025-02-13 06:00:00,dry,21,9,30,0.7,OK
BLR033,2025-02-13 07:00:00,dry,21,9,30,0.7,OK
BLR033,2025-02-13 08:00:00,dry,21,9,30,0.7,OK
BLR033,2025-02-13 09:00:00,dry,22,8,30,0.73,OK
BLR033,2025-02-13 10:00:00,dry,23,7,30,0.77,OK
BLR033,2025-02-13 11:00:00,dry,22,8,30,0.73,OK
BLR033,2025-02-13 12:00:00,dry,22,8,30,0.73,OK
BLR033,2025-02-13 13:00:00,dry,23,7,30,0.77,OK
BLR033,2025-02-13 14:00:00,dry,24,6,30,0.8,OK
BLR033,2025-02-13 15:00:00,dry,23,7,30,0.77,OK
BLR033,2025-02-13 16:00:00,dry,22,8,30,0.73,OK
BLR033,2025-02-13 17:00:00,dry,21,9,30,0.7,OK
BLR033,2025-02-13 18:00:00,dry,17,13,30,0.57,OK
BLR033,2025-02-13 19:00:00,dry,13,17,30,0.43,OK
BLR033,2025-02-13 20:00:00,dry,13,17,30,0.43,OK
BLR033,2025-02-13 21:00:00,dry,12,18,30,0.4,OK
BLR033,2025-02-13 22:00:00,dry,12,18,30,0.4,OK
BLR033,2025-02-13 23:00:00,dry,12,18,30,0.4,OK
BLR033,2025-02-14 00:00:00,dry,12,18,30,0.4,OK
BLR033,2025-02-14 01:00:00,dry,12,18,30,0.4,OK
BLR033,2025-02-14 02:00:00,dry,11,19,30,0.37,OK
BLR033,2025-02-14 03:00:00,dry,11,19,30,0.37,OK
BLR033,2025-02-14 04:00:00,dry,11,19,30,0.37,OK
BLR033,2025-02-14 05:00:00,dry,12,18,30,0.4,OK
BLR033,2025-02-14 06:00:00,dry,12,18,30,0.4,OK
BLR033,2025-02-14 07:00:00,dry,12,18,30,0.4,OK
BLR033,2025-02-14 08:00:00,dry,13,17,30,0.43,OK
BLR033,2025-02-14 09:00:00,dry,17,13,30,0.57,OK
BLR033,2025-02-14 10:00:00,dry,18,12,30,0.6,OK
BLR033,2025-02-14 11:00:00,dry,18,12,30,0.6,OK
BLR033,2025-02-14 12:00:00,dry,19,11,30,0.63,OK
BLR033,2025-02-14 13:00:00,dry,18,12,30,0.6,OK
BLR033,2025-02-14 14:00:00,dry,19,11,30,0.63,OK
BLR033,2025-02-14 15:00:00,dry,18,12,30,0.6,OK
BLR033,2025-02-14 16:00:00,dry,17,13,30,0.57,OK
BLR033,2025-02-14 17:00:00,dry,15,15,30,0.5,OK
BLR033,2025-02-14 18:00:00,dry,13,17,30,0.43,OK
BLR033,2025-02-14 19:00:00,dry,11,19,30,0.37,OK
BLR033,2025-02-14 20:00:00,dry,9,21,30,0.3,OK
BLR033,2025-02-14 21:00:00,dry,8,22,30,0.27,OK
BLR033,2025-02-14 22:00:00,dry,9,21,30,0.3,OK
BLR033,2025-02-14 23:00:00,dry,10,20,30,0.33,OK
BLR033,2025-02-15 00:00:00,dry,10,20,30,0.33,OK
BLR033,2025-02-15 01:00:00,dry,10,20,30,0.33,OK
BLR033,2025-02-15 02:00:00,dry,9,21,30,0.3,OK
BLR033,2025-02-15 03:00:00,dry,10,20,30,0.33,OK
BLR033,2025-02-15 04:00:00,dry,9,21,30,0.3,OK
BLR033,2025-02-15 05:00:00,dry,8,22,30,0.27,OK
BLR033,2025-02-15 06:00:00,dry,8,22,30,0.27,OK
BLR033,2025-02-15 07:00:00,dry,8,22,30,0.27,OK
BLR033,2025-02-15 08:00:00,dry,9,21,30,0.3,OK
BLR033,2025-02-15 09:00:00,dry,9,21,30,0.3,OK
BLR033,2025-02-15 10:00:00,dry,9,21,30,0.3,OK
BLR033,2025-02-15 11:00:00,dry,8,22,30,0.27,OK
BLR033,2025-02-15 12:00:00,dry,7,23,30,0.23,OK
BLR033,2025-02-15 13:00:00,dry,8,22,30,0.27,OK
BLR033,2025-02-15 14:00:00,dry,7,23,30,0.23,OK
BLR033,2025-02-15 15:00:00,dry,6,24,30,0.2,OK
BLR033,2025-02-15 16:00:00,dry,7,23,30,0.23,OK
BLR033,2025-02-15 17:00:00,dry,6,24,30,0.2,OK
BLR033,2025-02-15 18:00:00,dry,5,25,30,0.17,OK
BLR033,2025-02-15 19:00:00,dry,3,27,30,0.1,Understocked
BLR033,2025-02-15 20:00:00,dry,2,28,30,0.07,Understocked
BLR033,2025-02-15 21:00:00,dry,3,27,30,0.1,Understocked
BLR033,2025-02-15 22:00:00,dry,4,26,30,0.13,OK
BLR033,2025-02-15 23:00:00,dry,4,26,30,0.13,OK
BLR033,2025-02-16 00:00:00,dry,4,26,30,0.13,OK
BLR033,2025-02-16 01:00:00,dry,5,25,30,0.17,OK
BLR033,2025-02-16 02:00:00,dry,5,25,30,0.17,OK
BLR033,2025-02-16 03:00:00,dry,4,26,30,0.13,OK
BLR033,2025-02-16 04:00:00,dry,4,26,30,0.13,OK
BLR033,2025-02-16 05:00:00,dry,5,25,30,0.17,OK
BLR033,2025-02-16 06:00:00,dry,6,24,30,0.2,OK
BLR033,2025-02-16 07:00:00,dry,6,24,30,0.2,OK
BLR033,2025-02-16 08:00:00,dry,7,23,30,0.23,OK
BLR033,2025-02-16 09:00:00,dry,7,23,30,0.23,OK
BLR033,2025-02-16 10:00:00,dry,7,23,30,0.23,OK
BLR033,2025-02-16 11:00:00,dry,8,22,30,0.27,OK
BLR033,2025-02-16 12:00:00,dry,8,22,30,0.27,OK
BLR033,2025-02-16 13:00:00,dry,7,23,30,0.23,OK
BLR033,2025-02-16 14:00:00,dry,7,23,30,0.23,OK
BLR033,2025-02-16 15:00:00,dry,6,24,30,0.2,OK
BLR033,2025-02-16 16:00:00,dry,5,25,30,0.17,OK
BLR033,2025-02-16 17:00:00,dry,1,29,30,0.03,Understocked
BLR033,2025-02-16 18:00:00,dry,1,29,30,0.03,Understocked
BLR033,2025-02-16 19:00:00,dry,0,30,30,0.0,Understocked
BLR033,2025-02-16 20:00:00,dry,0,30,30,0.0,Understocked
BLR033,2025-02-16 21:00:00,dry,1,29,30,0.03,Understocked
BLR033,2025-02-16 22:00:00,dry,2,28,30,0.07,Understocked
BLR033,2025-02-16 23:00:00,dry,3,27,30,0.1,Understocked
BLR034,2025-02-10 00:00:00,dry,11,13,24,0.46,OK
BLR034,2025-02-10 01:00:00,dry,10,14,24,0.42,OK
BLR034,2025-02-10 02:00:00,dry,9,15,24,0.38,OK
BLR034,2025-02-10 03:00:00,dry,8,16,24,0.33,OK
BLR034,2025-02-10 04:00:00,dry,8,16,24,0.33,OK
BLR034,2025-02-10 05:00:00,dry,8,16,24,0.33,OK
BLR034,2025-02-10 06:00:00,dry,8,16,24,0.33,OK
BLR034,2025-02-10 07:00:00,dry,9,15,24,0.38,OK
BLR034,2025-02-10 08:00:00,dry,10,14,24,0.42,OK
BLR034,2025-02-10 09:00:00,dry,11,13,24,0.46,OK
BLR034,2025-02-10 10:00:00,dry,12,12,24,0.5,OK
BLR034,2025-02-10 11:00:00,dry,13,11,24,0.54,OK
BLR034,2025-02-10 12:00:00,dry,13,11,24,0.54,OK
BLR034,2025-02-10 13:00:00,dry,13,11,24,0.54,OK
BLR034,2025-02-10 14:00:00,dry,13,11,24,0.54,OK
BLR034,2025-02-10 15:00:00,dry,14,10,24,0.58,OK
BLR034,2025-02-10 16:00:00,dry,15,9,24,0.62,OK
BLR034,2025-02-10 17:00:00,dry,15,9,24,0.62,OK
BLR034,2025-02-10 18:00:00,dry,12,12,24,0.5,OK
BLR034,2025-02-10 19:00:00,dry,9,15,24,0.38,OK
BLR034,2025-02-10 20:00:00,dry,8,16,24,0.33,OK
BLR034,2025-02-10 21:00:00,dry,7,17,24,0.29,OK
BLR034,2025-02-10 22:00:00,dry,6,18,24,0.25,OK
BLR034,2025-02-10 23:00:00,dry,7,17,24,0.29,OK
BLR034,2025-02-11 00:00:00,dry,7,17,24,0.29,OK
BLR034,2025-02-11 01:00:00,dry,6,18,24,0.25,OK
BLR034,2025-02-11 02:00:00,dry,7,17,24,0.29,OK
BLR034,2025-02-11 03:00:00,dry,8,16,24,0.33,OK
BLR034,2025-02-11 04:00:00,dry,9,15,24,0.38,OK
BLR034,2025-02-11 05:00:00,dry,10,14,24,0.42,OK
BLR034,2025-02-11 06:00:00,dry,11,13,24,0.46,OK
BLR034,2025-02-11 07:00:00,dry,11,13,24,0.46,OK
BLR034,2025-02-11 08:00:00,dry,11,13,24,0.46,OK
BLR034,2025-02-11 09:00:00,dry,12,12,24,0.5,OK
BLR034,2025-02-11 10:00:00,dry,13,11,24,0.54,OK
BLR034,2025-02-11 11:00:00,dry,13,11,24,0.54,OK
BLR034,2025-02-11 12:00:00,dry,12,12,24,0.5,OK
BLR034,2025-02-11 13:00:00,dry,12,12,24,0.5,OK
BLR034,2025-02-11 14:00:00,dry,11,13,24,0.46,OK
BLR034,2025-02-11 15:00:00,dry,11,13,24,0.46,OK
BLR034,2025-02-11 16:00:00,dry,12,12,24,0.5,OK
BLR034,2025-02-11 17:00:00,dry,12,12,24,0.5,OK
BLR034,2025-02-11 18:00:00,dry,12,12,24,0.5,OK
BLR034,2025-02-11 19:00:00,dry,11,13,24,0.46,OK
BLR034,2025-02-11 20:00:00,dry,10,14,24,0.42,OK
BLR034,2025-02-11 21:00:00,dry,11,13,24,0.46,OK
BLR034,2025-02-11 22:00:00,dry,11,13,24,0.46,OK
BLR034,2025-02-11 23:00:00,dry,11,13,24,0.46,OK
BLR034,2025-02-12 00:00:00,dry,11,13,24,0.46,OK
BLR034,2025-02-12 01:00:00,dry,12,12,24,0.5,OK
BLR034,2025-02-12 02:00:00,dry,11,13,24,0.46,OK
BLR034,2025-02-12 03:00:00,dry,12,12,24,0.5,OK
BLR034,2025-02-12 04:00:00,dry,12,12,24,0.5,OK
BLR034,2025-02-12 05:00:00,dry,11,13,24,0.46,OK
BLR034,2025-02-12 06:00:00,dry,12,12,24,0.5,OK
BLR034,2025-02-12 07:00:00,dry,12,12,24,0.5,OK
BLR034,2025-02-12 08:00:00,dry,15,9,24,0.62,OK
BLR034,2025-02-12 09:00:00,dry,16,8,24,0.67,OK
BLR034,2025-02-12 10:00:00,dry,16,8,24,0.67,OK
BLR034,2025-02-12 11:00:00,dry,16,8,24,0.67,OK
BLR034,2025-02-12 12:00:00,dry,16,8,24,0.67,OK
BLR034,2025-02-12 13:00:00,dry,15,9,24,0.62,OK
BLR034,2025-02-12 14:00:00,dry,15,9,24,0.62,OK
BLR034,2025-02-12 15:00:00,dry,14,10,24,0.58,OK
BLR034,2025-02-12 16:00:00,dry,14,10,24,0.58,OK
BLR034,2025-02-12 17:00:00,dry,14,10,24,0.58,OK
BLR034,2025-02-12 18:00:00,dry,13,11,24,0.54,OK
BLR034,2025-02-12 19:00:00,dry,11,13,24,0.46,OK
BLR034,2025-02-12 20:00:00,dry,8,16,24,0.33,OK
BLR034,2025-02-12 21:00:00,dry,8,16,24,0.33,OK
BLR034,2025-02-12 22:00:00,dry,9,15,24,0.38,OK
BLR034,2025-02-12 23:00:00,dry,8,16,24,0.33,OK
BLR034,2025-02-13 00:00:00,dry,7,17,24,0.29,OK
BLR034,2025-02-13 01:00:00,dry,7,17,24,0.29,OK
BLR034,2025-02-13 02:00:00,dry,8,16,24,0.33,OK
BLR034,2025-02-13 03:00:00,dry,9,15,24,0.38,OK
BLR034,2025-02-13 04:00:00,dry,9,15,24,0.38,OK
BLR034,2025-02-13 05:00:00,dry,9,15,24,0.38,OK
BLR034,2025-02-13 06:00:00,dry,10,14,24,0.42,OK
BLR034,2025-02-13 07:00:00,dry,10,14,24,0.42,OK
BLR034,2025-02-13 08:00:00,dry,10,14,24,0.42,OK
BLR034,2025-02-13 09:00:00,dry,13,11,24,0.54,OK
BLR034,2025-02-13 10:00:00,dry,14,10,24,0.58,OK
BLR034,2025-02-13 11:00:00,dry,15,9,24,0.62,OK
BLR034,2025-02-13 12:00:00,dry,14,10,24,0.58,OK
BLR034,2025-02-13 13:00:00,dry,13,11,24,0.54,OK
BLR034,2025-02-13 14:00:00,dry,12,12,24,0.5,OK
BLR034,2025-02-13 15:00:00,dry,12,12,24,0.5,OK
BLR034,2025-02-13 16:00:00,dry,13,11,24,0.54,OK
BLR034,2025-02-13 17:00:00,dry,12,12,24,0.5,OK
BLR034,2025-02-13 18:00:00,dry,11,13,24,0.46,OK
BLR034,2025-02-13 19:00:00,dry,8,16,24,0.33,OK
BLR034,2025-02-13 20:00:00,dry,6,18,24,0.25,OK
BLR034,2025-02-13 21:00:00,dry,5,19,24,0.21,OK
BLR034,2025-02-13 22:00:00,dry,4,20,24,0.17,OK
BLR034,2025-02-13 23:00:00,dry,5,19,24,0.21,OK
BLR034,2025-02-14 00:00:00,dry,6,18,24,0.25,OK
BLR034,2025-02-14 01:00:00,dry,7,17,24,0.29,OK
BLR034,2025-02-14 02:00:00,dry,7,17,24,0.29,OK
BLR034,2025-02-14 03:00:00,dry,6,18,24,0.25,OK
BLR034,2025-02-14 04:00:00,dry,6,18,24,0.25,OK
BLR034,2025-02-14 05:00:00,dry,6,18,24,0.25,OK
BLR034,2025-02-14 06:00:00,dry,5,19,24,0.21,OK
BLR034,2025-02-14 07:00:00,dry,5,19,24,0.21,OK
BLR034,2025-02-14 08:00:00,dry,6,18,24,0.25,OK
BLR034,2025-02-14 09:00:00,dry,8,16,24,0.33,OK
BLR034,2025-02-14 10:00:00,dry,9,15,24,0.38,OK
BLR034,2025-02-14 11:00:00,dry,8,16,24,0.33,OK
BLR034,2025-02-14 12:00:00,dry,9,15,24,0.38,OK
BLR034,2025-02-14 13:00:00,dry,8,16,24,0.33,OK
BLR034,2025-02-14 14:00:00,dry,8,16,24,0.33,OK
BLR034,2025-02-14 15:00:00,dry,7,17,24,0.29,OK
BLR034,2025-02-14 16:00:00,dry,6,18,24,0.25,OK
BLR034,2025-02-14 17:00:00,dry,4,20,24,0.17,OK
BLR034,2025-02-14 18:00:00,dry,3,21,24,0.12,OK
BLR034,2025-02-14 19:00:00,dry,1,23,24,0.04,Understocked
BLR034,2025-02-14 20:00:00,dry,0,24,24,0.0,Understocked
BLR034,2025-02-14 21:00:00,dry,0,24,24,0.0,Understocked
BLR034,2025-02-14 22:00:00,dry,0,24,24,0.0,Understocked
BLR034,2025-02-14 23:00:00,dry,0,24,24,0.0,Understocked
BLR034,2025-02-15 00:00:00,dry,0,24,24,0.0,Understocked
BLR034,2025-02-15 01:00:00,dry,0,24,24,0.0,Understocked
BLR034,2025-02-15 02:00:00,dry,0,24,24,0.0,Understocked
BLR034,2025-02-15 03:00:00,dry,1,23,24,0.04,Understocked
BLR034,2025-02-15 04:00:00,dry,0,24,24,0.0,Understocked
BLR034,2025-02-15 05:00:00,dry,1,23,24,0.04,Understocked
BLR034,2025-02-15 06:00:00,dry,2,22,24,0.08,Understocked
BLR034,2025-02-15 07:00:00,dry,3,21,24,0.12,OK
BLR034,2025-02-15 08:00:00,dry,4,20,24,0.17,OK
BLR034,2025-02-15 09:00:00,dry,5,19,24,0.21,OK
BLR034,2025-02-15 10:00:00,dry,7,17,24,0.29,OK
BLR034,2025-02-15 11:00:00,dry,8,16,24,0.33,OK
BLR034,2025-02-15 12:00:00,dry,7,17,24,0.29,OK
BLR034,2025-02-15 13:00:00,dry,6,18,24,0.25,OK
BLR034,2025-02-15 14:00:00,dry,7,17,24,0.29,OK
BLR034,2025-02-15 15:00:00,dry,8,16,24,0.33,OK
BLR034,2025-02-15 16:00:00,dry,8,16,24,0.33,OK
BLR034,2025-02-15 17:00:00,dry,6,18,24,0.25,OK
BLR034,2025-02-15 18:00:00,dry,4,20,24,0.17,OK
BLR034,2025-02-15 19:00:00,dry,3,21,24,0.12,OK
BLR034,2025-02-15 20:00:00,dry,2,22,24,0.08,Understocked
BLR034,2025-02-15 21:00:00,dry,2,22,24,0.08,Understocked
BLR034,2025-02-15 22:00:00,dry,3,21,24,0.12,OK
BLR034,2025-02-15 23:00:00,dry,4,20,24,0.17,OK
BLR034,2025-02-16 00:00:00,dry,4,20,24,0.17,OK
BLR034,2025-02-16 01:00:00,dry,4,20,24,0.17,OK
BLR034,2025-02-16 02:00:00,dry,3,21,24,0.12,OK
BLR034,2025-02-16 03:00:00,dry,4,20,24,0.17,OK
BLR034,2025-02-16 04:00:00,dry,4,20,24,0.17,OK
BLR034,2025-02-16 05:00:00,dry,4,20,24,0.17,OK
BLR034,2025-02-16 06:00:00,dry,3,21,24,0.12,OK
BLR034,2025-02-16 07:00:00,dry,3,21,24,0.12,OK
BLR034,2025-02-16 08:00:00,dry,3,21,24,0.12,OK
BLR034,2025-02-16 09:00:00,dry,3,21,24,0.12,OK
BLR034,2025-02-16 10:00:00,dry,4,20,24,0.17,OK
BLR034,2025-02-16 11:00:00,dry,4,20,24,0.17,OK
BLR034,2025-02-16 12:00:00,dry,5,19,24,0.21,OK
BLR034,2025-02-16 13:00:00,dry,4,20,24,0.17,OK
BLR034,2025-02-16 14:00:00,dry,5,19,24,0.21,OK
BLR034,2025-02-16 15:00:00,dry,6,18,24,0.25,OK
BLR034,2025-02-16 16:00:00,dry,5,19,24,0.21,OK
BLR034,2025-02-16 17:00:00,dry,4,20,24,0.17,OK
BLR034,2025-02-16 18:00:00,dry,3,21,24,0.12,OK
BLR034,2025-02-16 19:00:00,dry,2,22,24,0.08,Understocked
BLR034,2025-02-16 20:00:00,dry,0,24,24,0.0,Understocked
BLR034,2025-02-16 21:00:00,dry,1,23,24,0.04,Understocked
BLR034,2025-02-16 22:00:00,dry,2,22,24,0.08,Understocked
BLR034,2025-02-16 23:00:00,dry,1,23,24,0.04,Understocked
BLR035,2025-02-10 00:00:00,dry,14,16,30,0.47,OK
BLR035,2025-02-10 01:00:00,dry,14,16,30,0.47,OK
BLR035,2025-02-10 02:00:00,dry,13,17,30,0.43,OK
BLR035,2025-02-10 03:00:00,dry,14,16,30,0.47,OK
BLR035,2025-02-10 04:00:00,dry,13,17,30,0.43,OK
BLR035,2025-02-10 05:00:00,dry,13,17,30,0.43,OK
BLR035,2025-02-10 06:00:00,dry,13,17,30,0.43,OK
BLR035,2025-02-10 07:00:00,dry,14,16,30,0.47,OK
BLR035,2025-02-10 08:00:00,dry,15,15,30,0.5,OK
BLR035,2025-02-10 09:00:00,dry,17,13,30,0.57,OK
BLR035,2025-02-10 10:00:00,dry,17,13,30,0.57,OK
BLR035,2025-02-10 11:00:00,dry,17,13,30,0.57,OK
BLR035,2025-02-10 12:00:00,dry,18,12,30,0.6,OK
BLR035,2025-02-10 13:00:00,dry,19,11,30,0.63,OK
BLR035,2025-02-10 14:00:00,dry,18,12,30,0.6,OK
BLR035,2025-02-10 15:00:00,dry,18,12,30,0.6,OK
BLR035,2025-02-10 16:00:00,dry,19,11,30,0.63,OK
BLR035,2025-02-10 17:00:00,dry,18,12,30,0.6,OK
BLR035,2025-02-10 18:00:00,dry,18,12,30,0.6,OK
BLR035,2025-02-10 19:00:00,dry,17,13,30,0.57,OK
BLR035,2025-02-10 20:00:00,dry,17,13,30,0.57,OK
BLR035,2025-02-10 21:00:00,dry,18,12,30,0.6,OK
BLR035,2025-02-10 22:00:00,dry,17,13,30,0.57,OK
BLR035,2025-02-10 23:00:00,dry,17,13,30,0.57,OK
BLR035,2025-02-11 00:00:00,dry,18,12,30,0.6,OK
BLR035,2025-02-11 01:00:00,dry,17,13,30,0.57,OK
BLR035,2025-02-11 02:00:00,dry,18,12,30,0.6,OK
BLR035,2025-02-11 03:00:00,dry,17,13,30,0.57,OK
BLR035,2025-02-11 04:00:00,dry,18,12,30,0.6,OK
BLR035,2025-02-11 05:00:00,dry,18,12,30,0.6,OK
BLR035,2025-02-11 06:00:00,dry,18,12,30,0.6,OK
BLR035,2025-02-11 07:00:00,dry,18,12,30,0.6,OK
BLR035,2025-02-11 08:00:00,dry,19,11,30,0.63,OK
BLR035,2025-02-11 09:00:00,dry,19,11,30,0.63,OK
BLR035,2025-02-11 10:00:00,dry,22,8,30,0.73,OK
BLR035,2025-02-11 11:00:00,dry,23,7,30,0.77,OK
BLR035,2025-02-11 12:00:00,dry,22,8,30,0.73,OK
BLR035,2025-02-11 13:00:00,dry,21,9,30,0.7,OK
BLR035,2025-02-11 14:00:00,dry,21,9,30,0.7,OK
BLR035,2025-02-11 15:00:00,dry,20,10,30,0.67,OK
BLR035,2025-02-11 16:00:00,dry,21,9,30,0.7,OK
BLR035,2025-02-11 17:00:00,dry,21,9,30,0.7,OK
BLR035,2025-02-11 18:00:00,dry,21,9,30,0.7,OK
BLR035,2025-02-11 19:00:00,dry,21,9,30,0.7,OK
BLR035,2025-02-11 20:00:00,dry,18,12,30,0.6,OK
BLR035,2025-02-11 21:00:00,dry,17,13,30,0.57,OK
BLR035,2025-02-11 22:00:00,dry,17,13,30,0.57,OK
BLR035,2025-02-11 23:00:00,dry,16,14,30,0.53,OK
BLR035,2025-02-12 00:00:00,dry,15,15,30,0.5,OK
BLR035,2025-02-12 01:00:00,dry,15,15,30,0.5,OK
BLR035,2025-02-12 02:00:00,dry,16,14,30,0.53,OK
BLR035,2025-02-12 03:00:00,dry,15,15,30,0.5,OK
BLR035,2025-02-12 04:00:00,dry,16,14,30,0.53,OK
BLR035,2025-02-12 05:00:00,dry,16,14,30,0.53,OK
BLR035,2025-02-12 06:00:00,dry,17,13,30,0.57,OK
BLR035,2025-02-12 07:00:00,dry,18,12,30,0.6,OK
BLR035,2025-02-12 08:00:00,dry,19,11,30,0.63,OK
BLR035,2025-02-12 09:00:00,dry,20,10,30,0.67,OK
BLR035,2025-02-12 10:00:00,dry,22,8,30,0.73,OK
BLR035,2025-02-12 11:00:00,dry,21,9,30,0.7,OK
BLR035,2025-02-12 12:00:00,dry,21,9,30,0.7,OK
BLR035,2025-02-12 13:00:00,dry,21,9,30,0.7,OK
BLR035,2025-02-12 14:00:00,dry,20,10,30,0.67,OK
BLR035,2025-02-12 15:00:00,dry,20,10,30,0.67,OK
BLR035,2025-02-12 16:00:00,dry,19,11,30,0.63,OK
BLR035,2025-02-12 17:00:00,dry,17,13,30,0.57,OK
BLR035,2025-02-12 18:00:00,dry,15,15,30,0.5,OK
BLR035,2025-02-12 19:00:00,dry,13,17,30,0.43,OK
BLR035,2025-02-12 20:00:00,dry,13,17,30,0.43,OK
BLR035,2025-02-12 21:00:00,dry,13,17,30,0.43,OK
BLR035,2025-02-12 22:00:00,dry,12,18,30,0.4,OK
BLR035,2025-02-12 23:00:00,dry,13,17,30,0.43,OK
BLR035,2025-02-13 00:00:00,dry,13,17,30,0.43,OK
BLR035,2025-02-13 01:00:00,dry,14,16,30,0.47,OK
BLR035,2025-02-13 02:00:00,dry,13,17,30,0.43,OK
BLR035,2025-02-13 03:00:00,dry,14,16,30,0.47,OK
BLR035,2025-02-13 04:00:00,dry,15,15,30,0.5,OK
BLR035,2025-02-13 05:00:00,dry,15,15,30,0.5,OK
BLR035,2025-02-13 06:00:00,dry,14,16,30,0.47,OK
BLR035,2025-02-13 07:00:00,dry,14,16,30,0.47,OK
BLR035,2025-02-13 08:00:00,dry,14,16,30,0.47,OK
BLR035,2025-02-13 09:00:00,dry,14,16,30,0.47,OK
BLR035,2025-02-13 10:00:00,dry,17,13,30,0.57,OK
BLR035,2025-02-13 11:00:00,dry,16,14,30,0.53,OK
BLR035,2025-02-13 12:00:00,dry,15,15,30,0.5,OK
BLR035,2025-02-13 13:00:00,dry,16,14,30,0.53,OK
BLR035,2025-02-13 14:00:00,dry,17,13,30,0.57,OK
BLR035,2025-02-13 15:00:00,dry,18,12,30,0.6,OK
BLR035,2025-02-13 16:00:00,dry,18,12,30,0.6,OK
BLR035,2025-02-13 17:00:00,dry,17,13,30,0.57,OK
BLR035,2025-02-13 18:00:00,dry,16,14,30,0.53,OK
BLR035,2025-02-13 19:00:00,dry,15,15,30,0.5,OK
BLR035,2025-02-13 20:00:00,dry,15,15,30,0.5,OK
BLR035,2025-02-13 21:00:00,dry,15,15,30,0.5,OK
BLR035,2025-02-13 22:00:00,dry,14,16,30,0.47,OK
BLR035,2025-02-13 23:00:00,dry,15,15,30,0.5,OK
BLR035,2025-02-14 00:00:00,dry,14,16,30,0.47,OK
BLR035,2025-02-14 01:00:00,dry,15,15,30,0.5,OK
BLR035,2025-02-14 02:00:00,dry,15,15,30,0.5,OK
BLR035,2025-02-14 03:00:00,dry,16,14,30,0.53,OK
BLR035,2025-02-14 04:00:00,dry,17,13,30,0.57,OK
BLR035,2025-02-14 05:00:00,dry,18,12,30,0.6,OK
BLR035,2025-02-14 06:00:00,dry,18,12,30,0.6,OK
BLR035,2025-02-14 07:00:00,dry,18,12,30,0.6,OK
BLR035,2025-02-14 08:00:00,dry,19,11,30,0.63,OK
BLR035,2025-02-14 09:00:00,dry,19,11,30,0.63,OK
BLR035,2025-02-14 10:00:00,dry,20,10,30,0.67,OK
BLR035,2025-02-14 11:00:00,dry,21,9,30,0.7,OK
BLR035,2025-02-14 12:00:00,dry,20,10,30,0.67,OK
BLR035,2025-02-14 13:00:00,dry,20,10,30,0.67,OK
BLR035,2025-02-14 14:00:00,dry,21,9,30,0.7,OK
BLR035,2025-02-14 15:00:00,dry,20,10,30,0.67,OK
BLR035,2025-02-14 16:00:00,dry,20,10,30,0.67,OK
BLR035,2025-02-14 17:00:00,dry,19,11,30,0.63,OK
BLR035,2025-02-14 18:00:00,dry,18,12,30,0.6,OK
BLR035,2025-02-14 19:00:00,dry,15,15,30,0.5,OK
BLR035,2025-02-14 20:00:00,dry,14,16,30,0.47,OK
BLR035,2025-02-14 21:00:00,dry,15,15,30,0.5,OK
BLR035,2025-02-14 22:00:00,dry,15,15,30,0.5,OK
BLR035,2025-02-14 23:00:00,dry,15,15,30,0.5,OK
BLR035,2025-02-15 00:00:00,dry,16,14,30,0.53,OK
BLR035,2025-02-15 01:00:00,dry,16,14,30,0.53,OK
BLR035,2025-02-15 02:00:00,dry,17,13,30,0.57,OK
BLR035,2025-02-15 03:00:00,dry,16,14,30,0.53,OK
BLR035,2025-02-15 04:00:00,dry,15,15,30,0.5,OK
BLR035,2025-02-15 05:00:00,dry,16,14,30,0.53,OK
BLR035,2025-02-15 06:00:00,dry,16,14,30,0.53,OK
BLR035,2025-02-15 07:00:00,dry,16,14,30,0.53,OK
BLR035,2025-02-15 08:00:00,dry,18,12,30,0.6,OK
BLR035,2025-02-15 09:00:00,dry,18,12,30,0.6,OK
BLR035,2025-02-15 10:00:00,dry,18,12,30,0.6,OK
BLR035,2025-02-15 11:00:00,dry,18,12,30,0.6,OK
BLR035,2025-02-15 12:00:00,dry,19,11,30,0.63,OK
BLR035,2025-02-15 13:00:00,dry,20,10,30,0.67,OK
BLR035,2025-02-15 14:00:00,dry,20,10,30,0.67,OK
BLR035,2025-02-15 15:00:00,dry,21,9,30,0.7,OK
BLR035,2025-02-15 16:00:00,dry,21,9,30,0.7,OK
BLR035,2025-02-15 17:00:00,dry,20,10,30,0.67,OK
BLR035,2025-02-15 18:00:00,dry,18,12,30,0.6,OK
BLR035,2025-02-15 19:00:00,dry,17,13,30,0.57,OK
BLR035,2025-02-15 20:00:00,dry,17,13,30,0.57,OK
BLR035,2025-02-15 21:00:00,dry,16,14,30,0.53,OK
BLR035,2025-02-15 22:00:00,dry,17,13,30,0.57,OK
BLR035,2025-02-15 23:00:00,dry,18,12,30,0.6,OK
BLR035,2025-02-16 00:00:00,dry,17,13,30,0.57,OK
BLR035,2025-02-16 01:00:00,dry,17,13,30,0.57,OK
BLR035,2025-02-16 02:00:00,dry,16,14,30,0.53,OK
BLR035,2025-02-16 03:00:00,dry,17,13,30,0.57,OK
BLR035,2025-02-16 04:00:00,dry,16,14,30,0.53,OK
BLR035,2025-02-16 05:00:00,dry,16,14,30,0.53,OK
BLR035,2025-02-16 06:00:00,dry,17,13,30,0.57,OK
BLR035,2025-02-16 07:00:00,dry,17,13,30,0.57,OK
BLR035,2025-02-16 08:00:00,dry,17,13,30,0.57,OK
BLR035,2025-02-16 09:00:00,dry,18,12,30,0.6,OK
BLR035,2025-02-16 10:00:00,dry,19,11,30,0.63,OK
BLR035,2025-02-16 11:00:00,dry,19,11,30,0.63,OK
BLR035,2025-02-16 12:00:00,dry,19,11,30,0.63,OK
BLR035,2025-02-16 13:00:00,dry,19,11,30,0.63,OK
BLR035,2025-02-16 14:00:00,dry,19,11,30,0.63,OK
BLR035,2025-02-16 15:00:00,dry,18,12,30,0.6,OK
BLR035,2025-02-16 16:00:00,dry,17,13,30,0.57,OK
BLR035,2025-02-16 17:00:00,dry,17,13,30,0.57,OK
BLR035,2025-02-16 18:00:00,dry,17,13,30,0.57,OK
BLR035,2025-02-16 19:00:00,dry,15,15,30,0.5,OK
BLR035,2025-02-16 20:00:00,dry,13,17,30,0.43,OK
BLR035,2025-02-16 21:00:00,dry,12,18,30,0.4,OK
BLR035,2025-02-16 22:00:00,dry,12,18,30,0.4,OK
BLR035,2025-02-16 23:00:00,dry,13,17,30,0.43,OK
BLR036,2025-02-10 00:00:00,dry,7,13,20,0.35,OK
BLR036,2025-02-10 01:00:00,dry,7,13,20,0.35,OK
BLR036,2025-02-10 02:00:00,dry,8,12,20,0.4,OK
BLR036,2025-02-10 03:00:00,dry,8,12,20,0.4,OK
BLR036,2025-02-10 04:00:00,dry,7,13,20,0.35,OK
BLR036,2025-02-10 05:00:00,dry,8,12,20,0.4,OK
BLR036,2025-02-10 06:00:00,dry,9,11,20,0.45,OK
BLR036,2025-02-10 07:00:00,dry,10,10,20,0.5,OK
BLR036,2025-02-10 08:00:00,dry,10,10,20,0.5,OK
BLR036,2025-02-10 09:00:00,dry,12,8,20,0.6,OK
BLR036,2025-02-10 10:00:00,dry,12,8,20,0.6,OK
BLR036,2025-02-10 11:00:00,dry,13,7,20,0.65,OK
BLR036,2025-02-10 12:00:00,dry,12,8,20,0.6,OK
BLR036,2025-02-10 13:00:00,dry,12,8,20,0.6,OK
BLR036,2025-02-10 14:00:00,dry,11,9,20,0.55,OK
BLR036,2025-02-10 15:00:00,dry,11,9,20,0.55,OK
BLR036,2025-02-10 16:00:00,dry,11,9,20,0.55,OK
BLR036,2025-02-10 17:00:00,dry,10,10,20,0.5,OK
BLR036,2025-02-10 18:00:00,dry,7,13,20,0.35,OK
BLR036,2025-02-10 19:00:00,dry,6,14,20,0.3,OK
BLR036,2025-02-10 20:00:00,dry,4,16,20,0.2,OK
BLR036,2025-02-10 21:00:00,dry,5,15,20,0.25,OK
BLR036,2025-02-10 22:00:00,dry,4,16,20,0.2,OK
BLR036,2025-02-10 23:00:00,dry,4,16,20,0.2,OK
BLR036,2025-02-11 00:00:00,dry,4,16,20,0.2,OK
BLR036,2025-02-11 01:00:00,dry,5,15,20,0.25,OK
BLR036,2025-02-11 02:00:00,dry,4,16,20,0.2,OK
BLR036,2025-02-11 03:00:00,dry,3,17,20,0.15,OK
BLR036,2025-02-11 04:00:00,dry,3,17,20,0.15,OK
BLR036,2025-02-11 05:00:00,dry,3,17,20,0.15,OK
BLR036,2025-02-11 06:00:00,dry,3,17,20,0.15,OK
BLR036,2025-02-11 07:00:00,dry,3,17,20,0.15,OK
BLR036,2025-02-11 08:00:00,dry,4,16,20,0.2,OK
BLR036,2025-02-11 09:00:00,dry,4,16,20,0.2,OK
BLR036,2025-02-11 10:00:00,dry,4,16,20,0.2,OK
BLR036,2025-02-11 11:00:00,dry,4,16,20,0.2,OK
BLR036,2025-02-11 12:00:00,dry,4,16,20,0.2,OK
BLR036,2025-02-11 13:00:00,dry,5,15,20,0.25,OK
BLR036,2025-02-11 14:00:00,dry,6,14,20,0.3,OK
BLR036,2025-02-11 15:00:00,dry,6,14,20,0.3,OK
BLR036,2025-02-11 16:00:00,dry,5,15,20,0.25,OK
BLR036,2025-02-11 17:00:00,dry,5,15,20,0.25,OK
BLR036,2025-02-11 18:00:00,dry,2,18,20,0.1,Understocked
BLR036,2025-02-11 19:00:00,dry,1,19,20,0.05,Understocked
BLR036,2025-02-11 20:00:00,dry,0,20,20,0.0,Understocked
BLR036,2025-02-11 21:00:00,dry,1,19,20,0.05,Understocked
BLR036,2025-02-11 22:00:00,dry,0,20,20,0.0,Understocked
BLR036,2025-02-11 23:00:00,dry,0,20,20,0.0,Understocked
BLR036,2025-02-12 00:00:00,dry,0,20,20,0.0,Understocked
BLR036,2025-02-12 01:00:00,dry,0,20,20,0.0,Understocked
BLR036,2025-02-12 02:00:00,dry,0,20,20,0.0,Understocked
BLR036,2025-02-12 03:00:00,dry,1,19,20,0.05,Understocked
BLR036,2025-02-12 04:00:00,dry,1,19,20,0.05,Understocked
BLR036,2025-02-12 05:00:00,dry,1,19,20,0.05,Understocked
BLR036,2025-02-12 06:00:00,dry,0,20,20,0.0,Understocked
BLR036,2025-02-12 07:00:00,dry,0,20,20,0.0,Understocked
BLR036,2025-02-12 08:00:00,dry,1,19,20,0.05,Understocked
BLR036,2025-02-12 09:00:00,dry,2,18,20,0.1,Understocked
BLR036,2025-02-12 10:00:00,dry,4,16,20,0.2,OK
BLR036,2025-02-12 11:00:00,dry,4,16,20,0.2,OK
BLR036,2025-02-12 12:00:00,dry,3,17,20,0.15,OK
BLR036,2025-02-12 13:00:00,dry,3,17,20,0.15,OK
BLR036,2025-02-12 14:00:00,dry,3,17,20,0.15,OK
BLR036,2025-02-12 15:00:00,dry,3,17,20,0.15,OK
BLR036,2025-02-12 16:00:00,dry,4,16,20,0.2,OK
BLR036,2025-02-12 17:00:00,dry,4,16,20,0.2,OK
BLR036,2025-02-12 18:00:00,dry,4,16,20,0.2,OK
BLR036,2025-02-12 19:00:00,dry,2,18,20,0.1,Understocked
BLR036,2025-02-12 20:00:00,dry,0,20,20,0.0,Understocked
BLR036,2025-02-12 21:00:00,dry,0,20,20,0.0,Understocked
BLR036,2025-02-12 22:00:00,dry,0,20,20,0.0,Understocked
BLR036,2025-02-12 23:00:00,dry,0,20,20,0.0,Understocked
BLR036,2025-02-13 00:00:00,dry,1,19,20,0.05,Understocked
BLR036,2025-02-13 01:00:00,dry,1,19,20,0.05,Understocked
BLR036,2025-02-13 02:00:00,dry,2,18,20,0.1,Understocked
BLR036,2025-02-13 03:00:00,dry,2,18,20,0.1,Understocked
BLR036,2025-02-13 04:00:00,dry,2,18,20,0.1,Understocked
BLR036,2025-02-13 05:00:00,dry,2,18,20,0.1,Understocked
BLR036,2025-02-13 06:00:00,dry,3,17,20,0.15,OK
BLR036,2025-02-13 07:00:00,dry,3,17,20,0.15,OK
BLR036,2025-02-13 08:00:00,dry,4,16,20,0.2,OK
BLR036,2025-02-13 09:00:00,dry,5,15,20,0.25,OK
BLR036,2025-02-13 10:00:00,dry,6,14,20,0.3,OK
BLR036,2025-02-13 11:00:00,dry,6,14,20,0.3,OK
BLR036,2025-02-13 12:00:00,dry,5,15,20,0.25,OK
BLR036,2025-02-13 13:00:00,dry,4,16,20,0.2,OK
BLR036,2025-02-13 14:00:00,dry,4,16,20,0.2,OK
BLR036,2025-02-13 15:00:00,dry,4,16,20,0.2,OK
BLR036,2025-02-13 16:00:00,dry,5,15,20,0.25,OK
BLR036,2025-02-13 17:00:00,dry,4,16,20,0.2,OK
BLR036,2025-02-13 18:00:00,dry,3,17,20,0.15,OK
BLR036,2025-02-13 19:00:00,dry,3,17,20,0.15,OK
BLR036,2025-02-13 20:00:00,dry,2,18,20,0.1,Understocked
BLR036,2025-02-13 21:00:00,dry,1,19,20,0.05,Understocked
BLR036,2025-02-13 22:00:00,dry,1,19,20,0.05,Understocked
BLR036,2025-02-13 23:00:00,dry,1,19,20,0.05,Understocked
BLR036,2025-02-14 00:00:00,dry,2,18,20,0.1,Understocked
BLR036,2025-02-14 01:00:00,dry,3,17,20,0.15,OK
BLR036,2025-02-14 02:00:00,dry,4,16,20,0.2,OK
BLR036,2025-02-14 03:00:00,dry,5,15,20,0.25,OK
BLR036,2025-02-14 04:00:00,dry,5,15,20,0.25,OK
BLR036,2025-02-14 05:00:00,dry,5,15,20,0.25,OK
BLR036,2025-02-14 06:00:00,dry,4,16,20,0.2,OK
BLR036,2025-02-14 07:00:00,dry,4,16,20,0.2,OK
BLR036,2025-02-14 08:00:00,dry,4,16,20,0.2,OK
BLR036,2025-02-14 09:00:00,dry,5,15,20,0.25,OK
BLR036,2025-02-14 10:00:00,dry,7,13,20,0.35,OK
BLR036,2025-02-14 11:00:00,dry,6,14,20,0.3,OK
BLR036,2025-02-14 12:00:00,dry,5,15,20,0.25,OK
BLR036,2025-02-14 13:00:00,dry,4,16,20,0.2,OK
BLR036,2025-02-14 14:00:00,dry,5,15,20,0.25,OK
BLR036,2025-02-14 15:00:00,dry,5,15,20,0.25,OK
BLR036,2025-02-14 16:00:00,dry,4,16,20,0.2,OK
BLR036,2025-02-14 17:00:00,dry,3,17,20,0.15,OK
BLR036,2025-02-14 18:00:00,dry,1,19,20,0.05,Understocked
BLR036,2025-02-14 19:00:00,dry,0,20,20,0.0,Understocked
BLR036,2025-02-14 20:00:00,dry,0,20,20,0.0,Understocked
BLR036,2025-02-14 21:00:00,dry,1,19,20,0.05,Understocked
BLR036,2025-02-14 22:00:00,dry,2,18,20,0.1,Understocked
BLR036,2025-02-14 23:00:00,dry,2,18,20,0.1,Understocked
BLR036,2025-02-15 00:00:00,dry,3,17,20,0.15,OK
BLR036,2025-02-15 01:00:00,dry,4,16,20,0.2,OK
BLR036,2025-02-15 02:00:00,dry,3,17,20,0.15,OK
BLR036,2025-02-15 03:00:00,dry,4,16,20,0.2,OK
BLR036,2025-02-15 04:00:00,dry,5,15,20,0.25,OK
BLR036,2025-02-15 05:00:00,dry,5,15,20,0.25,OK
BLR036,2025-02-15 06:00:00,dry,4,16,20,0.2,OK
BLR036,2025-02-15 07:00:00,dry,4,16,20,0.2,OK
BLR036,2025-02-15 08:00:00,dry,4,16,20,0.2,OK
BLR036,2025-02-15 09:00:00,dry,4,16,20,0.2,OK
BLR036,2025-02-15 10:00:00,dry,5,15,20,0.25,OK
BLR036,2025-02-15 11:00:00,dry,6,14,20,0.3,OK
BLR036,2025-02-15 12:00:00,dry,6,14,20,0.3,OK
BLR036,2025-02-15 13:00:00,dry,7,13,20,0.35,OK
BLR036,2025-02-15 14:00:00,dry,7,13,20,0.35,OK
BLR036,2025-02-15 15:00:00,dry,8,12,20,0.4,OK
BLR036,2025-02-15 16:00:00,dry,8,12,20,0.4,OK
BLR036,2025-02-15 17:00:00,dry,7,13,20,0.35,OK
BLR036,2025-02-15 18:00:00,dry,7,13,20,0.35,OK
BLR036,2025-02-15 19:00:00,dry,6,14,20,0.3,OK
BLR036,2025-02-15 20:00:00,dry,6,14,20,0.3,OK
BLR036,2025-02-15 21:00:00,dry,5,15,20,0.25,OK
BLR036,2025-02-15 22:00:00,dry,4,16,20,0.2,OK
BLR036,2025-02-15 23:00:00,dry,5,15,20,0.25,OK
BLR036,2025-02-16 00:00:00,dry,5,15,20,0.25,OK
BLR036,2025-02-16 01:00:00,dry,6,14,20,0.3,OK
BLR036,2025-02-16 02:00:00,dry,5,15,20,0.25,OK
BLR036,2025-02-16 03:00:00,dry,4,16,20,0.2,OK
BLR036,2025-02-16 04:00:00,dry,5,15,20,0.25,OK
BLR036,2025-02-16 05:00:00,dry,4,16,20,0.2,OK
BLR036,2025-02-16 06:00:00,dry,3,17,20,0.15,OK
BLR036,2025-02-16 07:00:00,dry,3,17,20,0.15,OK
BLR036,2025-02-16 08:00:00,dry,4,16,20,0.2,OK
BLR036,2025-02-16 09:00:00,dry,4,16,20,0.2,OK
BLR036,2025-02-16 10:00:00,dry,5,15,20,0.25,OK
BLR036,2025-02-16 11:00:00,dry,4,16,20,0.2,OK
BLR036,2025-02-16 12:00:00,dry,5,15,20,0.25,OK
BLR036,2025-02-16 13:00:00,dry,4,16,20,0.2,OK
BLR036,2025-02-16 14:00:00,dry,5,15,20,0.25,OK
BLR036,2025-02-16 15:00:00,dry,4,16,20,0.2,OK
BLR036,2025-02-16 16:00:00,dry,3,17,20,0.15,OK
BLR036,2025-02-16 17:00:00,dry,3,17,20,0.15,OK
BLR036,2025-02-16 18:00:00,dry,0,20,20,0.0,Understocked
BLR036,2025-02-16 19:00:00,dry,0,20,20,0.0,Understocked
BLR036,2025-02-16 20:00:00,dry,0,20,20,0.0,Understocked
BLR036,2025-02-16 21:00:00,dry,0,20,20,0.0,Understocked
BLR036,2025-02-16 22:00:00,dry,0,20,20,0.0,Understocked
BLR036,2025-02-16 23:00:00,dry,1,19,20,0.05,Understocked
BLR037,2025-02-10 00:00:00,dry,11,5,16,0.69,OK
BLR037,2025-02-10 01:00:00,dry,10,6,16,0.62,OK
BLR037,2025-02-10 02:00:00,dry,11,5,16,0.69,OK
BLR037,2025-02-10 03:00:00,dry,12,4,16,0.75,OK
BLR037,2025-02-10 04:00:00,dry,13,3,16,0.81,OK
BLR037,2025-02-10 05:00:00,dry,14,2,16,0.88,OK
BLR037,2025-02-10 06:00:00,dry,14,2,16,0.88,OK
BLR037,2025-02-10 07:00:00,dry,15,1,16,0.94,Overstocked
BLR037,2025-02-10 08:00:00,dry,16,0,16,1.0,Overstocked
BLR037,2025-02-10 09:00:00,dry,16,0,16,1.0,Overstocked
BLR037,2025-02-10 10:00:00,dry,16,0,16,1.0,Overstocked
BLR037,2025-02-10 11:00:00,dry,16,0,16,1.0,Overstocked
BLR037,2025-02-10 12:00:00,dry,16,0,16,1.0,Overstocked
BLR037,2025-02-10 13:00:00,dry,16,0,16,1.0,Overstocked
BLR037,2025-02-10 14:00:00,dry,15,1,16,0.94,Overstocked
BLR037,2025-02-10 15:00:00,dry,14,2,16,0.88,OK
BLR037,2025-02-10 16:00:00,dry,14,2,16,0.88,OK
BLR037,2025-02-10 17:00:00,dry,12,4,16,0.75,OK
BLR037,2025-02-10 18:00:00,dry,12,4,16,0.75,OK
BLR037,2025-02-10 19:00:00,dry,12,4,16,0.75,OK
BLR037,2025-02-10 20:00:00,dry,10,6,16,0.62,OK
BLR037,2025-02-10 21:00:00,dry,10,6,16,0.62,OK
BLR037,2025-02-10 22:00:00,dry,9,7,16,0.56,OK
BLR037,2025-02-10 23:00:00,dry,10,6,16,0.62,OK
BLR037,2025-02-11 00:00:00,dry,11,5,16,0.69,OK
BLR037,2025-02-11 01:00:00,dry,12,4,16,0.75,OK
BLR037,2025-02-11 02:00:00,dry,12,4,16,0.75,OK
BLR037,2025-02-11 03:00:00,dry,12,4,16,0.75,OK
BLR037,2025-02-11 04:00:00,dry,11,5,16,0.69,OK
BLR037,2025-02-11 05:00:00,dry,12,4,16,0.75,OK
BLR037,2025-02-11 06:00:00,dry,11,5,16,0.69,OK
BLR037,2025-02-11 07:00:00,dry,11,5,16,0.69,OK
BLR037,2025-02-11 08:00:00,dry,11,5,16,0.69,OK
BLR037,2025-02-11 09:00:00,dry,12,4,16,0.75,OK
BLR037,2025-02-11 10:00:00,dry,13,3,16,0.81,OK
BLR037,2025-02-11 11:00:00,dry,12,4,16,0.75,OK
BLR037,2025-02-11 12:00:00,dry,11,5,16,0.69,OK
BLR037,2025-02-11 13:00:00,dry,12,4,16,0.75,OK
BLR037,2025-02-11 14:00:00,dry,11,5,16,0.69,OK
BLR037,2025-02-11 15:00:00,dry,11,5,16,0.69,OK
BLR037,2025-02-11 16:00:00,dry,10,6,16,0.62,OK
BLR037,2025-02-11 17:00:00,dry,10,6,16,0.62,OK
BLR037,2025-02-11 18:00:00,dry,9,7,16,0.56,OK
BLR037,2025-02-11 19:00:00,dry,8,8,16,0.5,OK
BLR037,2025-02-11 20:00:00,dry,5,11,16,0.31,OK
BLR037,2025-02-11 21:00:00,dry,6,10,16,0.38,OK
BLR037,2025-02-11 22:00:00,dry,7,9,16,0.44,OK
BLR037,2025-02-11 23:00:00,dry,6,10,16,0.38,OK
BLR037,2025-02-12 00:00:00,dry,7,9,16,0.44,OK
BLR037,2025-02-12 01:00:00,dry,8,8,16,0.5,OK
BLR037,2025-02-12 02:00:00,dry,9,7,16,0.56,OK
BLR037,2025-02-12 03:00:00,dry,9,7,16,0.56,OK
BLR037,2025-02-12 04:00:00,dry,8,8,16,0.5,OK
BLR037,2025-02-12 05:00:00,dry,8,8,16,0.5,OK
BLR037,2025-02-12 06:00:00,dry,7,9,16,0.44,OK
BLR037,2025-02-12 07:00:00,dry,8,8,16,0.5,OK
BLR037,2025-02-12 08:00:00,dry,10,6,16,0.62,OK
BLR037,2025-02-12 09:00:00,dry,11,5,16,0.69,OK
BLR037,2025-02-12 10:00:00,dry,11,5,16,0.69,OK
BLR037,2025-02-12 11:00:00,dry,10,6,16,0.62,OK
BLR037,2025-02-12 12:00:00,dry,11,5,16,0.69,OK
BLR037,2025-02-12 13:00:00,dry,10,6,16,0.62,OK
BLR037,2025-02-12 14:00:00,dry,10,6,16,0.62,OK
BLR037,2025-02-12 15:00:00,dry,10,6,16,0.62,OK
BLR037,2025-02-12 16:00:00,dry,9,7,16,0.56,OK
BLR037,2025-02-12 17:00:00,dry,6,10,16,0.38,OK
BLR037,2025-02-12 18:00:00,dry,6,10,16,0.38,OK
BLR037,2025-02-12 19:00:00,dry,5,11,16,0.31,OK
BLR037,2025-02-12 20:00:00,dry,5,11,16,0.31,OK
BLR037,2025-02-12 21:00:00,dry,6,10,16,0.38,OK
BLR037,2025-02-12 22:00:00,dry,7,9,16,0.44,OK
BLR037,2025-02-12 23:00:00,dry,8,8,16,0.5,OK
BLR037,2025-02-13 00:00:00,dry,8,8,16,0.5,OK
BLR037,2025-02-13 01:00:00,dry,7,9,16,0.44,OK
BLR037,2025-02-13 02:00:00,dry,6,10,16,0.38,OK
BLR037,2025-02-13 03:00:00,dry,7,9,16,0.44,OK
BLR037,2025-02-13 04:00:00,dry,6,10,16,0.38,OK
BLR037,2025-02-13 05:00:00,dry,6,10,16,0.38,OK
BLR037,2025-02-13 06:00:00,dry,5,11,16,0.31,OK
BLR037,2025-02-13 07:00:00,dry,5,11,16,0.31,OK
BLR037,2025-02-13 08:00:00,dry,8,8,16,0.5,OK
BLR037,2025-02-13 09:00:00,dry,9,7,16,0.56,OK
BLR037,2025-02-13 10:00:00,dry,11,5,16,0.69,OK
BLR037,2025-02-13 11:00:00,dry,10,6,16,0.62,OK
BLR037,2025-02-13 12:00:00,dry,10,6,16,0.62,OK
BLR037,2025-02-13 13:00:00,dry,10,6,16,0.62,OK
BLR037,2025-02-13 14:00:00,dry,9,7,16,0.56,OK
BLR037,2025-02-13 15:00:00,dry,10,6,16,0.62,OK
BLR037,2025-02-13 16:00:00,dry,9,7,16,0.56,OK
BLR037,2025-02-13 17:00:00,dry,9,7,16,0.56,OK
BLR037,2025-02-13 18:00:00,dry,7,9,16,0.44,OK
BLR037,2025-02-13 19:00:00,dry,5,11,16,0.31,OK
BLR037,2025-02-13 20:00:00,dry,4,12,16,0.25,OK
BLR037,2025-02-13 21:00:00,dry,4,12,16,0.25,OK
BLR037,2025-02-13 22:00:00,dry,4,12,16,0.25,OK
BLR037,2025-02-13 23:00:00,dry,4,12,16,0.25,OK
BLR037,2025-02-14 00:00:00,dry,3,13,16,0.19,OK
BLR037,2025-02-14 01:00:00,dry,2,14,16,0.12,OK
BLR037,2025-02-14 02:00:00,dry,2,14,16,0.12,OK
BLR037,2025-02-14 03:00:00,dry,3,13,16,0.19,OK
BLR037,2025-02-14 04:00:00,dry,2,14,16,0.12,OK
BLR037,2025-02-14 05:00:00,dry,1,15,16,0.06,Understocked
BLR037,2025-02-14 06:00:00,dry,1,15,16,0.06,Understocked
BLR037,2025-02-14 07:00:00,dry,2,14,16,0.12,OK
BLR037,2025-02-14 08:00:00,dry,4,12,16,0.25,OK
BLR037,2025-02-14 09:00:00,dry,5,11,16,0.31,OK
BLR037,2025-02-14 10:00:00,dry,5,11,16,0.31,OK
BLR037,2025-02-14 11:00:00,dry,5,11,16,0.31,OK
BLR037,2025-02-14 12:00:00,dry,5,11,16,0.31,OK
BLR037,2025-02-14 13:00:00,dry,6,10,16,0.38,OK
BLR037,2025-02-14 14:00:00,dry,7,9,16,0.44,OK
BLR037,2025-02-14 15:00:00,dry,7,9,16,0.44,OK
BLR037,2025-02-14 16:00:00,dry,7,9,16,0.44,OK
BLR037,2025-02-14 17:00:00,dry,6,10,16,0.38,OK
BLR037,2025-02-14 18:00:00,dry,5,11,16,0.31,OK
BLR037,2025-02-14 19:00:00,dry,3,13,16,0.19,OK
BLR037,2025-02-14 20:00:00,dry,3,13,16,0.19,OK
BLR037,2025-02-14 21:00:00,dry,2,14,16,0.12,OK
BLR037,2025-02-14 22:00:00,dry,1,15,16,0.06,Understocked
BLR037,2025-02-14 23:00:00,dry,0,16,16,0.0,Understocked
BLR037,2025-02-15 00:00:00,dry,0,16,16,0.0,Understocked
BLR037,2025-02-15 01:00:00,dry,0,16,16,0.0,Understocked
BLR037,2025-02-15 02:00:00,dry,0,16,16,0.0,Understocked
BLR037,2025-02-15 03:00:00,dry,0,16,16,0.0,Understocked
BLR037,2025-02-15 04:00:00,dry,0,16,16,0.0,Understocked
BLR037,2025-02-15 05:00:00,dry,0,16,16,0.0,Understocked
BLR037,2025-02-15 06:00:00,dry,0,16,16,0.0,Understocked
BLR037,2025-02-15 07:00:00,dry,0,16,16,0.0,Understocked
BLR037,2025-02-15 08:00:00,dry,0,16,16,0.0,Understocked
BLR037,2025-02-15 09:00:00,dry,0,16,16,0.0,Understocked
BLR037,2025-02-15 10:00:00,dry,0,16,16,0.0,Understocked
BLR037,2025-02-15 11:00:00,dry,1,15,16,0.06,Understocked
BLR037,2025-02-15 12:00:00,dry,0,16,16,0.0,Understocked
BLR037,2025-02-15 13:00:00,dry,0,16,16,0.0,Understocked
BLR037,2025-02-15 14:00:00,dry,1,15,16,0.06,Understocked
BLR037,2025-02-15 15:00:00,dry,1,15,16,0.06,Understocked
BLR037,2025-02-15 16:00:00,dry,1,15,16,0.06,Understocked
BLR037,2025-02-15 17:00:00,dry,0,16,16,0.0,Understocked
BLR037,2025-02-15 18:00:00,dry,0,16,16,0.0,Understocked
BLR037,2025-02-15 19:00:00,dry,0,16,16,0.0,Understocked
BLR037,2025-02-15 20:00:00,dry,0,16,16,0.0,Understocked
BLR037,2025-02-15 21:00:00,dry,0,16,16,0.0,Understocked
BLR037,2025-02-15 22:00:00,dry,0,16,16,0.0,Understocked
BLR037,2025-02-15 23:00:00,dry,0,16,16,0.0,Understocked
BLR037,2025-02-16 00:00:00,dry,1,15,16,0.06,Understocked
BLR037,2025-02-16 01:00:00,dry,0,16,16,0.0,Understocked
BLR037,2025-02-16 02:00:00,dry,1,15,16,0.06,Understocked
BLR037,2025-02-16 03:00:00,dry,2,14,16,0.12,OK
BLR037,2025-02-16 04:00:00,dry,3,13,16,0.19,OK
BLR037,2025-02-16 05:00:00,dry,3,13,16,0.19,OK
BLR037,2025-02-16 06:00:00,dry,4,12,16,0.25,OK
BLR037,2025-02-16 07:00:00,dry,4,12,16,0.25,OK
BLR037,2025-02-16 08:00:00,dry,5,11,16,0.31,OK
BLR037,2025-02-16 09:00:00,dry,5,11,16,0.31,OK
BLR037,2025-02-16 10:00:00,dry,6,10,16,0.38,OK
BLR037,2025-02-16 11:00:00,dry,5,11,16,0.31,OK
BLR037,2025-02-16 12:00:00,dry,4,12,16,0.25,OK
BLR037,2025-02-16 13:00:00,dry,4,12,16,0.25,OK
BLR037,2025-02-16 14:00:00,dry,3,13,16,0.19,OK
BLR037,2025-02-16 15:00:00,dry,4,12,16,0.25,OK
BLR037,2025-02-16 16:00:00,dry,5,11,16,0.31,OK
BLR037,2025-02-16 17:00:00,dry,4,12,16,0.25,OK
BLR037,2025-02-16 18:00:00,dry,1,15,16,0.06,Understocked
BLR037,2025-02-16 19:00:00,dry,1,15,16,0.06,Understocked
BLR037,2025-02-16 20:00:00,dry,0,16,16,0.0,Understocked
BLR037,2025-02-16 21:00:00,dry,1,15,16,0.06,Understocked
BLR037,2025-02-16 22:00:00,dry,2,14,16,0.12,OK
BLR037,2025-02-16 23:00:00,dry,3,13,16,0.19,OK
BLR038,2025-02-10 00:00:00,dry,8,4,12,0.67,OK
BLR038,2025-02-10 01:00:00,dry,9,3,12,0.75,OK
BLR038,2025-02-10 02:00:00,dry,9,3,12,0.75,OK
BLR038,2025-02-10 03:00:00,dry,10,2,12,0.83,OK
BLR038,2025-02-10 04:00:00,dry,10,2,12,0.83,OK
BLR038,2025-02-10 05:00:00,dry,11,1,12,0.92,Overstocked
BLR038,2025-02-10 06:00:00,dry,12,0,12,1.0,Overstocked
BLR038,2025-02-10 07:00:00,dry,12,0,12,1.0,Overstocked
BLR038,2025-02-10 08:00:00,dry,12,0,12,1.0,Overstocked
BLR038,2025-02-10 09:00:00,dry,12,0,12,1.0,Overstocked
BLR038,2025-02-10 10:00:00,dry,12,0,12,1.0,Overstocked
BLR038,2025-02-10 11:00:00,dry,12,0,12,1.0,Overstocked
BLR038,2025-02-10 12:00:00,dry,11,1,12,0.92,Overstocked
BLR038,2025-02-10 13:00:00,dry,12,0,12,1.0,Overstocked
BLR038,2025-02-10 14:00:00,dry,12,0,12,1.0,Overstocked
BLR038,2025-02-10 15:00:00,dry,12,0,12,1.0,Overstocked
BLR038,2025-02-10 16:00:00,dry,11,1,12,0.92,Overstocked
BLR038,2025-02-10 17:00:00,dry,10,2,12,0.83,OK
BLR038,2025-02-10 18:00:00,dry,9,3,12,0.75,OK
BLR038,2025-02-10 19:00:00,dry,8,4,12,0.67,OK
BLR038,2025-02-10 20:00:00,dry,7,5,12,0.58,OK
BLR038,2025-02-10 21:00:00,dry,8,4,12,0.67,OK
BLR038,2025-02-10 22:00:00,dry,8,4,12,0.67,OK
BLR038,2025-02-10 23:00:00,dry,7,5,12,0.58,OK
BLR038,2025-02-11 00:00:00,dry,6,6,12,0.5,OK
BLR038,2025-02-11 01:00:00,dry,6,6,12,0.5,OK
BLR038,2025-02-11 02:00:00,dry,7,5,12,0.58,OK
BLR038,2025-02-11 03:00:00,dry,8,4,12,0.67,OK
BLR038,2025-02-11 04:00:00,dry,7,5,12,0.58,OK
BLR038,2025-02-11 05:00:00,dry,8,4,12,0.67,OK
BLR038,2025-02-11 06:00:00,dry,7,5,12,0.58,OK
BLR038,2025-02-11 07:00:00,dry,7,5,12,0.58,OK
BLR038,2025-02-11 08:00:00,dry,7,5,12,0.58,OK
BLR038,2025-02-11 09:00:00,dry,7,5,12,0.58,OK
BLR038,2025-02-11 10:00:00,dry,8,4,12,0.67,OK
BLR038,2025-02-11 11:00:00,dry,9,3,12,0.75,OK
BLR038,2025-02-11 12:00:00,dry,10,2,12,0.83,OK
BLR038,2025-02-11 13:00:00,dry,10,2,12,0.83,OK
BLR038,2025-02-11 14:00:00,dry,10,2,12,0.83,OK
BLR038,2025-02-11 15:00:00,dry,11,1,12,0.92,Overstocked
BLR038,2025-02-11 16:00:00,dry,11,1,12,0.92,Overstocked
BLR038,2025-02-11 17:00:00,dry,10,2,12,0.83,OK
BLR038,2025-02-11 18:00:00,dry,8,4,12,0.67,OK
BLR038,2025-02-11 19:00:00,dry,6,6,12,0.5,OK
BLR038,2025-02-11 20:00:00,dry,5,7,12,0.42,OK
BLR038,2025-02-11 21:00:00,dry,6,6,12,0.5,OK
BLR038,2025-02-11 22:00:00,dry,6,6,12,0.5,OK
BLR038,2025-02-11 23:00:00,dry,5,7,12,0.42,OK
BLR038,2025-02-12 00:00:00,dry,5,7,12,0.42,OK
BLR038,2025-02-12 01:00:00,dry,4,8,12,0.33,OK
BLR038,2025-02-12 02:00:00,dry,5,7,12,0.42,OK
BLR038,2025-02-12 03:00:00,dry,4,8,12,0.33,OK
BLR038,2025-02-12 04:00:00,dry,3,9,12,0.25,OK
BLR038,2025-02-12 05:00:00,dry,3,9,12,0.25,OK
BLR038,2025-02-12 06:00:00,dry,4,8,12,0.33,OK
BLR038,2025-02-12 07:00:00,dry,5,7,12,0.42,OK
BLR038,2025-02-12 08:00:00,dry,7,5,12,0.58,OK
BLR038,2025-02-12 09:00:00,dry,8,4,12,0.67,OK
BLR038,2025-02-12 10:00:00,dry,10,2,12,0.83,OK
BLR038,2025-02-12 11:00:00,dry,10,2,12,0.83,OK
BLR038,2025-02-12 12:00:00,dry,11,1,12,0.92,Overstocked
BLR038,2025-02-12 13:00:00,dry,12,0,12,1.0,Overstocked
BLR038,2025-02-12 14:00:00,dry,12,0,12,1.0,Overstocked
BLR038,2025-02-12 15:00:00,dry,11,1,12,0.92,Overstocked
BLR038,2025-02-12 16:00:00,dry,11,1,12,0.92,Overstocked
BLR038,2025-02-12 17:00:00,dry,11,1,12,0.92,Overstocked
BLR038,2025-02-12 18:00:00,dry,10,2,12,0.83,OK
BLR038,2025-02-12 19:00:00,dry,10,2,12,0.83,OK
BLR038,2025-02-12 20:00:00,dry,9,3,12,0.75,OK
BLR038,2025-02-12 21:00:00,dry,9,3,12,0.75,OK
BLR038,2025-02-12 22:00:00,dry,9,3,12,0.75,OK
BLR038,2025-02-12 23:00:00,dry,9,3,12,0.75,OK
BLR038,2025-02-13 00:00:00,dry,9,3,12,0.75,OK
BLR038,2025-02-13 01:00:00,dry,10,2,12,0.83,OK
BLR038,2025-02-13 02:00:00,dry,9,3,12,0.75,OK
BLR038,2025-02-13 03:00:00,dry,8,4,12,0.67,OK
BLR038,2025-02-13 04:00:00,dry,7,5,12,0.58,OK
BLR038,2025-02-13 05:00:00,dry,7,5,12,0.58,OK
BLR038,2025-02-13 06:00:00,dry,7,5,12,0.58,OK
BLR038,2025-02-13 07:00:00,dry,8,4,12,0.67,OK
BLR038,2025-02-13 08:00:00,dry,8,4,12,0.67,OK
BLR038,2025-02-13 09:00:00,dry,10,2,12,0.83,OK
BLR038,2025-02-13 10:00:00,dry,10,2,12,0.83,OK
BLR038,2025-02-13 11:00:00,dry,9,3,12,0.75,OK
BLR038,2025-02-13 12:00:00,dry,8,4,12,0.67,OK
BLR038,2025-02-13 13:00:00,dry,7,5,12,0.58,OK
BLR038,2025-02-13 14:00:00,dry,6,6,12,0.5,OK
BLR038,2025-02-13 15:00:00,dry,5,7,12,0.42,OK
BLR038,2025-02-13 16:00:00,dry,5,7,12,0.42,OK
BLR038,2025-02-13 17:00:00,dry,5,7,12,0.42,OK
BLR038,2025-02-13 18:00:00,dry,5,7,12,0.42,OK
BLR038,2025-02-13 19:00:00,dry,5,7,12,0.42,OK
BLR038,2025-02-13 20:00:00,dry,5,7,12,0.42,OK
BLR038,2025-02-13 21:00:00,dry,4,8,12,0.33,OK
BLR038,2025-02-13 22:00:00,dry,4,8,12,0.33,OK
BLR038,2025-02-13 23:00:00,dry,3,9,12,0.25,OK
BLR038,2025-02-14 00:00:00,dry,3,9,12,0.25,OK
BLR038,2025-02-14 01:00:00,dry,3,9,12,0.25,OK
BLR038,2025-02-14 02:00:00,dry,4,8,12,0.33,OK
BLR038,2025-02-14 03:00:00,dry,3,9,12,0.25,OK
BLR038,2025-02-14 04:00:00,dry,4,8,12,0.33,OK
BLR038,2025-02-14 05:00:00,dry,4,8,12,0.33,OK
BLR038,2025-02-14 06:00:00,dry,5,7,12,0.42,OK
BLR038,2025-02-14 07:00:00,dry,5,7,12,0.42,OK
BLR038,2025-02-14 08:00:00,dry,7,5,12,0.58,OK
BLR038,2025-02-14 09:00:00,dry,9,3,12,0.75,OK
BLR038,2025-02-14 10:00:00,dry,9,3,12,0.75,OK
BLR038,2025-02-14 11:00:00,dry,8,4,12,0.67,OK
BLR038,2025-02-14 12:00:00,dry,9,3,12,0.75,OK
BLR038,2025-02-14 13:00:00,dry,10,2,12,0.83,OK
BLR038,2025-02-14 14:00:00,dry,11,1,12,0.92,Overstocked
BLR038,2025-02-14 15:00:00,dry,10,2,12,0.83,OK
BLR038,2025-02-14 16:00:00,dry,9,3,12,0.75,OK
BLR038,2025-02-14 17:00:00,dry,7,5,12,0.58,OK
BLR038,2025-02-14 18:00:00,dry,7,5,12,0.58,OK
BLR038,2025-02-14 19:00:00,dry,6,6,12,0.5,OK
BLR038,2025-02-14 20:00:00,dry,4,8,12,0.33,OK
BLR038,2025-02-14 21:00:00,dry,5,7,12,0.42,OK
BLR038,2025-02-14 22:00:00,dry,4,8,12,0.33,OK
BLR038,2025-02-14 23:00:00,dry,4,8,12,0.33,OK
BLR038,2025-02-15 00:00:00,dry,3,9,12,0.25,OK
BLR038,2025-02-15 01:00:00,dry,3,9,12,0.25,OK
BLR038,2025-02-15 02:00:00,dry,3,9,12,0.25,OK
BLR038,2025-02-15 03:00:00,dry,4,8,12,0.33,OK
BLR038,2025-02-15 04:00:00,dry,4,8,12,0.33,OK
BLR038,2025-02-15 05:00:00,dry,3,9,12,0.25,OK
BLR038,2025-02-15 06:00:00,dry,2,10,12,0.17,OK
BLR038,2025-02-15 07:00:00,dry,2,10,12,0.17,OK
BLR038,2025-02-15 08:00:00,dry,2,10,12,0.17,OK
BLR038,2025-02-15 09:00:00,dry,3,9,12,0.25,OK
BLR038,2025-02-15 10:00:00,dry,6,6,12,0.5,OK
BLR038,2025-02-15 11:00:00,dry,7,5,12,0.58,OK
BLR038,2025-02-15 12:00:00,dry,7,5,12,0.58,OK
BLR038,2025-02-15 13:00:00,dry,6,6,12,0.5,OK
BLR038,2025-02-15 14:00:00,dry,5,7,12,0.42,OK
BLR038,2025-02-15 15:00:00,dry,4,8,12,0.33,OK
BLR038,2025-02-15 16:00:00,dry,5,7,12,0.42,OK
BLR038,2025-02-15 17:00:00,dry,3,9,12,0.25,OK
BLR038,2025-02-15 18:00:00,dry,3,9,12,0.25,OK
BLR038,2025-02-15 19:00:00,dry,2,10,12,0.17,OK
BLR038,2025-02-15 20:00:00,dry,2,10,12,0.17,OK
BLR038,2025-02-15 21:00:00,dry,2,10,12,0.17,OK
BLR038,2025-02-15 22:00:00,dry,3,9,12,0.25,OK
BLR038,2025-02-15 23:00:00,dry,4,8,12,0.33,OK
BLR038,2025-02-16 00:00:00,dry,5,7,12,0.42,OK
BLR038,2025-02-16 01:00:00,dry,5,7,12,0.42,OK
BLR038,2025-02-16 02:00:00,dry,6,6,12,0.5,OK
BLR038,2025-02-16 03:00:00,dry,7,5,12,0.58,OK
BLR038,2025-02-16 04:00:00,dry,8,4,12,0.67,OK
BLR038,2025-02-16 05:00:00,dry,7,5,12,0.58,OK
BLR038,2025-02-16 06:00:00,dry,8,4,12,0.67,OK
BLR038,2025-02-16 07:00:00,dry,8,4,12,0.67,OK
BLR038,2025-02-16 08:00:00,dry,8,4,12,0.67,OK
BLR038,2025-02-16 09:00:00,dry,9,3,12,0.75,OK
BLR038,2025-02-16 10:00:00,dry,9,3,12,0.75,OK
BLR038,2025-02-16 11:00:00,dry,10,2,12,0.83,OK
BLR038,2025-02-16 12:00:00,dry,11,1,12,0.92,Overstocked
BLR038,2025-02-16 13:00:00,dry,11,1,12,0.92,Overstocked
BLR038,2025-02-16 14:00:00,dry,11,1,12,0.92,Overstocked
BLR038,2025-02-16 15:00:00,dry,10,2,12,0.83,OK
BLR038,2025-02-16 16:00:00,dry,10,2,12,0.83,OK
BLR038,2025-02-16 17:00:00,dry,8,4,12,0.67,OK
BLR038,2025-02-16 18:00:00,dry,6,6,12,0.5,OK
BLR038,2025-02-16 19:00:00,dry,4,8,12,0.33,OK
BLR038,2025-02-16 20:00:00,dry,4,8,12,0.33,OK
BLR038,2025-02-16 21:00:00,dry,5,7,12,0.42,OK
BLR038,2025-02-16 22:00:00,dry,6,6,12,0.5,OK
BLR038,2025-02-16 23:00:00,dry,6,6,12,0.5,OK
BLR039,2025-02-10 00:00:00,dry,7,13,20,0.35,OK
BLR039,2025-02-10 01:00:00,dry,6,14,20,0.3,OK
BLR039,2025-02-10 02:00:00,dry,7,13,20,0.35,OK
BLR039,2025-02-10 03:00:00,dry,8,12,20,0.4,OK
BLR039,2025-02-10 04:00:00,dry,9,11,20,0.45,OK
BLR039,2025-02-10 05:00:00,dry,10,10,20,0.5,OK
BLR039,2025-02-10 06:00:00,dry,11,9,20,0.55,OK
BLR039,2025-02-10 07:00:00,dry,11,9,20,0.55,OK
BLR039,2025-02-10 08:00:00,dry,11,9,20,0.55,OK
BLR039,2025-02-10 09:00:00,dry,11,9,20,0.55,OK
BLR039,2025-02-10 10:00:00,dry,11,9,20,0.55,OK
BLR039,2025-02-10 11:00:00,dry,11,9,20,0.55,OK
BLR039,2025-02-10 12:00:00,dry,10,10,20,0.5,OK
BLR039,2025-02-10 13:00:00,dry,9,11,20,0.45,OK
BLR039,2025-02-10 14:00:00,dry,10,10,20,0.5,OK
BLR039,2025-02-10 15:00:00,dry,10,10,20,0.5,OK
BLR039,2025-02-10 16:00:00,dry,11,9,20,0.55,OK
BLR039,2025-02-10 17:00:00,dry,10,10,20,0.5,OK
BLR039,2025-02-10 18:00:00,dry,10,10,20,0.5,OK
BLR039,2025-02-10 19:00:00,dry,8,12,20,0.4,OK
BLR039,2025-02-10 20:00:00,dry,8,12,20,0.4,OK
BLR039,2025-02-10 21:00:00,dry,8,12,20,0.4,OK
BLR039,2025-02-10 22:00:00,dry,8,12,20,0.4,OK
BLR039,2025-02-10 23:00:00,dry,8,12,20,0.4,OK
BLR039,2025-02-11 00:00:00,dry,7,13,20,0.35,OK
BLR039,2025-02-11 01:00:00,dry,8,12,20,0.4,OK
BLR039,2025-02-11 02:00:00,dry,8,12,20,0.4,OK
BLR039,2025-02-11 03:00:00,dry,9,11,20,0.45,OK
BLR039,2025-02-11 04:00:00,dry,8,12,20,0.4,OK
BLR039,2025-02-11 05:00:00,dry,7,13,20,0.35,OK
BLR039,2025-02-11 06:00:00,dry,8,12,20,0.4,OK
BLR039,2025-02-11 07:00:00,dry,9,11,20,0.45,OK
BLR039,2025-02-11 08:00:00,dry,9,11,20,0.45,OK
BLR039,2025-02-11 09:00:00,dry,10,10,20,0.5,OK
BLR039,2025-02-11 10:00:00,dry,11,9,20,0.55,OK
BLR039,2025-02-11 11:00:00,dry,10,10,20,0.5,OK
BLR039,2025-02-11 12:00:00,dry,11,9,20,0.55,OK
BLR039,2025-02-11 13:00:00,dry,10,10,20,0.5,OK
BLR039,2025-02-11 14:00:00,dry,11,9,20,0.55,OK
BLR039,2025-02-11 15:00:00,dry,10,10,20,0.5,OK
BLR039,2025-02-11 16:00:00,dry,10,10,20,0.5,OK
BLR039,2025-02-11 17:00:00,dry,10,10,20,0.5,OK
BLR039,2025-02-11 18:00:00,dry,9,11,20,0.45,OK
BLR039,2025-02-11 19:00:00,dry,9,11,20,0.45,OK
BLR039,2025-02-11 20:00:00,dry,6,14,20,0.3,OK
BLR039,2025-02-11 21:00:00,dry,6,14,20,0.3,OK
BLR039,2025-02-11 22:00:00,dry,6,14,20,0.3,OK
BLR039,2025-02-11 23:00:00,dry,7,13,20,0.35,OK
BLR039,2025-02-12 00:00:00,dry,6,14,20,0.3,OK
BLR039,2025-02-12 01:00:00,dry,5,15,20,0.25,OK
BLR039,2025-02-12 02:00:00,dry,4,16,20,0.2,OK
BLR039,2025-02-12 03:00:00,dry,5,15,20,0.25,OK
BLR039,2025-02-12 04:00:00,dry,4,16,20,0.2,OK
BLR039,2025-02-12 05:00:00,dry,5,15,20,0.25,OK
BLR039,2025-02-12 06:00:00,dry,6,14,20,0.3,OK
BLR039,2025-02-12 07:00:00,dry,6,14,20,0.3,OK
BLR039,2025-02-12 08:00:00,dry,7,13,20,0.35,OK
BLR039,2025-02-12 09:00:00,dry,7,13,20,0.35,OK
BLR039,2025-02-12 10:00:00,dry,8,12,20,0.4,OK
BLR039,2025-02-12 11:00:00,dry,9,11,20,0.45,OK
BLR039,2025-02-12 12:00:00,dry,9,11,20,0.45,OK
BLR039,2025-02-12 13:00:00,dry,10,10,20,0.5,OK
BLR039,2025-02-12 14:00:00,dry,9,11,20,0.45,OK
BLR039,2025-02-12 15:00:00,dry,10,10,20,0.5,OK
BLR039,2025-02-12 16:00:00,dry,10,10,20,0.5,OK
BLR039,2025-02-12 17:00:00,dry,10,10,20,0.5,OK
BLR039,2025-02-12 18:00:00,dry,10,10,20,0.5,OK
BLR039,2025-02-12 19:00:00,dry,8,12,20,0.4,OK
BLR039,2025-02-12 20:00:00,dry,6,14,20,0.3,OK
BLR039,2025-02-12 21:00:00,dry,6,14,20,0.3,OK
BLR039,2025-02-12 22:00:00,dry,5,15,20,0.25,OK
BLR039,2025-02-12 23:00:00,dry,4,16,20,0.2,OK
BLR039,2025-02-13 00:00:00,dry,5,15,20,0.25,OK
BLR039,2025-02-13 01:00:00,dry,4,16,20,0.2,OK
BLR039,2025-02-13 02:00:00,dry,3,17,20,0.15,OK
BLR039,2025-02-13 03:00:00,dry,2,18,20,0.1,Understocked
BLR039,2025-02-13 04:00:00,dry,3,17,20,0.15,OK
BLR039,2025-02-13 05:00:00,dry,4,16,20,0.2,OK
BLR039,2025-02-13 06:00:00,dry,4,16,20,0.2,OK
BLR039,2025-02-13 07:00:00,dry,4,16,20,0.2,OK
BLR039,2025-02-13 08:00:00,dry,4,16,20,0.2,OK
BLR039,2025-02-13 09:00:00,dry,4,16,20,0.2,OK
BLR039,2025-02-13 10:00:00,dry,4,16,20,0.2,OK
BLR039,2025-02-13 11:00:00,dry,4,16,20,0.2,OK
BLR039,2025-02-13 12:00:00,dry,5,15,20,0.25,OK
BLR039,2025-02-13 13:00:00,dry,6,14,20,0.3,OK
BLR039,2025-02-13 14:00:00,dry,7,13,20,0.35,OK
BLR039,2025-02-13 15:00:00,dry,6,14,20,0.3,OK
BLR039,2025-02-13 16:00:00,dry,6,14,20,0.3,OK
BLR039,2025-02-13 17:00:00,dry,4,16,20,0.2,OK
BLR039,2025-02-13 18:00:00,dry,2,18,20,0.1,Understocked
BLR039,2025-02-13 19:00:00,dry,2,18,20,0.1,Understocked
BLR039,2025-02-13 20:00:00,dry,0,20,20,0.0,Understocked
BLR039,2025-02-13 21:00:00,dry,1,19,20,0.05,Understocked
BLR039,2025-02-13 22:00:00,dry,2,18,20,0.1,Understocked
BLR039,2025-02-13 23:00:00,dry,2,18,20,0.1,Understocked
BLR039,2025-02-14 00:00:00,dry,1,19,20,0.05,Understocked
BLR039,2025-02-14 01:00:00,dry,2,18,20,0.1,Understocked
BLR039,2025-02-14 02:00:00,dry,1,19,20,0.05,Understocked
BLR039,2025-02-14 03:00:00,dry,0,20,20,0.0,Understocked
BLR039,2025-02-14 04:00:00,dry,1,19,20,0.05,Understocked
BLR039,2025-02-14 05:00:00,dry,0,20,20,0.0,Understocked
BLR039,2025-02-14 06:00:00,dry,1,19,20,0.05,Understocked
BLR039,2025-02-14 07:00:00,dry,2,18,20,0.1,Understocked
BLR039,2025-02-14 08:00:00,dry,2,18,20,0.1,Understocked
BLR039,2025-02-14 09:00:00,dry,5,15,20,0.25,OK
BLR039,2025-02-14 10:00:00,dry,5,15,20,0.25,OK
BLR039,2025-02-14 11:00:00,dry,6,14,20,0.3,OK
BLR039,2025-02-14 12:00:00,dry,6,14,20,0.3,OK
BLR039,2025-02-14 13:00:00,dry,5,15,20,0.25,OK
BLR039,2025-02-14 14:00:00,dry,6,14,20,0.3,OK
BLR039,2025-02-14 15:00:00,dry,6,14,20,0.3,OK
BLR039,2025-02-14 16:00:00,dry,6,14,20,0.3,OK
BLR039,2025-02-14 17:00:00,dry,6,14,20,0.3,OK
BLR039,2025-02-14 18:00:00,dry,4,16,20,0.2,OK
BLR039,2025-02-14 19:00:00,dry,2,18,20,0.1,Understocked
BLR039,2025-02-14 20:00:00,dry,0,20,20,0.0,Understocked
BLR039,2025-02-14 21:00:00,dry,0,20,20,0.0,Understocked
BLR039,2025-02-14 22:00:00,dry,0,20,20,0.0,Understocked
BLR039,2025-02-14 23:00:00,dry,0,20,20,0.0,Understocked
BLR039,2025-02-15 00:00:00,dry,1,19,20,0.05,Understocked
BLR039,2025-02-15 01:00:00,dry,1,19,20,0.05,Understocked
BLR039,2025-02-15 02:00:00,dry,1,19,20,0.05,Understocked
BLR039,2025-02-15 03:00:00,dry,1,19,20,0.05,Understocked
BLR039,2025-02-15 04:00:00,dry,1,19,20,0.05,Understocked
BLR039,2025-02-15 05:00:00,dry,2,18,20,0.1,Understocked
BLR039,2025-02-15 06:00:00,dry,1,19,20,0.05,Understocked
BLR039,2025-02-15 07:00:00,dry,1,19,20,0.05,Understocked
BLR039,2025-02-15 08:00:00,dry,3,17,20,0.15,OK
BLR039,2025-02-15 09:00:00,dry,3,17,20,0.15,OK
BLR039,2025-02-15 10:00:00,dry,3,17,20,0.15,OK
BLR039,2025-02-15 11:00:00,dry,4,16,20,0.2,OK
BLR039,2025-02-15 12:00:00,dry,3,17,20,0.15,OK
BLR039,2025-02-15 13:00:00,dry,3,17,20,0.15,OK
BLR039,2025-02-15 14:00:00,dry,2,18,20,0.1,Understocked
BLR039,2025-02-15 15:00:00,dry,1,19,20,0.05,Understocked
BLR039,2025-02-15 16:00:00,dry,2,18,20,0.1,Understocked
BLR039,2025-02-15 17:00:00,dry,1,19,20,0.05,Understocked
BLR039,2025-02-15 18:00:00,dry,0,20,20,0.0,Understocked
BLR039,2025-02-15 19:00:00,dry,0,20,20,0.0,Understocked
BLR039,2025-02-15 20:00:00,dry,0,20,20,0.0,Understocked
BLR039,2025-02-15 21:00:00,dry,0,20,20,0.0,Understocked
BLR039,2025-02-15 22:00:00,dry,1,19,20,0.05,Understocked
BLR039,2025-02-15 23:00:00,dry,1,19,20,0.05,Understocked
BLR039,2025-02-16 00:00:00,dry,2,18,20,0.1,Understocked
BLR039,2025-02-16 01:00:00,dry,2,18,20,0.1,Understocked
BLR039,2025-02-16 02:00:00,dry,3,17,20,0.15,OK
BLR039,2025-02-16 03:00:00,dry,3,17,20,0.15,OK
BLR039,2025-02-16 04:00:00,dry,2,18,20,0.1,Understocked
BLR039,2025-02-16 05:00:00,dry,2,18,20,0.1,Understocked
BLR039,2025-02-16 06:00:00,dry,3,17,20,0.15,OK
BLR039,2025-02-16 07:00:00,dry,3,17,20,0.15,OK
BLR039,2025-02-16 08:00:00,dry,3,17,20,0.15,OK
BLR039,2025-02-16 09:00:00,dry,4,16,20,0.2,OK
BLR039,2025-02-16 10:00:00,dry,4,16,20,0.2,OK
BLR039,2025-02-16 11:00:00,dry,3,17,20,0.15,OK
BLR039,2025-02-16 12:00:00,dry,3,17,20,0.15,OK
BLR039,2025-02-16 13:00:00,dry,4,16,20,0.2,OK
BLR039,2025-02-16 14:00:00,dry,4,16,20,0.2,OK
BLR039,2025-02-16 15:00:00,dry,3,17,20,0.15,OK
BLR039,2025-02-16 16:00:00,dry,2,18,20,0.1,Understocked
BLR039,2025-02-16 17:00:00,dry,0,20,20,0.0,Understocked
BLR039,2025-02-16 18:00:00,dry,0,20,20,0.0,Understocked
BLR039,2025-02-16 19:00:00,dry,0,20,20,0.0,Understocked
BLR039,2025-02-16 20:00:00,dry,0,20,20,0.0,Understocked
BLR039,2025-02-16 21:00:00,dry,0,20,20,0.0,Understocked
BLR039,2025-02-16 22:00:00,dry,0,20,20,0.0,Understocked
BLR039,2025-02-16 23:00:00,dry,0,20,20,0.0,Understocked
BLR040,2025-02-10 00:00:00,dry,13,7,20,0.65,OK
BLR040,2025-02-10 01:00:00,dry,12,8,20,0.6,OK
BLR040,2025-02-10 02:00:00,dry,13,7,20,0.65,OK
BLR040,2025-02-10 03:00:00,dry,14,6,20,0.7,OK
BLR040,2025-02-10 04:00:00,dry,14,6,20,0.7,OK
BLR040,2025-02-10 05:00:00,dry,13,7,20,0.65,OK
BLR040,2025-02-10 06:00:00,dry,13,7,20,0.65,OK
BLR040,2025-02-10 07:00:00,dry,12,8,20,0.6,OK
BLR040,2025-02-10 08:00:00,dry,10,10,20,0.5,OK
BLR040,2025-02-10 09:00:00,dry,7,13,20,0.35,OK
BLR040,2025-02-10 10:00:00,dry,6,14,20,0.3,OK
BLR040,2025-02-10 11:00:00,dry,6,14,20,0.3,OK
BLR040,2025-02-10 12:00:00,dry,6,14,20,0.3,OK
BLR040,2025-02-10 13:00:00,dry,6,14,20,0.3,OK
BLR040,2025-02-10 14:00:00,dry,7,13,20,0.35,OK
BLR040,2025-02-10 15:00:00,dry,6,14,20,0.3,OK
BLR040,2025-02-10 16:00:00,dry,6,14,20,0.3,OK
BLR040,2025-02-10 17:00:00,dry,7,13,20,0.35,OK
BLR040,2025-02-10 18:00:00,dry,9,11,20,0.45,OK
BLR040,2025-02-10 19:00:00,dry,11,9,20,0.55,OK
BLR040,2025-02-10 20:00:00,dry,14,6,20,0.7,OK
BLR040,2025-02-10 21:00:00,dry,15,5,20,0.75,OK
BLR040,2025-02-10 22:00:00,dry,14,6,20,0.7,OK
BLR040,2025-02-10 23:00:00,dry,14,6,20,0.7,OK
BLR040,2025-02-11 00:00:00,dry,15,5,20,0.75,OK
BLR040,2025-02-11 01:00:00,dry,16,4,20,0.8,OK
BLR040,2025-02-11 02:00:00,dry,16,4,20,0.8,OK
BLR040,2025-02-11 03:00:00,dry,17,3,20,0.85,OK
BLR040,2025-02-11 04:00:00,dry,18,2,20,0.9,Overstocked
BLR040,2025-02-11 05:00:00,dry,19,1,20,0.95,Overstocked
BLR040,2025-02-11 06:00:00,dry,19,1,20,0.95,Overstocked
BLR040,2025-02-11 07:00:00,dry,19,1,20,0.95,Overstocked
BLR040,2025-02-11 08:00:00,dry,15,5,20,0.75,OK
BLR040,2025-02-11 09:00:00,dry,13,7,20,0.65,OK
BLR040,2025-02-11 10:00:00,dry,13,7,20,0.65,OK
BLR040,2025-02-11 11:00:00,dry,14,6,20,0.7,OK
BLR040,2025-02-11 12:00:00,dry,14,6,20,0.7,OK
BLR040,2025-02-11 13:00:00,dry,15,5,20,0.75,OK
BLR040,2025-02-11 14:00:00,dry,15,5,20,0.75,OK
BLR040,2025-02-11 15:00:00,dry,14,6,20,0.7,OK
BLR040,2025-02-11 16:00:00,dry,13,7,20,0.65,OK
BLR040,2025-02-11 17:00:00,dry,15,5,20,0.75,OK
BLR040,2025-02-11 18:00:00,dry,15,5,20,0.75,OK
BLR040,2025-02-11 19:00:00,dry,19,1,20,0.95,Overstocked
BLR040,2025-02-11 20:00:00,dry,20,0,20,1.0,Overstocked
BLR040,2025-02-11 21:00:00,dry,20,0,20,1.0,Overstocked
BLR040,2025-02-11 22:00:00,dry,20,0,20,1.0,Overstocked
BLR040,2025-02-11 23:00:00,dry,20,0,20,1.0,Overstocked
BLR040,2025-02-12 00:00:00,dry,19,1,20,0.95,Overstocked
BLR040,2025-02-12 01:00:00,dry,20,0,20,1.0,Overstocked
BLR040,2025-02-12 02:00:00,dry,19,1,20,0.95,Overstocked
BLR040,2025-02-12 03:00:00,dry,19,1,20,0.95,Overstocked
BLR040,2025-02-12 04:00:00,dry,18,2,20,0.9,Overstocked
BLR040,2025-02-12 05:00:00,dry,19,1,20,0.95,Overstocked
BLR040,2025-02-12 06:00:00,dry,20,0,20,1.0,Overstocked
BLR040,2025-02-12 07:00:00,dry,19,1,20,0.95,Overstocked
BLR040,2025-02-12 08:00:00,dry,15,5,20,0.75,OK
BLR040,2025-02-12 09:00:00,dry,13,7,20,0.65,OK
BLR040,2025-02-12 10:00:00,dry,11,9,20,0.55,OK
BLR040,2025-02-12 11:00:00,dry,10,10,20,0.5,OK
BLR040,2025-02-12 12:00:00,dry,10,10,20,0.5,OK
BLR040,2025-02-12 13:00:00,dry,9,11,20,0.45,OK
BLR040,2025-02-12 14:00:00,dry,9,11,20,0.45,OK
BLR040,2025-02-12 15:00:00,dry,8,12,20,0.4,OK
BLR040,2025-02-12 16:00:00,dry,9,11,20,0.45,OK
BLR040,2025-02-12 17:00:00,dry,10,10,20,0.5,OK
BLR040,2025-02-12 18:00:00,dry,13,7,20,0.65,OK
BLR040,2025-02-12 19:00:00,dry,19,1,20,0.95,Overstocked
BLR040,2025-02-12 20:00:00,dry,20,0,20,1.0,Overstocked
BLR040,2025-02-12 21:00:00,dry,19,1,20,0.95,Overstocked
BLR040,2025-02-12 22:00:00,dry,18,2,20,0.9,Overstocked
BLR040,2025-02-12 23:00:00,dry,19,1,20,0.95,Overstocked
BLR040,2025-02-13 00:00:00,dry,19,1,20,0.95,Overstocked
BLR040,2025-02-13 01:00:00,dry,18,2,20,0.9,Overstocked
BLR040,2025-02-13 02:00:00,dry,17,3,20,0.85,OK
BLR040,2025-02-13 03:00:00,dry,17,3,20,0.85,OK
BLR040,2025-02-13 04:00:00,dry,17,3,20,0.85,OK
BLR040,2025-02-13 05:00:00,dry,18,2,20,0.9,Overstocked
BLR040,2025-02-13 06:00:00,dry,18,2,20,0.9,Overstocked
BLR040,2025-02-13 07:00:00,dry,18,2,20,0.9,Overstocked
BLR040,2025-02-13 08:00:00,dry,17,3,20,0.85,OK
BLR040,2025-02-13 09:00:00,dry,16,4,20,0.8,OK
BLR040,2025-02-13 10:00:00,dry,14,6,20,0.7,OK
BLR040,2025-02-13 11:00:00,dry,14,6,20,0.7,OK
BLR040,2025-02-13 12:00:00,dry,15,5,20,0.75,OK
BLR040,2025-02-13 13:00:00,dry,16,4,20,0.8,OK
BLR040,2025-02-13 14:00:00,dry,17,3,20,0.85,OK
BLR040,2025-02-13 15:00:00,dry,16,4,20,0.8,OK
BLR040,2025-02-13 16:00:00,dry,15,5,20,0.75,OK
BLR040,2025-02-13 17:00:00,dry,15,5,20,0.75,OK
BLR040,2025-02-13 18:00:00,dry,16,4,20,0.8,OK
BLR040,2025-02-13 19:00:00,dry,18,2,20,0.9,Overstocked
BLR040,2025-02-13 20:00:00,dry,19,1,20,0.95,Overstocked
BLR040,2025-02-13 21:00:00,dry,20,0,20,1.0,Overstocked
BLR040,2025-02-13 22:00:00,dry,20,0,20,1.0,Overstocked
BLR040,2025-02-13 23:00:00,dry,20,0,20,1.0,Overstocked
BLR040,2025-02-14 00:00:00,dry,20,0,20,1.0,Overstocked
BLR040,2025-02-14 01:00:00,dry,19,1,20,0.95,Overstocked
BLR040,2025-02-14 02:00:00,dry,20,0,20,1.0,Overstocked
BLR040,2025-02-14 03:00:00,dry,20,0,20,1.0,Overstocked
BLR040,2025-02-14 04:00:00,dry,19,1,20,0.95,Overstocked
BLR040,2025-02-14 05:00:00,dry,20,0,20,1.0,Overstocked
BLR040,2025-02-14 06:00:00,dry,20,0,20,1.0,Overstocked
BLR040,2025-02-14 07:00:00,dry,19,1,20,0.95,Overstocked
BLR040,2025-02-14 08:00:00,dry,15,5,20,0.75,OK
BLR040,2025-02-14 09:00:00,dry,14,6,20,0.7,OK
BLR040,2025-02-14 10:00:00,dry,10,10,20,0.5,OK
BLR040,2025-02-14 11:00:00,dry,9,11,20,0.45,OK
BLR040,2025-02-14 12:00:00,dry,10,10,20,0.5,OK
BLR040,2025-02-14 13:00:00,dry,10,10,20,0.5,OK
BLR040,2025-02-14 14:00:00,dry,9,11,20,0.45,OK
BLR040,2025-02-14 15:00:00,dry,8,12,20,0.4,OK
BLR040,2025-02-14 16:00:00,dry,8,12,20,0.4,OK
BLR040,2025-02-14 17:00:00,dry,11,9,20,0.55,OK
BLR040,2025-02-14 18:00:00,dry,12,8,20,0.6,OK
BLR040,2025-02-14 19:00:00,dry,15,5,20,0.75,OK
BLR040,2025-02-14 20:00:00,dry,16,4,20,0.8,OK
BLR040,2025-02-14 21:00:00,dry,16,4,20,0.8,OK
BLR040,2025-02-14 22:00:00,dry,15,5,20,0.75,OK
BLR040,2025-02-14 23:00:00,dry,15,5,20,0.75,OK
BLR040,2025-02-15 00:00:00,dry,14,6,20,0.7,OK
BLR040,2025-02-15 01:00:00,dry,15,5,20,0.75,OK
BLR040,2025-02-15 02:00:00,dry,14,6,20,0.7,OK
BLR040,2025-02-15 03:00:00,dry,15,5,20,0.75,OK
BLR040,2025-02-15 04:00:00,dry,14,6,20,0.7,OK
BLR040,2025-02-15 05:00:00,dry,15,5,20,0.75,OK
BLR040,2025-02-15 06:00:00,dry,15,5,20,0.75,OK
BLR040,2025-02-15 07:00:00,dry,15,5,20,0.75,OK
BLR040,2025-02-15 08:00:00,dry,15,5,20,0.75,OK
BLR040,2025-02-15 09:00:00,dry,15,5,20,0.75,OK
BLR040,2025-02-15 10:00:00,dry,15,5,20,0.75,OK
BLR040,2025-02-15 11:00:00,dry,15,5,20,0.75,OK
BLR040,2025-02-15 12:00:00,dry,14,6,20,0.7,OK
BLR040,2025-02-15 13:00:00,dry,14,6,20,0.7,OK
BLR040,2025-02-15 14:00:00,dry,14,6,20,0.7,OK
BLR040,2025-02-15 15:00:00,dry,15,5,20,0.75,OK
BLR040,2025-02-15 16:00:00,dry,15,5,20,0.75,OK
BLR040,2025-02-15 17:00:00,dry,15,5,20,0.75,OK
BLR040,2025-02-15 18:00:00,dry,15,5,20,0.75,OK
BLR040,2025-02-15 19:00:00,dry,15,5,20,0.75,OK
BLR040,2025-02-15 20:00:00,dry,17,3,20,0.85,OK
BLR040,2025-02-15 21:00:00,dry,16,4,20,0.8,OK
BLR040,2025-02-15 22:00:00,dry,16,4,20,0.8,OK
BLR040,2025-02-15 23:00:00,dry,17,3,20,0.85,OK
BLR040,2025-02-16 00:00:00,dry,18,2,20,0.9,Overstocked
BLR040,2025-02-16 01:00:00,dry,17,3,20,0.85,OK
BLR040,2025-02-16 02:00:00,dry,18,2,20,0.9,Overstocked
BLR040,2025-02-16 03:00:00,dry,19,1,20,0.95,Overstocked
BLR040,2025-02-16 04:00:00,dry,19,1,20,0.95,Overstocked
BLR040,2025-02-16 05:00:00,dry,20,0,20,1.0,Overstocked
BLR040,2025-02-16 06:00:00,dry,20,0,20,1.0,Overstocked
BLR040,2025-02-16 07:00:00,dry,19,1,20,0.95,Overstocked
BLR040,2025-02-16 08:00:00,dry,17,3,20,0.85,OK
BLR040,2025-02-16 09:00:00,dry,17,3,20,0.85,OK
BLR040,2025-02-16 10:00:00,dry,14,6,20,0.7,OK
BLR040,2025-02-16 11:00:00,dry,14,6,20,0.7,OK
BLR040,2025-02-16 12:00:00,dry,13,7,20,0.65,OK
BLR040,2025-02-16 13:00:00,dry,12,8,20,0.6,OK
BLR040,2025-02-16 14:00:00,dry,13,7,20,0.65,OK
BLR040,2025-02-16 15:00:00,dry,13,7,20,0.65,OK
BLR040,2025-02-16 16:00:00,dry,14,6,20,0.7,OK
BLR040,2025-02-16 17:00:00,dry,16,4,20,0.8,OK
BLR040,2025-02-16 18:00:00,dry,16,4,20,0.8,OK
BLR040,2025-02-16 19:00:00,dry,16,4,20,0.8,OK
BLR040,2025-02-16 20:00:00,dry,17,3,20,0.85,OK
BLR040,2025-02-16 21:00:00,dry,16,4,20,0.8,OK
BLR040,2025-02-16 22:00:00,dry,16,4,20,0.8,OK
BLR040,2025-02-16 23:00:00,dry,17,3,20,0.85,OK
BLR041,2025-02-10 00:00:00,dry,5,11,16,0.31,OK
BLR041,2025-02-10 01:00:00,dry,6,10,16,0.38,OK
BLR041,2025-02-10 02:00:00,dry,6,10,16,0.38,OK
BLR041,2025-02-10 03:00:00,dry,6,10,16,0.38,OK
BLR041,2025-02-10 04:00:00,dry,7,9,16,0.44,OK
BLR041,2025-02-10 05:00:00,dry,6,10,16,0.38,OK
BLR041,2025-02-10 06:00:00,dry,7,9,16,0.44,OK
BLR041,2025-02-10 07:00:00,dry,5,11,16,0.31,OK
BLR041,2025-02-10 08:00:00,dry,3,13,16,0.19,OK
BLR041,2025-02-10 09:00:00,dry,0,16,16,0.0,Understocked
BLR041,2025-02-10 10:00:00,dry,0,16,16,0.0,Understocked
BLR041,2025-02-10 11:00:00,dry,1,15,16,0.06,Understocked
BLR041,2025-02-10 12:00:00,dry,1,15,16,0.06,Understocked
BLR041,2025-02-10 13:00:00,dry,0,16,16,0.0,Understocked
BLR041,2025-02-10 14:00:00,dry,1,15,16,0.06,Understocked
BLR041,2025-02-10 15:00:00,dry,1,15,16,0.06,Understocked
BLR041,2025-02-10 16:00:00,dry,2,14,16,0.12,OK
BLR041,2025-02-10 17:00:00,dry,3,13,16,0.19,OK
BLR041,2025-02-10 18:00:00,dry,3,13,16,0.19,OK
BLR041,2025-02-10 19:00:00,dry,4,12,16,0.25,OK
BLR041,2025-02-10 20:00:00,dry,7,9,16,0.44,OK
BLR041,2025-02-10 21:00:00,dry,7,9,16,0.44,OK
BLR041,2025-02-10 22:00:00,dry,8,8,16,0.5,OK
BLR041,2025-02-10 23:00:00,dry,9,7,16,0.56,OK
BLR041,2025-02-11 00:00:00,dry,9,7,16,0.56,OK
BLR041,2025-02-11 01:00:00,dry,8,8,16,0.5,OK
BLR041,2025-02-11 02:00:00,dry,8,8,16,0.5,OK
BLR041,2025-02-11 03:00:00,dry,9,7,16,0.56,OK
BLR041,2025-02-11 04:00:00,dry,9,7,16,0.56,OK
BLR041,2025-02-11 05:00:00,dry,10,6,16,0.62,OK
BLR041,2025-02-11 06:00:00,dry,9,7,16,0.56,OK
BLR041,2025-02-11 07:00:00,dry,9,7,16,0.56,OK
BLR041,2025-02-11 08:00:00,dry,8,8,16,0.5,OK
BLR041,2025-02-11 09:00:00,dry,3,13,16,0.19,OK
BLR041,2025-02-11 10:00:00,dry,1,15,16,0.06,Understocked
BLR041,2025-02-11 11:00:00,dry,1,15,16,0.06,Understocked
BLR041,2025-02-11 12:00:00,dry,1,15,16,0.06,Understocked
BLR041,2025-02-11 13:00:00,dry,1,15,16,0.06,Understocked
BLR041,2025-02-11 14:00:00,dry,2,14,16,0.12,OK
BLR041,2025-02-11 15:00:00,dry,1,15,16,0.06,Understocked
BLR041,2025-02-11 16:00:00,dry,1,15,16,0.06,Understocked
BLR041,2025-02-11 17:00:00,dry,2,14,16,0.12,OK
BLR041,2025-02-11 18:00:00,dry,2,14,16,0.12,OK
BLR041,2025-02-11 19:00:00,dry,3,13,16,0.19,OK
BLR041,2025-02-11 20:00:00,dry,6,10,16,0.38,OK
BLR041,2025-02-11 21:00:00,dry,5,11,16,0.31,OK
BLR041,2025-02-11 22:00:00,dry,4,12,16,0.25,OK
BLR041,2025-02-11 23:00:00,dry,4,12,16,0.25,OK
BLR041,2025-02-12 00:00:00,dry,4,12,16,0.25,OK
BLR041,2025-02-12 01:00:00,dry,5,11,16,0.31,OK
BLR041,2025-02-12 02:00:00,dry,4,12,16,0.25,OK
BLR041,2025-02-12 03:00:00,dry,5,11,16,0.31,OK
BLR041,2025-02-12 04:00:00,dry,4,12,16,0.25,OK
BLR041,2025-02-12 05:00:00,dry,4,12,16,0.25,OK
BLR041,2025-02-12 06:00:00,dry,3,13,16,0.19,OK
BLR041,2025-02-12 07:00:00,dry,2,14,16,0.12,OK
BLR041,2025-02-12 08:00:00,dry,1,15,16,0.06,Understocked
BLR041,2025-02-12 09:00:00,dry,0,16,16,0.0,Understocked
BLR041,2025-02-12 10:00:00,dry,0,16,16,0.0,Understocked
BLR041,2025-02-12 11:00:00,dry,1,15,16,0.06,Understocked
BLR041,2025-02-12 12:00:00,dry,2,14,16,0.12,OK
BLR041,2025-02-12 13:00:00,dry,1,15,16,0.06,Understocked
BLR041,2025-02-12 14:00:00,dry,2,14,16,0.12,OK
BLR041,2025-02-12 15:00:00,dry,2,14,16,0.12,OK
BLR041,2025-02-12 16:00:00,dry,3,13,16,0.19,OK
BLR041,2025-02-12 17:00:00,dry,6,10,16,0.38,OK
BLR041,2025-02-12 18:00:00,dry,7,9,16,0.44,OK
BLR041,2025-02-12 19:00:00,dry,10,6,16,0.62,OK
BLR041,2025-02-12 20:00:00,dry,10,6,16,0.62,OK
BLR041,2025-02-12 21:00:00,dry,10,6,16,0.62,OK
BLR041,2025-02-12 22:00:00,dry,9,7,16,0.56,OK
BLR041,2025-02-12 23:00:00,dry,9,7,16,0.56,OK
BLR041,2025-02-13 00:00:00,dry,10,6,16,0.62,OK
BLR041,2025-02-13 01:00:00,dry,10,6,16,0.62,OK
BLR041,2025-02-13 02:00:00,dry,11,5,16,0.69,OK
BLR041,2025-02-13 03:00:00,dry,10,6,16,0.62,OK
BLR041,2025-02-13 04:00:00,dry,9,7,16,0.56,OK
BLR041,2025-02-13 05:00:00,dry,9,7,16,0.56,OK
BLR041,2025-02-13 06:00:00,dry,8,8,16,0.5,OK
BLR041,2025-02-13 07:00:00,dry,5,11,16,0.31,OK
BLR041,2025-02-13 08:00:00,dry,5,11,16,0.31,OK
BLR041,2025-02-13 09:00:00,dry,4,12,16,0.25,OK
BLR041,2025-02-13 10:00:00,dry,2,14,16,0.12,OK
BLR041,2025-02-13 11:00:00,dry,2,14,16,0.12,OK
BLR041,2025-02-13 12:00:00,dry,3,13,16,0.19,OK
BLR041,2025-02-13 13:00:00,dry,3,13,16,0.19,OK
BLR041,2025-02-13 14:00:00,dry,3,13,16,0.19,OK
BLR041,2025-02-13 15:00:00,dry,2,14,16,0.12,OK
BLR041,2025-02-13 16:00:00,dry,2,14,16,0.12,OK
BLR041,2025-02-13 17:00:00,dry,6,10,16,0.38,OK
BLR041,2025-02-13 18:00:00,dry,10,6,16,0.62,OK
BLR041,2025-02-13 19:00:00,dry,16,0,16,1.0,Overstocked
BLR041,2025-02-13 20:00:00,dry,16,0,16,1.0,Overstocked
BLR041,2025-02-13 21:00:00,dry,16,0,16,1.0,Overstocked
BLR041,2025-02-13 22:00:00,dry,16,0,16,1.0,Overstocked
BLR041,2025-02-13 23:00:00,dry,15,1,16,0.94,Overstocked
BLR041,2025-02-14 00:00:00,dry,16,0,16,1.0,Overstocked
BLR041,2025-02-14 01:00:00,dry,15,1,16,0.94,Overstocked
BLR041,2025-02-14 02:00:00,dry,16,0,16,1.0,Overstocked
BLR041,2025-02-14 03:00:00,dry,15,1,16,0.94,Overstocked
BLR041,2025-02-14 04:00:00,dry,14,2,16,0.88,OK
BLR041,2025-02-14 05:00:00,dry,15,1,16,0.94,Overstocked
BLR041,2025-02-14 06:00:00,dry,15,1,16,0.94,Overstocked
BLR041,2025-02-14 07:00:00,dry,14,2,16,0.88,OK
BLR041,2025-02-14 08:00:00,dry,12,4,16,0.75,OK
BLR041,2025-02-14 09:00:00,dry,12,4,16,0.75,OK
BLR041,2025-02-14 10:00:00,dry,10,6,16,0.62,OK
BLR041,2025-02-14 11:00:00,dry,11,5,16,0.69,OK
BLR041,2025-02-14 12:00:00,dry,11,5,16,0.69,OK
BLR041,2025-02-14 13:00:00,dry,11,5,16,0.69,OK
BLR041,2025-02-14 14:00:00,dry,10,6,16,0.62,OK
BLR041,2025-02-14 15:00:00,dry,10,6,16,0.62,OK
BLR041,2025-02-14 16:00:00,dry,9,7,16,0.56,OK
BLR041,2025-02-14 17:00:00,dry,9,7,16,0.56,OK
BLR041,2025-02-14 18:00:00,dry,10,6,16,0.62,OK
BLR041,2025-02-14 19:00:00,dry,14,2,16,0.88,OK
BLR041,2025-02-14 20:00:00,dry,15,1,16,0.94,Overstocked
BLR041,2025-02-14 21:00:00,dry,15,1,16,0.94,Overstocked
BLR041,2025-02-14 22:00:00,dry,15,1,16,0.94,Overstocked
BLR041,2025-02-14 23:00:00,dry,14,2,16,0.88,OK
BLR041,2025-02-15 00:00:00,dry,13,3,16,0.81,OK
BLR041,2025-02-15 01:00:00,dry,12,4,16,0.75,OK
BLR041,2025-02-15 02:00:00,dry,13,3,16,0.81,OK
BLR041,2025-02-15 03:00:00,dry,12,4,16,0.75,OK
BLR041,2025-02-15 04:00:00,dry,11,5,16,0.69,OK
BLR041,2025-02-15 05:00:00,dry,10,6,16,0.62,OK
BLR041,2025-02-15 06:00:00,dry,11,5,16,0.69,OK
BLR041,2025-02-15 07:00:00,dry,9,7,16,0.56,OK
BLR041,2025-02-15 08:00:00,dry,9,7,16,0.56,OK
BLR041,2025-02-15 09:00:00,dry,9,7,16,0.56,OK
BLR041,2025-02-15 10:00:00,dry,8,8,16,0.5,OK
BLR041,2025-02-15 11:00:00,dry,9,7,16,0.56,OK
BLR041,2025-02-15 12:00:00,dry,9,7,16,0.56,OK
BLR041,2025-02-15 13:00:00,dry,9,7,16,0.56,OK
BLR041,2025-02-15 14:00:00,dry,10,6,16,0.62,OK
BLR041,2025-02-15 15:00:00,dry,11,5,16,0.69,OK
BLR041,2025-02-15 16:00:00,dry,10,6,16,0.62,OK
BLR041,2025-02-15 17:00:00,dry,10,6,16,0.62,OK
BLR041,2025-02-15 18:00:00,dry,10,6,16,0.62,OK
BLR041,2025-02-15 19:00:00,dry,13,3,16,0.81,OK
BLR041,2025-02-15 20:00:00,dry,14,2,16,0.88,OK
BLR041,2025-02-15 21:00:00,dry,15,1,16,0.94,Overstocked
BLR041,2025-02-15 22:00:00,dry,14,2,16,0.88,OK
BLR041,2025-02-15 23:00:00,dry,14,2,16,0.88,OK
BLR041,2025-02-16 00:00:00,dry,15,1,16,0.94,Overstocked
BLR041,2025-02-16 01:00:00,dry,16,0,16,1.0,Overstocked
BLR041,2025-02-16 02:00:00,dry,16,0,16,1.0,Overstocked
BLR041,2025-02-16 03:00:00,dry,16,0,16,1.0,Overstocked
BLR041,2025-02-16 04:00:00,dry,15,1,16,0.94,Overstocked
BLR041,2025-02-16 05:00:00,dry,15,1,16,0.94,Overstocked
BLR041,2025-02-16 06:00:00,dry,15,1,16,0.94,Overstocked
BLR041,2025-02-16 07:00:00,dry,13,3,16,0.81,OK
BLR041,2025-02-16 08:00:00,dry,12,4,16,0.75,OK
BLR041,2025-02-16 09:00:00,dry,9,7,16,0.56,OK
BLR041,2025-02-16 10:00:00,dry,8,8,16,0.5,OK
BLR041,2025-02-16 11:00:00,dry,8,8,16,0.5,OK
BLR041,2025-02-16 12:00:00,dry,7,9,16,0.44,OK
BLR041,2025-02-16 13:00:00,dry,7,9,16,0.44,OK
BLR041,2025-02-16 14:00:00,dry,6,10,16,0.38,OK
BLR041,2025-02-16 15:00:00,dry,6,10,16,0.38,OK
BLR041,2025-02-16 16:00:00,dry,5,11,16,0.31,OK
BLR041,2025-02-16 17:00:00,dry,6,10,16,0.38,OK
BLR041,2025-02-16 18:00:00,dry,6,10,16,0.38,OK
BLR041,2025-02-16 19:00:00,dry,8,8,16,0.5,OK
BLR041,2025-02-16 20:00:00,dry,10,6,16,0.62,OK
BLR041,2025-02-16 21:00:00,dry,11,5,16,0.69,OK
BLR041,2025-02-16 22:00:00,dry,10,6,16,0.62,OK
BLR041,2025-02-16 23:00:00,dry,11,5,16,0.69,OK
BLR042,2025-02-10 00:00:00,dry,16,8,24,0.67,OK
BLR042,2025-02-10 01:00:00,dry,17,7,24,0.71,OK
BLR042,2025-02-10 02:00:00,dry,16,8,24,0.67,OK
BLR042,2025-02-10 03:00:00,dry,15,9,24,0.62,OK
BLR042,2025-02-10 04:00:00,dry,16,8,24,0.67,OK
BLR042,2025-02-10 05:00:00,dry,16,8,24,0.67,OK
BLR042,2025-02-10 06:00:00,dry,16,8,24,0.67,OK
BLR042,2025-02-10 07:00:00,dry,16,8,24,0.67,OK
BLR042,2025-02-10 08:00:00,dry,17,7,24,0.71,OK
BLR042,2025-02-10 09:00:00,dry,19,5,24,0.79,OK
BLR042,2025-02-10 10:00:00,dry,19,5,24,0.79,OK
BLR042,2025-02-10 11:00:00,dry,19,5,24,0.79,OK
BLR042,2025-02-10 12:00:00,dry,20,4,24,0.83,OK
BLR042,2025-02-10 13:00:00,dry,20,4,24,0.83,OK
BLR042,2025-02-10 14:00:00,dry,19,5,24,0.79,OK
BLR042,2025-02-10 15:00:00,dry,20,4,24,0.83,OK
BLR042,2025-02-10 16:00:00,dry,20,4,24,0.83,OK
BLR042,2025-02-10 17:00:00,dry,20,4,24,0.83,OK
BLR042,2025-02-10 18:00:00,dry,17,7,24,0.71,OK
BLR042,2025-02-10 19:00:00,dry,16,8,24,0.67,OK
BLR042,2025-02-10 20:00:00,dry,12,12,24,0.5,OK
BLR042,2025-02-10 21:00:00,dry,12,12,24,0.5,OK
BLR042,2025-02-10 22:00:00,dry,12,12,24,0.5,OK
BLR042,2025-02-10 23:00:00,dry,12,12,24,0.5,OK
BLR042,2025-02-11 00:00:00,dry,11,13,24,0.46,OK
BLR042,2025-02-11 01:00:00,dry,10,14,24,0.42,OK
BLR042,2025-02-11 02:00:00,dry,10,14,24,0.42,OK
BLR042,2025-02-11 03:00:00,dry,9,15,24,0.38,OK
BLR042,2025-02-11 04:00:00,dry,8,16,24,0.33,OK
BLR042,2025-02-11 05:00:00,dry,7,17,24,0.29,OK
BLR042,2025-02-11 06:00:00,dry,7,17,24,0.29,OK
BLR042,2025-02-11 07:00:00,dry,7,17,24,0.29,OK
BLR042,2025-02-11 08:00:00,dry,9,15,24,0.38,OK
BLR042,2025-02-11 09:00:00,dry,9,15,24,0.38,OK
BLR042,2025-02-11 10:00:00,dry,10,14,24,0.42,OK
BLR042,2025-02-11 11:00:00,dry,10,14,24,0.42,OK
BLR042,2025-02-11 12:00:00,dry,9,15,24,0.38,OK
BLR042,2025-02-11 13:00:00,dry,9,15,24,0.38,OK
BLR042,2025-02-11 14:00:00,dry,9,15,24,0.38,OK
BLR042,2025-02-11 15:00:00,dry,8,16,24,0.33,OK
BLR042,2025-02-11 16:00:00,dry,7,17,24,0.29,OK
BLR042,2025-02-11 17:00:00,dry,7,17,24,0.29,OK
BLR042,2025-02-11 18:00:00,dry,6,18,24,0.25,OK
BLR042,2025-02-11 19:00:00,dry,5,19,24,0.21,OK
BLR042,2025-02-11 20:00:00,dry,4,20,24,0.17,OK
BLR042,2025-02-11 21:00:00,dry,5,19,24,0.21,OK
BLR042,2025-02-11 22:00:00,dry,4,20,24,0.17,OK
BLR042,2025-02-11 23:00:00,dry,4,20,24,0.17,OK
BLR042,2025-02-12 00:00:00,dry,3,21,24,0.12,OK
BLR042,2025-02-12 01:00:00,dry,4,20,24,0.17,OK
BLR042,2025-02-12 02:00:00,dry,3,21,24,0.12,OK
BLR042,2025-02-12 03:00:00,dry,3,21,24,0.12,OK
BLR042,2025-02-12 04:00:00,dry,2,22,24,0.08,Understocked
BLR042,2025-02-12 05:00:00,dry,2,22,24,0.08,Understocked
BLR042,2025-02-12 06:00:00,dry,2,22,24,0.08,Understocked
BLR042,2025-02-12 07:00:00,dry,3,21,24,0.12,OK
BLR042,2025-02-12 08:00:00,dry,4,20,24,0.17,OK
BLR042,2025-02-12 09:00:00,dry,4,20,24,0.17,OK
BLR042,2025-02-12 10:00:00,dry,4,20,24,0.17,OK
BLR042,2025-02-12 11:00:00,dry,5,19,24,0.21,OK
BLR042,2025-02-12 12:00:00,dry,6,18,24,0.25,OK
BLR042,2025-02-12 13:00:00,dry,6,18,24,0.25,OK
BLR042,2025-02-12 14:00:00,dry,6,18,24,0.25,OK
BLR042,2025-02-12 15:00:00,dry,6,18,24,0.25,OK
BLR042,2025-02-12 16:00:00,dry,6,18,24,0.25,OK
BLR042,2025-02-12 17:00:00,dry,6,18,24,0.25,OK
BLR042,2025-02-12 18:00:00,dry,5,19,24,0.21,OK
BLR042,2025-02-12 19:00:00,dry,4,20,24,0.17,OK
BLR042,2025-02-12 20:00:00,dry,2,22,24,0.08,Understocked
BLR042,2025-02-12 21:00:00,dry,3,21,24,0.12,OK
BLR042,2025-02-12 22:00:00,dry,4,20,24,0.17,OK
BLR042,2025-02-12 23:00:00,dry,3,21,24,0.12,OK
BLR042,2025-02-13 00:00:00,dry,2,22,24,0.08,Understocked
BLR042,2025-02-13 01:00:00,dry,2,22,24,0.08,Understocked
BLR042,2025-02-13 02:00:00,dry,1,23,24,0.04,Understocked
BLR042,2025-02-13 03:00:00,dry,2,22,24,0.08,Understocked
BLR042,2025-02-13 04:00:00,dry,1,23,24,0.04,Understocked
BLR042,2025-02-13 05:00:00,dry,0,24,24,0.0,Understocked
BLR042,2025-02-13 06:00:00,dry,1,23,24,0.04,Understocked
BLR042,2025-02-13 07:00:00,dry,1,23,24,0.04,Understocked
BLR042,2025-02-13 08:00:00,dry,3,21,24,0.12,OK
BLR042,2025-02-13 09:00:00,dry,3,21,24,0.12,OK
BLR042,2025-02-13 10:00:00,dry,4,20,24,0.17,OK
BLR042,2025-02-13 11:00:00,dry,5,19,24,0.21,OK
BLR042,2025-02-13 12:00:00,dry,6,18,24,0.25,OK
BLR042,2025-02-13 13:00:00,dry,6,18,24,0.25,OK
BLR042,2025-02-13 14:00:00,dry,5,19,24,0.21,OK
BLR042,2025-02-13 15:00:00,dry,4,20,24,0.17,OK
BLR042,2025-02-13 16:00:00,dry,3,21,24,0.12,OK
BLR042,2025-02-13 17:00:00,dry,2,22,24,0.08,Understocked
BLR042,2025-02-13 18:00:00,dry,0,24,24,0.0,Understocked
BLR042,2025-02-13 19:00:00,dry,0,24,24,0.0,Understocked
BLR042,2025-02-13 20:00:00,dry,0,24,24,0.0,Understocked
BLR042,2025-02-13 21:00:00,dry,0,24,24,0.0,Understocked
BLR042,2025-02-13 22:00:00,dry,0,24,24,0.0,Understocked
BLR042,2025-02-13 23:00:00,dry,0,24,24,0.0,Understocked
BLR042,2025-02-14 00:00:00,dry,0,24,24,0.0,Understocked
BLR042,2025-02-14 01:00:00,dry,0,24,24,0.0,Understocked
BLR042,2025-02-14 02:00:00,dry,1,23,24,0.04,Understocked
BLR042,2025-02-14 03:00:00,dry,2,22,24,0.08,Understocked
BLR042,2025-02-14 04:00:00,dry,2,22,24,0.08,Understocked
BLR042,2025-02-14 05:00:00,dry,2,22,24,0.08,Understocked
BLR042,2025-02-14 06:00:00,dry,2,22,24,0.08,Understocked
BLR042,2025-02-14 07:00:00,dry,2,22,24,0.08,Understocked
BLR042,2025-02-14 08:00:00,dry,2,22,24,0.08,Understocked
BLR042,2025-02-14 09:00:00,dry,3,21,24,0.12,OK
BLR042,2025-02-14 10:00:00,dry,4,20,24,0.17,OK
BLR042,2025-02-14 11:00:00,dry,5,19,24,0.21,OK
BLR042,2025-02-14 12:00:00,dry,5,19,24,0.21,OK
BLR042,2025-02-14 13:00:00,dry,6,18,24,0.25,OK
BLR042,2025-02-14 14:00:00,dry,7,17,24,0.29,OK
BLR042,2025-02-14 15:00:00,dry,8,16,24,0.33,OK
BLR042,2025-02-14 16:00:00,dry,8,16,24,0.33,OK
BLR042,2025-02-14 17:00:00,dry,8,16,24,0.33,OK
BLR042,2025-02-14 18:00:00,dry,7,17,24,0.29,OK
BLR042,2025-02-14 19:00:00,dry,7,17,24,0.29,OK
BLR042,2025-02-14 20:00:00,dry,4,20,24,0.17,OK
BLR042,2025-02-14 21:00:00,dry,5,19,24,0.21,OK
BLR042,2025-02-14 22:00:00,dry,6,18,24,0.25,OK
BLR042,2025-02-14 23:00:00,dry,6,18,24,0.25,OK
BLR042,2025-02-15 00:00:00,dry,5,19,24,0.21,OK
BLR042,2025-02-15 01:00:00,dry,6,18,24,0.25,OK
BLR042,2025-02-15 02:00:00,dry,7,17,24,0.29,OK
BLR042,2025-02-15 03:00:00,dry,8,16,24,0.33,OK
BLR042,2025-02-15 04:00:00,dry,9,15,24,0.38,OK
BLR042,2025-02-15 05:00:00,dry,9,15,24,0.38,OK
BLR042,2025-02-15 06:00:00,dry,9,15,24,0.38,OK
BLR042,2025-02-15 07:00:00,dry,10,14,24,0.42,OK
BLR042,2025-02-15 08:00:00,dry,10,14,24,0.42,OK
BLR042,2025-02-15 09:00:00,dry,11,13,24,0.46,OK
BLR042,2025-02-15 10:00:00,dry,11,13,24,0.46,OK
BLR042,2025-02-15 11:00:00,dry,10,14,24,0.42,OK
BLR042,2025-02-15 12:00:00,dry,11,13,24,0.46,OK
BLR042,2025-02-15 13:00:00,dry,12,12,24,0.5,OK
BLR042,2025-02-15 14:00:00,dry,12,12,24,0.5,OK
BLR042,2025-02-15 15:00:00,dry,11,13,24,0.46,OK
BLR042,2025-02-15 16:00:00,dry,10,14,24,0.42,OK
BLR042,2025-02-15 17:00:00,dry,9,15,24,0.38,OK
BLR042,2025-02-15 18:00:00,dry,5,19,24,0.21,OK
BLR042,2025-02-15 19:00:00,dry,5,19,24,0.21,OK
BLR042,2025-02-15 20:00:00,dry,3,21,24,0.12,OK
BLR042,2025-02-15 21:00:00,dry,3,21,24,0.12,OK
BLR042,2025-02-15 22:00:00,dry,3,21,24,0.12,OK
BLR042,2025-02-15 23:00:00,dry,2,22,24,0.08,Understocked
BLR042,2025-02-16 00:00:00,dry,2,22,24,0.08,Understocked
BLR042,2025-02-16 01:00:00,dry,1,23,24,0.04,Understocked
BLR042,2025-02-16 02:00:00,dry,0,24,24,0.0,Understocked
BLR042,2025-02-16 03:00:00,dry,1,23,24,0.04,Understocked
BLR042,2025-02-16 04:00:00,dry,2,22,24,0.08,Understocked
BLR042,2025-02-16 05:00:00,dry,3,21,24,0.12,OK
BLR042,2025-02-16 06:00:00,dry,4,20,24,0.17,OK
BLR042,2025-02-16 07:00:00,dry,4,20,24,0.17,OK
BLR042,2025-02-16 08:00:00,dry,5,19,24,0.21,OK
BLR042,2025-02-16 09:00:00,dry,5,19,24,0.21,OK
BLR042,2025-02-16 10:00:00,dry,5,19,24,0.21,OK
BLR042,2025-02-16 11:00:00,dry,4,20,24,0.17,OK
BLR042,2025-02-16 12:00:00,dry,3,21,24,0.12,OK
BLR042,2025-02-16 13:00:00,dry,4,20,24,0.17,OK
BLR042,2025-02-16 14:00:00,dry,4,20,24,0.17,OK
BLR042,2025-02-16 15:00:00,dry,4,20,24,0.17,OK
BLR042,2025-02-16 16:00:00,dry,4,20,24,0.17,OK
BLR042,2025-02-16 17:00:00,dry,4,20,24,0.17,OK
BLR042,2025-02-16 18:00:00,dry,3,21,24,0.12,OK
BLR042,2025-02-16 19:00:00,dry,2,22,24,0.08,Understocked
BLR042,2025-02-16 20:00:00,dry,0,24,24,0.0,Understocked
BLR042,2025-02-16 21:00:00,dry,0,24,24,0.0,Understocked
BLR042,2025-02-16 22:00:00,dry,1,23,24,0.04,Understocked
BLR042,2025-02-16 23:00:00,dry,2,22,24,0.08,Understocked
BLR001,2025-07-14 00:00:00,monsoon,11,5,16,0.69,OK
BLR001,2025-07-14 01:00:00,monsoon,10,6,16,0.62,OK
BLR001,2025-07-14 02:00:00,monsoon,10,6,16,0.62,OK
BLR001,2025-07-14 03:00:00,monsoon,10,6,16,0.62,OK
BLR001,2025-07-14 04:00:00,monsoon,10,6,16,0.62,OK
BLR001,2025-07-14 05:00:00,monsoon,9,7,16,0.56,OK
BLR001,2025-07-14 06:00:00,monsoon,9,7,16,0.56,OK
BLR001,2025-07-14 07:00:00,monsoon,7,9,16,0.44,OK
BLR001,2025-07-14 08:00:00,monsoon,7,9,16,0.44,OK
BLR001,2025-07-14 09:00:00,monsoon,7,9,16,0.44,OK
BLR001,2025-07-14 10:00:00,monsoon,7,9,16,0.44,OK
BLR001,2025-07-14 11:00:00,monsoon,7,9,16,0.44,OK
BLR001,2025-07-14 12:00:00,monsoon,6,10,16,0.38,OK
BLR001,2025-07-14 13:00:00,monsoon,5,11,16,0.31,OK
BLR001,2025-07-14 14:00:00,monsoon,5,11,16,0.31,OK
BLR001,2025-07-14 15:00:00,monsoon,5,11,16,0.31,OK
BLR001,2025-07-14 16:00:00,monsoon,5,11,16,0.31,OK
BLR001,2025-07-14 17:00:00,monsoon,5,11,16,0.31,OK
BLR001,2025-07-14 18:00:00,monsoon,7,9,16,0.44,OK
BLR001,2025-07-14 19:00:00,monsoon,8,8,16,0.5,OK
BLR001,2025-07-14 20:00:00,monsoon,9,7,16,0.56,OK
BLR001,2025-07-14 21:00:00,monsoon,9,7,16,0.56,OK
BLR001,2025-07-14 22:00:00,monsoon,8,8,16,0.5,OK
BLR001,2025-07-14 23:00:00,monsoon,8,8,16,0.5,OK
BLR001,2025-07-15 00:00:00,monsoon,7,9,16,0.44,OK
BLR001,2025-07-15 01:00:00,monsoon,7,9,16,0.44,OK
BLR001,2025-07-15 02:00:00,monsoon,7,9,16,0.44,OK
BLR001,2025-07-15 03:00:00,monsoon,7,9,16,0.44,OK
BLR001,2025-07-15 04:00:00,monsoon,7,9,16,0.44,OK
BLR001,2025-07-15 05:00:00,monsoon,7,9,16,0.44,OK
BLR001,2025-07-15 06:00:00,monsoon,7,9,16,0.44,OK
BLR001,2025-07-15 07:00:00,monsoon,7,9,16,0.44,OK
BLR001,2025-07-15 08:00:00,monsoon,5,11,16,0.31,OK
BLR001,2025-07-15 09:00:00,monsoon,4,12,16,0.25,OK
BLR001,2025-07-15 10:00:00,monsoon,4,12,16,0.25,OK
BLR001,2025-07-15 11:00:00,monsoon,4,12,16,0.25,OK
BLR001,2025-07-15 12:00:00,monsoon,3,13,16,0.19,OK
BLR001,2025-07-15 13:00:00,monsoon,4,12,16,0.25,OK
BLR001,2025-07-15 14:00:00,monsoon,4,12,16,0.25,OK
BLR001,2025-07-15 15:00:00,monsoon,3,13,16,0.19,OK
BLR001,2025-07-15 16:00:00,monsoon,3,13,16,0.19,OK
BLR001,2025-07-15 17:00:00,monsoon,4,12,16,0.25,OK
BLR001,2025-07-15 18:00:00,monsoon,5,11,16,0.31,OK
BLR001,2025-07-15 19:00:00,monsoon,5,11,16,0.31,OK
BLR001,2025-07-15 20:00:00,monsoon,5,11,16,0.31,OK
BLR001,2025-07-15 21:00:00,monsoon,5,11,16,0.31,OK
BLR001,2025-07-15 22:00:00,monsoon,5,11,16,0.31,OK
BLR001,2025-07-15 23:00:00,monsoon,5,11,16,0.31,OK
BLR001,2025-07-16 00:00:00,monsoon,5,11,16,0.31,OK
BLR001,2025-07-16 01:00:00,monsoon,5,11,16,0.31,OK
BLR001,2025-07-16 02:00:00,monsoon,5,11,16,0.31,OK
BLR001,2025-07-16 03:00:00,monsoon,5,11,16,0.31,OK
BLR001,2025-07-16 04:00:00,monsoon,4,12,16,0.25,OK
BLR001,2025-07-16 05:00:00,monsoon,5,11,16,0.31,OK
BLR001,2025-07-16 06:00:00,monsoon,5,11,16,0.31,OK
BLR001,2025-07-16 07:00:00,monsoon,5,11,16,0.31,OK
BLR001,2025-07-16 08:00:00,monsoon,3,13,16,0.19,OK
BLR001,2025-07-16 09:00:00,monsoon,3,13,16,0.19,OK
BLR001,2025-07-16 10:00:00,monsoon,2,14,16,0.12,OK
BLR001,2025-07-16 11:00:00,monsoon,2,14,16,0.12,OK
BLR001,2025-07-16 12:00:00,monsoon,2,14,16,0.12,OK
BLR001,2025-07-16 13:00:00,monsoon,2,14,16,0.12,OK
BLR001,2025-07-16 14:00:00,monsoon,1,15,16,0.06,Understocked
BLR001,2025-07-16 15:00:00,monsoon,1,15,16,0.06,Understocked
BLR001,2025-07-16 16:00:00,monsoon,2,14,16,0.12,OK
BLR001,2025-07-16 17:00:00,monsoon,2,14,16,0.12,OK
BLR001,2025-07-16 18:00:00,monsoon,2,14,16,0.12,OK
BLR001,2025-07-16 19:00:00,monsoon,2,14,16,0.12,OK
BLR001,2025-07-16 20:00:00,monsoon,2,14,16,0.12,OK
BLR001,2025-07-16 21:00:00,monsoon,2,14,16,0.12,OK
BLR001,2025-07-16 22:00:00,monsoon,1,15,16,0.06,Understocked
BLR001,2025-07-16 23:00:00,monsoon,2,14,16,0.12,OK
BLR001,2025-07-17 00:00:00,monsoon,2,14,16,0.12,OK
BLR001,2025-07-17 01:00:00,monsoon,2,14,16,0.12,OK
BLR001,2025-07-17 02:00:00,monsoon,1,15,16,0.06,Understocked
BLR001,2025-07-17 03:00:00,monsoon,0,16,16,0.0,Understocked
BLR001,2025-07-17 04:00:00,monsoon,0,16,16,0.0,Understocked
BLR001,2025-07-17 05:00:00,monsoon,0,16,16,0.0,Understocked
BLR001,2025-07-17 06:00:00,monsoon,0,16,16,0.0,Understocked
BLR001,2025-07-17 07:00:00,monsoon,0,16,16,0.0,Understocked
BLR001,2025-07-17 08:00:00,monsoon,0,16,16,0.0,Understocked
BLR001,2025-07-17 09:00:00,monsoon,0,16,16,0.0,Understocked
BLR001,2025-07-17 10:00:00,monsoon,0,16,16,0.0,Understocked
BLR001,2025-07-17 11:00:00,monsoon,1,15,16,0.06,Understocked
BLR001,2025-07-17 12:00:00,monsoon,1,15,16,0.06,Understocked
BLR001,2025-07-17 13:00:00,monsoon,0,16,16,0.0,Understocked
BLR001,2025-07-17 14:00:00,monsoon,0,16,16,0.0,Understocked
BLR001,2025-07-17 15:00:00,monsoon,0,16,16,0.0,Understocked
BLR001,2025-07-17 16:00:00,monsoon,0,16,16,0.0,Understocked
BLR001,2025-07-17 17:00:00,monsoon,0,16,16,0.0,Understocked
BLR001,2025-07-17 18:00:00,monsoon,0,16,16,0.0,Understocked
BLR001,2025-07-17 19:00:00,monsoon,2,14,16,0.12,OK
BLR001,2025-07-17 20:00:00,monsoon,4,12,16,0.25,OK
BLR001,2025-07-17 21:00:00,monsoon,4,12,16,0.25,OK
BLR001,2025-07-17 22:00:00,monsoon,5,11,16,0.31,OK
BLR001,2025-07-17 23:00:00,monsoon,5,11,16,0.31,OK
BLR001,2025-07-18 00:00:00,monsoon,5,11,16,0.31,OK
BLR001,2025-07-18 01:00:00,monsoon,6,10,16,0.38,OK
BLR001,2025-07-18 02:00:00,monsoon,7,9,16,0.44,OK
BLR001,2025-07-18 03:00:00,monsoon,7,9,16,0.44,OK
BLR001,2025-07-18 04:00:00,monsoon,7,9,16,0.44,OK
BLR001,2025-07-18 05:00:00,monsoon,7,9,16,0.44,OK
BLR001,2025-07-18 06:00:00,monsoon,6,10,16,0.38,OK
BLR001,2025-07-18 07:00:00,monsoon,5,11,16,0.31,OK
BLR001,2025-07-18 08:00:00,monsoon,1,15,16,0.06,Understocked
BLR001,2025-07-18 09:00:00,monsoon,1,15,16,0.06,Understocked
BLR001,2025-07-18 10:00:00,monsoon,0,16,16,0.0,Understocked
BLR001,2025-07-18 11:00:00,monsoon,1,15,16,0.06,Understocked
BLR001,2025-07-18 12:00:00,monsoon,2,14,16,0.12,OK
BLR001,2025-07-18 13:00:00,monsoon,2,14,16,0.12,OK
BLR001,2025-07-18 14:00:00,monsoon,2,14,16,0.12,OK
BLR001,2025-07-18 15:00:00,monsoon,2,14,16,0.12,OK
BLR001,2025-07-18 16:00:00,monsoon,1,15,16,0.06,Understocked
BLR001,2025-07-18 17:00:00,monsoon,2,14,16,0.12,OK
BLR001,2025-07-18 18:00:00,monsoon,3,13,16,0.19,OK
BLR001,2025-07-18 19:00:00,monsoon,5,11,16,0.31,OK
BLR001,2025-07-18 20:00:00,monsoon,5,11,16,0.31,OK
BLR001,2025-07-18 21:00:00,monsoon,5,11,16,0.31,OK
BLR001,2025-07-18 22:00:00,monsoon,5,11,16,0.31,OK
BLR001,2025-07-18 23:00:00,monsoon,5,11,16,0.31,OK
BLR001,2025-07-19 00:00:00,monsoon,4,12,16,0.25,OK
BLR001,2025-07-19 01:00:00,monsoon,5,11,16,0.31,OK
BLR001,2025-07-19 02:00:00,monsoon,5,11,16,0.31,OK
BLR001,2025-07-19 03:00:00,monsoon,5,11,16,0.31,OK
BLR001,2025-07-19 04:00:00,monsoon,4,12,16,0.25,OK
BLR001,2025-07-19 05:00:00,monsoon,4,12,16,0.25,OK
BLR001,2025-07-19 06:00:00,monsoon,3,13,16,0.19,OK
BLR001,2025-07-19 07:00:00,monsoon,2,14,16,0.12,OK
BLR001,2025-07-19 08:00:00,monsoon,2,14,16,0.12,OK
BLR001,2025-07-19 09:00:00,monsoon,0,16,16,0.0,Understocked
BLR001,2025-07-19 10:00:00,monsoon,0,16,16,0.0,Understocked
BLR001,2025-07-19 11:00:00,monsoon,0,16,16,0.0,Understocked
BLR001,2025-07-19 12:00:00,monsoon,0,16,16,0.0,Understocked
BLR001,2025-07-19 13:00:00,monsoon,0,16,16,0.0,Understocked
BLR001,2025-07-19 14:00:00,monsoon,1,15,16,0.06,Understocked
BLR001,2025-07-19 15:00:00,monsoon,2,14,16,0.12,OK
BLR001,2025-07-19 16:00:00,monsoon,3,13,16,0.19,OK
BLR001,2025-07-19 17:00:00,monsoon,3,13,16,0.19,OK
BLR001,2025-07-19 18:00:00,monsoon,3,13,16,0.19,OK
BLR001,2025-07-19 19:00:00,monsoon,3,13,16,0.19,OK
BLR001,2025-07-19 20:00:00,monsoon,3,13,16,0.19,OK
BLR001,2025-07-19 21:00:00,monsoon,2,14,16,0.12,OK
BLR001,2025-07-19 22:00:00,monsoon,2,14,16,0.12,OK
BLR001,2025-07-19 23:00:00,monsoon,2,14,16,0.12,OK
BLR001,2025-07-20 00:00:00,monsoon,1,15,16,0.06,Understocked
BLR001,2025-07-20 01:00:00,monsoon,1,15,16,0.06,Understocked
BLR001,2025-07-20 02:00:00,monsoon,1,15,16,0.06,Understocked
BLR001,2025-07-20 03:00:00,monsoon,0,16,16,0.0,Understocked
BLR001,2025-07-20 04:00:00,monsoon,0,16,16,0.0,Understocked
BLR001,2025-07-20 05:00:00,monsoon,0,16,16,0.0,Understocked
BLR001,2025-07-20 06:00:00,monsoon,0,16,16,0.0,Understocked
BLR001,2025-07-20 07:00:00,monsoon,0,16,16,0.0,Understocked
BLR001,2025-07-20 08:00:00,monsoon,0,16,16,0.0,Understocked
BLR001,2025-07-20 09:00:00,monsoon,0,16,16,0.0,Understocked
BLR001,2025-07-20 10:00:00,monsoon,0,16,16,0.0,Understocked
BLR001,2025-07-20 11:00:00,monsoon,0,16,16,0.0,Understocked
BLR001,2025-07-20 12:00:00,monsoon,0,16,16,0.0,Understocked
BLR001,2025-07-20 13:00:00,monsoon,0,16,16,0.0,Understocked
BLR001,2025-07-20 14:00:00,monsoon,0,16,16,0.0,Understocked
BLR001,2025-07-20 15:00:00,monsoon,0,16,16,0.0,Understocked
BLR001,2025-07-20 16:00:00,monsoon,1,15,16,0.06,Understocked
BLR001,2025-07-20 17:00:00,monsoon,1,15,16,0.06,Understocked
BLR001,2025-07-20 18:00:00,monsoon,2,14,16,0.12,OK
BLR001,2025-07-20 19:00:00,monsoon,2,14,16,0.12,OK
BLR001,2025-07-20 20:00:00,monsoon,3,13,16,0.19,OK
BLR001,2025-07-20 21:00:00,monsoon,2,14,16,0.12,OK
BLR001,2025-07-20 22:00:00,monsoon,2,14,16,0.12,OK
BLR001,2025-07-20 23:00:00,monsoon,2,14,16,0.12,OK
BLR002,2025-07-14 00:00:00,monsoon,8,16,24,0.33,OK
BLR002,2025-07-14 01:00:00,monsoon,8,16,24,0.33,OK
BLR002,2025-07-14 02:00:00,monsoon,8,16,24,0.33,OK
BLR002,2025-07-14 03:00:00,monsoon,9,15,24,0.38,OK
BLR002,2025-07-14 04:00:00,monsoon,9,15,24,0.38,OK
BLR002,2025-07-14 05:00:00,monsoon,9,15,24,0.38,OK
BLR002,2025-07-14 06:00:00,monsoon,9,15,24,0.38,OK
BLR002,2025-07-14 07:00:00,monsoon,9,15,24,0.38,OK
BLR002,2025-07-14 08:00:00,monsoon,9,15,24,0.38,OK
BLR002,2025-07-14 09:00:00,monsoon,9,15,24,0.38,OK
BLR002,2025-07-14 10:00:00,monsoon,9,15,24,0.38,OK
BLR002,2025-07-14 11:00:00,monsoon,9,15,24,0.38,OK
BLR002,2025-07-14 12:00:00,monsoon,8,16,24,0.33,OK
BLR002,2025-07-14 13:00:00,monsoon,8,16,24,0.33,OK
BLR002,2025-07-14 14:00:00,monsoon,8,16,24,0.33,OK
BLR002,2025-07-14 15:00:00,monsoon,8,16,24,0.33,OK
BLR002,2025-07-14 16:00:00,monsoon,8,16,24,0.33,OK
BLR002,2025-07-14 17:00:00,monsoon,5,19,24,0.21,OK
BLR002,2025-07-14 18:00:00,monsoon,5,19,24,0.21,OK
BLR002,2025-07-14 19:00:00,monsoon,5,19,24,0.21,OK
BLR002,2025-07-14 20:00:00,monsoon,5,19,24,0.21,OK
BLR002,2025-07-14 21:00:00,monsoon,4,20,24,0.17,OK
BLR002,2025-07-14 22:00:00,monsoon,3,21,24,0.12,OK
BLR002,2025-07-14 23:00:00,monsoon,4,20,24,0.17,OK
BLR002,2025-07-15 00:00:00,monsoon,5,19,24,0.21,OK
BLR002,2025-07-15 01:00:00,monsoon,5,19,24,0.21,OK
BLR002,2025-07-15 02:00:00,monsoon,5,19,24,0.21,OK
BLR002,2025-07-15 03:00:00,monsoon,6,18,24,0.25,OK
BLR002,2025-07-15 04:00:00,monsoon,5,19,24,0.21,OK
BLR002,2025-07-15 05:00:00,monsoon,5,19,24,0.21,OK
BLR002,2025-07-15 06:00:00,monsoon,4,20,24,0.17,OK
BLR002,2025-07-15 07:00:00,monsoon,8,16,24,0.33,OK
BLR002,2025-07-15 08:00:00,monsoon,8,16,24,0.33,OK
BLR002,2025-07-15 09:00:00,monsoon,9,15,24,0.38,OK
BLR002,2025-07-15 10:00:00,monsoon,9,15,24,0.38,OK
BLR002,2025-07-15 11:00:00,monsoon,9,15,24,0.38,OK
BLR002,2025-07-15 12:00:00,monsoon,9,15,24,0.38,OK
BLR002,2025-07-15 13:00:00,monsoon,9,15,24,0.38,OK
BLR002,2025-07-15 14:00:00,monsoon,9,15,24,0.38,OK
BLR002,2025-07-15 15:00:00,monsoon,10,14,24,0.42,OK
BLR002,2025-07-15 16:00:00,monsoon,10,14,24,0.42,OK
BLR002,2025-07-15 17:00:00,monsoon,9,15,24,0.38,OK
BLR002,2025-07-15 18:00:00,monsoon,7,17,24,0.29,OK
BLR002,2025-07-15 19:00:00,monsoon,6,18,24,0.25,OK
BLR002,2025-07-15 20:00:00,monsoon,5,19,24,0.21,OK
BLR002,2025-07-15 21:00:00,monsoon,6,18,24,0.25,OK
BLR002,2025-07-15 22:00:00,monsoon,5,19,24,0.21,OK
BLR002,2025-07-15 23:00:00,monsoon,5,19,24,0.21,OK
BLR002,2025-07-16 00:00:00,monsoon,5,19,24,0.21,OK
BLR002,2025-07-16 01:00:00,monsoon,5,19,24,0.21,OK
BLR002,2025-07-16 02:00:00,monsoon,5,19,24,0.21,OK
BLR002,2025-07-16 03:00:00,monsoon,5,19,24,0.21,OK
BLR002,2025-07-16 04:00:00,monsoon,4,20,24,0.17,OK
BLR002,2025-07-16 05:00:00,monsoon,5,19,24,0.21,OK
BLR002,2025-07-16 06:00:00,monsoon,5,19,24,0.21,OK
BLR002,2025-07-16 07:00:00,monsoon,6,18,24,0.25,OK
BLR002,2025-07-16 08:00:00,monsoon,8,16,24,0.33,OK
BLR002,2025-07-16 09:00:00,monsoon,10,14,24,0.42,OK
BLR002,2025-07-16 10:00:00,monsoon,10,14,24,0.42,OK
BLR002,2025-07-16 11:00:00,monsoon,9,15,24,0.38,OK
BLR002,2025-07-16 12:00:00,monsoon,9,15,24,0.38,OK
BLR002,2025-07-16 13:00:00,monsoon,9,15,24,0.38,OK
BLR002,2025-07-16 14:00:00,monsoon,9,15,24,0.38,OK
BLR002,2025-07-16 15:00:00,monsoon,9,15,24,0.38,OK
BLR002,2025-07-16 16:00:00,monsoon,9,15,24,0.38,OK
BLR002,2025-07-16 17:00:00,monsoon,9,15,24,0.38,OK
BLR002,2025-07-16 18:00:00,monsoon,8,16,24,0.33,OK
BLR002,2025-07-16 19:00:00,monsoon,7,17,24,0.29,OK
BLR002,2025-07-16 20:00:00,monsoon,5,19,24,0.21,OK
BLR002,2025-07-16 21:00:00,monsoon,6,18,24,0.25,OK
BLR002,2025-07-16 22:00:00,monsoon,6,18,24,0.25,OK
BLR002,2025-07-16 23:00:00,monsoon,6,18,24,0.25,OK
BLR002,2025-07-17 00:00:00,monsoon,5,19,24,0.21,OK
BLR002,2025-07-17 01:00:00,monsoon,5,19,24,0.21,OK
BLR002,2025-07-17 02:00:00,monsoon,4,20,24,0.17,OK
BLR002,2025-07-17 03:00:00,monsoon,3,21,24,0.12,OK
BLR002,2025-07-17 04:00:00,monsoon,3,21,24,0.12,OK
BLR002,2025-07-17 05:00:00,monsoon,4,20,24,0.17,OK
BLR002,2025-07-17 06:00:00,monsoon,5,19,24,0.21,OK
BLR002,2025-07-17 07:00:00,monsoon,5,19,24,0.21,OK
BLR002,2025-07-17 08:00:00,monsoon,7,17,24,0.29,OK
BLR002,2025-07-17 09:00:00,monsoon,9,15,24,0.38,OK
BLR002,2025-07-17 10:00:00,monsoon,9,15,24,0.38,OK
BLR002,2025-07-17 11:00:00,monsoon,9,15,24,0.38,OK
BLR002,2025-07-17 12:00:00,monsoon,9,15,24,0.38,OK
BLR002,2025-07-17 13:00:00,monsoon,10,14,24,0.42,OK
BLR002,2025-07-17 14:00:00,monsoon,9,15,24,0.38,OK
BLR002,2025-07-17 15:00:00,monsoon,9,15,24,0.38,OK
BLR002,2025-07-17 16:00:00,monsoon,10,14,24,0.42,OK
BLR002,2025-07-17 17:00:00,monsoon,10,14,24,0.42,OK
BLR002,2025-07-17 18:00:00,monsoon,10,14,24,0.42,OK
BLR002,2025-07-17 19:00:00,monsoon,9,15,24,0.38,OK
BLR002,2025-07-17 20:00:00,monsoon,8,16,24,0.33,OK
BLR002,2025-07-17 21:00:00,monsoon,8,16,24,0.33,OK
BLR002,2025-07-17 22:00:00,monsoon,8,16,24,0.33,OK
BLR002,2025-07-17 23:00:00,monsoon,8,16,24,0.33,OK
BLR002,2025-07-18 00:00:00,monsoon,7,17,24,0.29,OK
BLR002,2025-07-18 01:00:00,monsoon,7,17,24,0.29,OK
BLR002,2025-07-18 02:00:00,monsoon,6,18,24,0.25,OK
BLR002,2025-07-18 03:00:00,monsoon,6,18,24,0.25,OK
BLR002,2025-07-18 04:00:00,monsoon,7,17,24,0.29,OK
BLR002,2025-07-18 05:00:00,monsoon,7,17,24,0.29,OK
BLR002,2025-07-18 06:00:00,monsoon,7,17,24,0.29,OK
BLR002,2025-07-18 07:00:00,monsoon,7,17,24,0.29,OK
BLR002,2025-07-18 08:00:00,monsoon,8,16,24,0.33,OK
BLR002,2025-07-18 09:00:00,monsoon,9,15,24,0.38,OK
BLR002,2025-07-18 10:00:00,monsoon,10,14,24,0.42,OK
BLR002,2025-07-18 11:00:00,monsoon,10,14,24,0.42,OK
BLR002,2025-07-18 12:00:00,monsoon,10,14,24,0.42,OK
BLR002,2025-07-18 13:00:00,monsoon,10,14,24,0.42,OK
BLR002,2025-07-18 14:00:00,monsoon,10,14,24,0.42,OK
BLR002,2025-07-18 15:00:00,monsoon,10,14,24,0.42,OK
BLR002,2025-07-18 16:00:00,monsoon,11,13,24,0.46,OK
BLR002,2025-07-18 17:00:00,monsoon,11,13,24,0.46,OK
BLR002,2025-07-18 18:00:00,monsoon,11,13,24,0.46,OK
BLR002,2025-07-18 19:00:00,monsoon,9,15,24,0.38,OK
BLR002,2025-07-18 20:00:00,monsoon,7,17,24,0.29,OK
BLR002,2025-07-18 21:00:00,monsoon,7,17,24,0.29,OK
BLR002,2025-07-18 22:00:00,monsoon,7,17,24,0.29,OK
BLR002,2025-07-18 23:00:00,monsoon,8,16,24,0.33,OK
BLR002,2025-07-19 00:00:00,monsoon,8,16,24,0.33,OK
BLR002,2025-07-19 01:00:00,monsoon,7,17,24,0.29,OK
BLR002,2025-07-19 02:00:00,monsoon,7,17,24,0.29,OK
BLR002,2025-07-19 03:00:00,monsoon,7,17,24,0.29,OK
BLR002,2025-07-19 04:00:00,monsoon,7,17,24,0.29,OK
BLR002,2025-07-19 05:00:00,monsoon,7,17,24,0.29,OK
BLR002,2025-07-19 06:00:00,monsoon,7,17,24,0.29,OK
BLR002,2025-07-19 07:00:00,monsoon,7,17,24,0.29,OK
BLR002,2025-07-19 08:00:00,monsoon,7,17,24,0.29,OK
BLR002,2025-07-19 09:00:00,monsoon,7,17,24,0.29,OK
BLR002,2025-07-19 10:00:00,monsoon,7,17,24,0.29,OK
BLR002,2025-07-19 11:00:00,monsoon,6,18,24,0.25,OK
BLR002,2025-07-19 12:00:00,monsoon,7,17,24,0.29,OK
BLR002,2025-07-19 13:00:00,monsoon,7,17,24,0.29,OK
BLR002,2025-07-19 14:00:00,monsoon,6,18,24,0.25,OK
BLR002,2025-07-19 15:00:00,monsoon,7,17,24,0.29,OK
BLR002,2025-07-19 16:00:00,monsoon,8,16,24,0.33,OK
BLR002,2025-07-19 17:00:00,monsoon,8,16,24,0.33,OK
BLR002,2025-07-19 18:00:00,monsoon,6,18,24,0.25,OK
BLR002,2025-07-19 19:00:00,monsoon,3,21,24,0.12,OK
BLR002,2025-07-19 20:00:00,monsoon,2,22,24,0.08,Understocked
BLR002,2025-07-19 21:00:00,monsoon,2,22,24,0.08,Understocked
BLR002,2025-07-19 22:00:00,monsoon,3,21,24,0.12,OK
BLR002,2025-07-19 23:00:00,monsoon,3,21,24,0.12,OK
BLR002,2025-07-20 00:00:00,monsoon,4,20,24,0.17,OK
BLR002,2025-07-20 01:00:00,monsoon,4,20,24,0.17,OK
BLR002,2025-07-20 02:00:00,monsoon,4,20,24,0.17,OK
BLR002,2025-07-20 03:00:00,monsoon,5,19,24,0.21,OK
BLR002,2025-07-20 04:00:00,monsoon,5,19,24,0.21,OK
BLR002,2025-07-20 05:00:00,monsoon,4,20,24,0.17,OK
BLR002,2025-07-20 06:00:00,monsoon,4,20,24,0.17,OK
BLR002,2025-07-20 07:00:00,monsoon,5,19,24,0.21,OK
BLR002,2025-07-20 08:00:00,monsoon,6,18,24,0.25,OK
BLR002,2025-07-20 09:00:00,monsoon,6,18,24,0.25,OK
BLR002,2025-07-20 10:00:00,monsoon,6,18,24,0.25,OK
BLR002,2025-07-20 11:00:00,monsoon,5,19,24,0.21,OK
BLR002,2025-07-20 12:00:00,monsoon,4,20,24,0.17,OK
BLR002,2025-07-20 13:00:00,monsoon,4,20,24,0.17,OK
BLR002,2025-07-20 14:00:00,monsoon,3,21,24,0.12,OK
BLR002,2025-07-20 15:00:00,monsoon,2,22,24,0.08,Understocked
BLR002,2025-07-20 16:00:00,monsoon,1,23,24,0.04,Understocked
BLR002,2025-07-20 17:00:00,monsoon,0,24,24,0.0,Understocked
BLR002,2025-07-20 18:00:00,monsoon,0,24,24,0.0,Understocked
BLR002,2025-07-20 19:00:00,monsoon,0,24,24,0.0,Understocked
BLR002,2025-07-20 20:00:00,monsoon,0,24,24,0.0,Understocked
BLR002,2025-07-20 21:00:00,monsoon,0,24,24,0.0,Understocked
BLR002,2025-07-20 22:00:00,monsoon,0,24,24,0.0,Understocked
BLR002,2025-07-20 23:00:00,monsoon,0,24,24,0.0,Understocked
BLR003,2025-07-14 00:00:00,monsoon,13,7,20,0.65,OK
BLR003,2025-07-14 01:00:00,monsoon,13,7,20,0.65,OK
BLR003,2025-07-14 02:00:00,monsoon,12,8,20,0.6,OK
BLR003,2025-07-14 03:00:00,monsoon,12,8,20,0.6,OK
BLR003,2025-07-14 04:00:00,monsoon,13,7,20,0.65,OK
BLR003,2025-07-14 05:00:00,monsoon,14,6,20,0.7,OK
BLR003,2025-07-14 06:00:00,monsoon,14,6,20,0.7,OK
BLR003,2025-07-14 07:00:00,monsoon,16,4,20,0.8,OK
BLR003,2025-07-14 08:00:00,monsoon,17,3,20,0.85,OK
BLR003,2025-07-14 09:00:00,monsoon,17,3,20,0.85,OK
BLR003,2025-07-14 10:00:00,monsoon,17,3,20,0.85,OK
BLR003,2025-07-14 11:00:00,monsoon,17,3,20,0.85,OK
BLR003,2025-07-14 12:00:00,monsoon,16,4,20,0.8,OK
BLR003,2025-07-14 13:00:00,monsoon,16,4,20,0.8,OK
BLR003,2025-07-14 14:00:00,monsoon,16,4,20,0.8,OK
BLR003,2025-07-14 15:00:00,monsoon,16,4,20,0.8,OK
BLR003,2025-07-14 16:00:00,monsoon,16,4,20,0.8,OK
BLR003,2025-07-14 17:00:00,monsoon,16,4,20,0.8,OK
BLR003,2025-07-14 18:00:00,monsoon,16,4,20,0.8,OK
BLR003,2025-07-14 19:00:00,monsoon,16,4,20,0.8,OK
BLR003,2025-07-14 20:00:00,monsoon,13,7,20,0.65,OK
BLR003,2025-07-14 21:00:00,monsoon,13,7,20,0.65,OK
BLR003,2025-07-14 22:00:00,monsoon,13,7,20,0.65,OK
BLR003,2025-07-14 23:00:00,monsoon,13,7,20,0.65,OK
BLR003,2025-07-15 00:00:00,monsoon,12,8,20,0.6,OK
BLR003,2025-07-15 01:00:00,monsoon,12,8,20,0.6,OK
BLR003,2025-07-15 02:00:00,monsoon,12,8,20,0.6,OK
BLR003,2025-07-15 03:00:00,monsoon,13,7,20,0.65,OK
BLR003,2025-07-15 04:00:00,monsoon,13,7,20,0.65,OK
BLR003,2025-07-15 05:00:00,monsoon,14,6,20,0.7,OK
BLR003,2025-07-15 06:00:00,monsoon,14,6,20,0.7,OK
BLR003,2025-07-15 07:00:00,monsoon,14,6,20,0.7,OK
BLR003,2025-07-15 08:00:00,monsoon,15,5,20,0.75,OK
BLR003,2025-07-15 09:00:00,monsoon,16,4,20,0.8,OK
BLR003,2025-07-15 10:00:00,monsoon,16,4,20,0.8,OK
BLR003,2025-07-15 11:00:00,monsoon,16,4,20,0.8,OK
BLR003,2025-07-15 12:00:00,monsoon,16,4,20,0.8,OK
BLR003,2025-07-15 13:00:00,monsoon,16,4,20,0.8,OK
BLR003,2025-07-15 14:00:00,monsoon,15,5,20,0.75,OK
BLR003,2025-07-15 15:00:00,monsoon,16,4,20,0.8,OK
BLR003,2025-07-15 16:00:00,monsoon,16,4,20,0.8,OK
BLR003,2025-07-15 17:00:00,monsoon,14,6,20,0.7,OK
BLR003,2025-07-15 18:00:00,monsoon,11,9,20,0.55,OK
BLR003,2025-07-15 19:00:00,monsoon,10,10,20,0.5,OK
BLR003,2025-07-15 20:00:00,monsoon,10,10,20,0.5,OK
BLR003,2025-07-15 21:00:00,monsoon,10,10,20,0.5,OK
BLR003,2025-07-15 22:00:00,monsoon,10,10,20,0.5,OK
BLR003,2025-07-15 23:00:00,monsoon,9,11,20,0.45,OK
BLR003,2025-07-16 00:00:00,monsoon,9,11,20,0.45,OK
BLR003,2025-07-16 01:00:00,monsoon,9,11,20,0.45,OK
BLR003,2025-07-16 02:00:00,monsoon,10,10,20,0.5,OK
BLR003,2025-07-16 03:00:00,monsoon,10,10,20,0.5,OK
BLR003,2025-07-16 04:00:00,monsoon,10,10,20,0.5,OK
BLR003,2025-07-16 05:00:00,monsoon,10,10,20,0.5,OK
BLR003,2025-07-16 06:00:00,monsoon,10,10,20,0.5,OK
BLR003,2025-07-16 07:00:00,monsoon,10,10,20,0.5,OK
BLR003,2025-07-16 08:00:00,monsoon,11,9,20,0.55,OK
BLR003,2025-07-16 09:00:00,monsoon,11,9,20,0.55,OK
BLR003,2025-07-16 10:00:00,monsoon,11,9,20,0.55,OK
BLR003,2025-07-16 11:00:00,monsoon,12,8,20,0.6,OK
BLR003,2025-07-16 12:00:00,monsoon,13,7,20,0.65,OK
BLR003,2025-07-16 13:00:00,monsoon,13,7,20,0.65,OK
BLR003,2025-07-16 14:00:00,monsoon,14,6,20,0.7,OK
BLR003,2025-07-16 15:00:00,monsoon,14,6,20,0.7,OK
BLR003,2025-07-16 16:00:00,monsoon,14,6,20,0.7,OK
BLR003,2025-07-16 17:00:00,monsoon,14,6,20,0.7,OK
BLR003,2025-07-16 18:00:00,monsoon,13,7,20,0.65,OK
BLR003,2025-07-16 19:00:00,monsoon,13,7,20,0.65,OK
BLR003,2025-07-16 20:00:00,monsoon,13,7,20,0.65,OK
BLR003,2025-07-16 21:00:00,monsoon,13,7,20,0.65,OK
BLR003,2025-07-16 22:00:00,monsoon,14,6,20,0.7,OK
BLR003,2025-07-16 23:00:00,monsoon,14,6,20,0.7,OK
BLR003,2025-07-17 00:00:00,monsoon,15,5,20,0.75,OK
BLR003,2025-07-17 01:00:00,monsoon,15,5,20,0.75,OK
BLR003,2025-07-17 02:00:00,monsoon,16,4,20,0.8,OK
BLR003,2025-07-17 03:00:00,monsoon,16,4,20,0.8,OK
BLR003,2025-07-17 04:00:00,monsoon,16,4,20,0.8,OK
BLR003,2025-07-17 05:00:00,monsoon,16,4,20,0.8,OK
BLR003,2025-07-17 06:00:00,monsoon,17,3,20,0.85,OK
BLR003,2025-07-17 07:00:00,monsoon,17,3,20,0.85,OK
BLR003,2025-07-17 08:00:00,monsoon,17,3,20,0.85,OK
BLR003,2025-07-17 09:00:00,monsoon,17,3,20,0.85,OK
BLR003,2025-07-17 10:00:00,monsoon,18,2,20,0.9,Overstocked
BLR003,2025-07-17 11:00:00,monsoon,18,2,20,0.9,Overstocked
BLR003,2025-07-17 12:00:00,monsoon,18,2,20,0.9,Overstocked
BLR003,2025-07-17 13:00:00,monsoon,18,2,20,0.9,Overstocked
BLR003,2025-07-17 14:00:00,monsoon,18,2,20,0.9,Overstocked
BLR003,2025-07-17 15:00:00,monsoon,19,1,20,0.95,Overstocked
BLR003,2025-07-17 16:00:00,monsoon,19,1,20,0.95,Overstocked
BLR003,2025-07-17 17:00:00,monsoon,18,2,20,0.9,Overstocked
BLR003,2025-07-17 18:00:00,monsoon,16,4,20,0.8,OK
BLR003,2025-07-17 19:00:00,monsoon,15,5,20,0.75,OK
BLR003,2025-07-17 20:00:00,monsoon,15,5,20,0.75,OK
BLR003,2025-07-17 21:00:00,monsoon,14,6,20,0.7,OK
BLR003,2025-07-17 22:00:00,monsoon,13,7,20,0.65,OK
BLR003,2025-07-17 23:00:00,monsoon,13,7,20,0.65,OK
BLR003,2025-07-18 00:00:00,monsoon,13,7,20,0.65,OK
BLR003,2025-07-18 01:00:00,monsoon,13,7,20,0.65,OK
BLR003,2025-07-18 02:00:00,monsoon,12,8,20,0.6,OK
BLR003,2025-07-18 03:00:00,monsoon,12,8,20,0.6,OK
BLR003,2025-07-18 04:00:00,monsoon,12,8,20,0.6,OK
BLR003,2025-07-18 05:00:00,monsoon,12,8,20,0.6,OK
BLR003,2025-07-18 06:00:00,monsoon,12,8,20,0.6,OK
BLR003,2025-07-18 07:00:00,monsoon,12,8,20,0.6,OK
BLR003,2025-07-18 08:00:00,monsoon,13,7,20,0.65,OK
BLR003,2025-07-18 09:00:00,monsoon,14,6,20,0.7,OK
BLR003,2025-07-18 10:00:00,monsoon,14,6,20,0.7,OK
BLR003,2025-07-18 11:00:00,monsoon,14,6,20,0.7,OK
BLR003,2025-07-18 12:00:00,monsoon,14,6,20,0.7,OK
BLR003,2025-07-18 13:00:00,monsoon,14,6,20,0.7,OK
BLR003,2025-07-18 14:00:00,monsoon,14,6,20,0.7,OK
BLR003,2025-07-18 15:00:00,monsoon,13,7,20,0.65,OK
BLR003,2025-07-18 16:00:00,monsoon,13,7,20,0.65,OK
BLR003,2025-07-18 17:00:00,monsoon,13,7,20,0.65,OK
BLR003,2025-07-18 18:00:00,monsoon,13,7,20,0.65,OK
BLR003,2025-07-18 19:00:00,monsoon,12,8,20,0.6,OK
BLR003,2025-07-18 20:00:00,monsoon,11,9,20,0.55,OK
BLR003,2025-07-18 21:00:00,monsoon,11,9,20,0.55,OK
BLR003,2025-07-18 22:00:00,monsoon,12,8,20,0.6,OK
BLR003,2025-07-18 23:00:00,monsoon,12,8,20,0.6,OK
BLR003,2025-07-19 00:00:00,monsoon,12,8,20,0.6,OK
BLR003,2025-07-19 01:00:00,monsoon,12,8,20,0.6,OK
BLR003,2025-07-19 02:00:00,monsoon,13,7,20,0.65,OK
BLR003,2025-07-19 03:00:00,monsoon,12,8,20,0.6,OK
BLR003,2025-07-19 04:00:00,monsoon,12,8,20,0.6,OK
BLR003,2025-07-19 05:00:00,monsoon,11,9,20,0.55,OK
BLR003,2025-07-19 06:00:00,monsoon,12,8,20,0.6,OK
BLR003,2025-07-19 07:00:00,monsoon,12,8,20,0.6,OK
BLR003,2025-07-19 08:00:00,monsoon,12,8,20,0.6,OK
BLR003,2025-07-19 09:00:00,monsoon,12,8,20,0.6,OK
BLR003,2025-07-19 10:00:00,monsoon,13,7,20,0.65,OK
BLR003,2025-07-19 11:00:00,monsoon,12,8,20,0.6,OK
BLR003,2025-07-19 12:00:00,monsoon,12,8,20,0.6,OK
BLR003,2025-07-19 13:00:00,monsoon,13,7,20,0.65,OK
BLR003,2025-07-19 14:00:00,monsoon,13,7,20,0.65,OK
BLR003,2025-07-19 15:00:00,monsoon,13,7,20,0.65,OK
BLR003,2025-07-19 16:00:00,monsoon,13,7,20,0.65,OK
BLR003,2025-07-19 17:00:00,monsoon,13,7,20,0.65,OK
BLR003,2025-07-19 18:00:00,monsoon,11,9,20,0.55,OK
BLR003,2025-07-19 19:00:00,monsoon,10,10,20,0.5,OK
BLR003,2025-07-19 20:00:00,monsoon,8,12,20,0.4,OK
BLR003,2025-07-19 21:00:00,monsoon,8,12,20,0.4,OK
BLR003,2025-07-19 22:00:00,monsoon,7,13,20,0.35,OK
BLR003,2025-07-19 23:00:00,monsoon,7,13,20,0.35,OK
BLR003,2025-07-20 00:00:00,monsoon,7,13,20,0.35,OK
BLR003,2025-07-20 01:00:00,monsoon,7,13,20,0.35,OK
BLR003,2025-07-20 02:00:00,monsoon,7,13,20,0.35,OK
BLR003,2025-07-20 03:00:00,monsoon,7,13,20,0.35,OK
BLR003,2025-07-20 04:00:00,monsoon,7,13,20,0.35,OK
BLR003,2025-07-20 05:00:00,monsoon,7,13,20,0.35,OK
BLR003,2025-07-20 06:00:00,monsoon,7,13,20,0.35,OK
BLR003,2025-07-20 07:00:00,monsoon,8,12,20,0.4,OK
BLR003,2025-07-20 08:00:00,monsoon,8,12,20,0.4,OK
BLR003,2025-07-20 09:00:00,monsoon,8,12,20,0.4,OK
BLR003,2025-07-20 10:00:00,monsoon,8,12,20,0.4,OK
BLR003,2025-07-20 11:00:00,monsoon,8,12,20,0.4,OK
BLR003,2025-07-20 12:00:00,monsoon,8,12,20,0.4,OK
BLR003,2025-07-20 13:00:00,monsoon,9,11,20,0.45,OK
BLR003,2025-07-20 14:00:00,monsoon,9,11,20,0.45,OK
BLR003,2025-07-20 15:00:00,monsoon,10,10,20,0.5,OK
BLR003,2025-07-20 16:00:00,monsoon,11,9,20,0.55,OK
BLR003,2025-07-20 17:00:00,monsoon,11,9,20,0.55,OK
BLR003,2025-07-20 18:00:00,monsoon,8,12,20,0.4,OK
BLR003,2025-07-20 19:00:00,monsoon,8,12,20,0.4,OK
BLR003,2025-07-20 20:00:00,monsoon,7,13,20,0.35,OK
BLR003,2025-07-20 21:00:00,monsoon,6,14,20,0.3,OK
BLR003,2025-07-20 22:00:00,monsoon,6,14,20,0.3,OK
BLR003,2025-07-20 23:00:00,monsoon,6,14,20,0.3,OK
BLR004,2025-07-14 00:00:00,monsoon,7,9,16,0.44,OK
BLR004,2025-07-14 01:00:00,monsoon,7,9,16,0.44,OK
BLR004,2025-07-14 02:00:00,monsoon,7,9,16,0.44,OK
BLR004,2025-07-14 03:00:00,monsoon,6,10,16,0.38,OK
BLR004,2025-07-14 04:00:00,monsoon,6,10,16,0.38,OK
BLR004,2025-07-14 05:00:00,monsoon,6,10,16,0.38,OK
BLR004,2025-07-14 06:00:00,monsoon,6,10,16,0.38,OK
BLR004,2025-07-14 07:00:00,monsoon,6,10,16,0.38,OK
BLR004,2025-07-14 08:00:00,monsoon,6,10,16,0.38,OK
BLR004,2025-07-14 09:00:00,monsoon,7,9,16,0.44,OK
BLR004,2025-07-14 10:00:00,monsoon,8,8,16,0.5,OK
BLR004,2025-07-14 11:00:00,monsoon,7,9,16,0.44,OK
BLR004,2025-07-14 12:00:00,monsoon,7,9,16,0.44,OK
BLR004,2025-07-14 13:00:00,monsoon,7,9,16,0.44,OK
BLR004,2025-07-14 14:00:00,monsoon,8,8,16,0.5,OK
BLR004,2025-07-14 15:00:00,monsoon,8,8,16,0.5,OK
BLR004,2025-07-14 16:00:00,monsoon,7,9,16,0.44,OK
BLR004,2025-07-14 17:00:00,monsoon,5,11,16,0.31,OK
BLR004,2025-07-14 18:00:00,monsoon,4,12,16,0.25,OK
BLR004,2025-07-14 19:00:00,monsoon,1,15,16,0.06,Understocked
BLR004,2025-07-14 20:00:00,monsoon,0,16,16,0.0,Understocked
BLR004,2025-07-14 21:00:00,monsoon,1,15,16,0.06,Understocked
BLR004,2025-07-14 22:00:00,monsoon,2,14,16,0.12,OK
BLR004,2025-07-14 23:00:00,monsoon,2,14,16,0.12,OK
BLR004,2025-07-15 00:00:00,monsoon,2,14,16,0.12,OK
BLR004,2025-07-15 01:00:00,monsoon,3,13,16,0.19,OK
BLR004,2025-07-15 02:00:00,monsoon,3,13,16,0.19,OK
BLR004,2025-07-15 03:00:00,monsoon,3,13,16,0.19,OK
BLR004,2025-07-15 04:00:00,monsoon,3,13,16,0.19,OK
BLR004,2025-07-15 05:00:00,monsoon,3,13,16,0.19,OK
BLR004,2025-07-15 06:00:00,monsoon,3,13,16,0.19,OK
BLR004,2025-07-15 07:00:00,monsoon,4,12,16,0.25,OK
BLR004,2025-07-15 08:00:00,monsoon,4,12,16,0.25,OK
BLR004,2025-07-15 09:00:00,monsoon,4,12,16,0.25,OK
BLR004,2025-07-15 10:00:00,monsoon,5,11,16,0.31,OK
BLR004,2025-07-15 11:00:00,monsoon,5,11,16,0.31,OK
BLR004,2025-07-15 12:00:00,monsoon,5,11,16,0.31,OK
BLR004,2025-07-15 13:00:00,monsoon,5,11,16,0.31,OK
BLR004,2025-07-15 14:00:00,monsoon,4,12,16,0.25,OK
BLR004,2025-07-15 15:00:00,monsoon,4,12,16,0.25,OK
BLR004,2025-07-15 16:00:00,monsoon,3,13,16,0.19,OK
BLR004,2025-07-15 17:00:00,monsoon,3,13,16,0.19,OK
BLR004,2025-07-15 18:00:00,monsoon,3,13,16,0.19,OK
BLR004,2025-07-15 19:00:00,monsoon,1,15,16,0.06,Understocked
BLR004,2025-07-15 20:00:00,monsoon,0,16,16,0.0,Understocked
BLR004,2025-07-15 21:00:00,monsoon,1,15,16,0.06,Understocked
BLR004,2025-07-15 22:00:00,monsoon,1,15,16,0.06,Understocked
BLR004,2025-07-15 23:00:00,monsoon,1,15,16,0.06,Understocked
BLR004,2025-07-16 00:00:00,monsoon,2,14,16,0.12,OK
BLR004,2025-07-16 01:00:00,monsoon,2,14,16,0.12,OK
BLR004,2025-07-16 02:00:00,monsoon,2,14,16,0.12,OK
BLR004,2025-07-16 03:00:00,monsoon,2,14,16,0.12,OK
BLR004,2025-07-16 04:00:00,monsoon,1,15,16,0.06,Understocked
BLR004,2025-07-16 05:00:00,monsoon,2,14,16,0.12,OK
BLR004,2025-07-16 06:00:00,monsoon,1,15,16,0.06,Understocked
BLR004,2025-07-16 07:00:00,monsoon,2,14,16,0.12,OK
BLR004,2025-07-16 08:00:00,monsoon,2,14,16,0.12,OK
BLR004,2025-07-16 09:00:00,monsoon,2,14,16,0.12,OK
BLR004,2025-07-16 10:00:00,monsoon,2,14,16,0.12,OK
BLR004,2025-07-16 11:00:00,monsoon,3,13,16,0.19,OK
BLR004,2025-07-16 12:00:00,monsoon,3,13,16,0.19,OK
BLR004,2025-07-16 13:00:00,monsoon,3,13,16,0.19,OK
BLR004,2025-07-16 14:00:00,monsoon,2,14,16,0.12,OK
BLR004,2025-07-16 15:00:00,monsoon,1,15,16,0.06,Understocked
BLR004,2025-07-16 16:00:00,monsoon,1,15,16,0.06,Understocked
BLR004,2025-07-16 17:00:00,monsoon,0,16,16,0.0,Understocked
BLR004,2025-07-16 18:00:00,monsoon,0,16,16,0.0,Understocked
BLR004,2025-07-16 19:00:00,monsoon,0,16,16,0.0,Understocked
BLR004,2025-07-16 20:00:00,monsoon,0,16,16,0.0,Understocked
BLR004,2025-07-16 21:00:00,monsoon,0,16,16,0.0,Understocked
BLR004,2025-07-16 22:00:00,monsoon,0,16,16,0.0,Understocked
BLR004,2025-07-16 23:00:00,monsoon,0,16,16,0.0,Understocked
BLR004,2025-07-17 00:00:00,monsoon,0,16,16,0.0,Understocked
BLR004,2025-07-17 01:00:00,monsoon,0,16,16,0.0,Understocked
BLR004,2025-07-17 02:00:00,monsoon,0,16,16,0.0,Understocked
BLR004,2025-07-17 03:00:00,monsoon,1,15,16,0.06,Understocked
BLR004,2025-07-17 04:00:00,monsoon,1,15,16,0.06,Understocked
BLR004,2025-07-17 05:00:00,monsoon,0,16,16,0.0,Understocked
BLR004,2025-07-17 06:00:00,monsoon,0,16,16,0.0,Understocked
BLR004,2025-07-17 07:00:00,monsoon,0,16,16,0.0,Understocked
BLR004,2025-07-17 08:00:00,monsoon,0,16,16,0.0,Understocked
BLR004,2025-07-17 09:00:00,monsoon,0,16,16,0.0,Understocked
BLR004,2025-07-17 10:00:00,monsoon,1,15,16,0.06,Understocked
BLR004,2025-07-17 11:00:00,monsoon,1,15,16,0.06,Understocked
BLR004,2025-07-17 12:00:00,monsoon,1,15,16,0.06,Understocked
BLR004,2025-07-17 13:00:00,monsoon,1,15,16,0.06,Understocked
BLR004,2025-07-17 14:00:00,monsoon,2,14,16,0.12,OK
BLR004,2025-07-17 15:00:00,monsoon,1,15,16,0.06,Understocked
BLR004,2025-07-17 16:00:00,monsoon,1,15,16,0.06,Understocked
BLR004,2025-07-17 17:00:00,monsoon,1,15,16,0.06,Understocked
BLR004,2025-07-17 18:00:00,monsoon,1,15,16,0.06,Understocked
BLR004,2025-07-17 19:00:00,monsoon,0,16,16,0.0,Understocked
BLR004,2025-07-17 20:00:00,monsoon,0,16,16,0.0,Understocked
BLR004,2025-07-17 21:00:00,monsoon,0,16,16,0.0,Understocked
BLR004,2025-07-17 22:00:00,monsoon,1,15,16,0.06,Understocked
BLR004,2025-07-17 23:00:00,monsoon,2,14,16,0.12,OK
BLR004,2025-07-18 00:00:00,monsoon,2,14,16,0.12,OK
BLR004,2025-07-18 01:00:00,monsoon,2,14,16,0.12,OK
BLR004,2025-07-18 02:00:00,monsoon,2,14,16,0.12,OK
BLR004,2025-07-18 03:00:00,monsoon,3,13,16,0.19,OK
BLR004,2025-07-18 04:00:00,monsoon,4,12,16,0.25,OK
BLR004,2025-07-18 05:00:00,monsoon,4,12,16,0.25,OK
BLR004,2025-07-18 06:00:00,monsoon,4,12,16,0.25,OK
BLR004,2025-07-18 07:00:00,monsoon,4,12,16,0.25,OK
BLR004,2025-07-18 08:00:00,monsoon,4,12,16,0.25,OK
BLR004,2025-07-18 09:00:00,monsoon,5,11,16,0.31,OK
BLR004,2025-07-18 10:00:00,monsoon,5,11,16,0.31,OK
BLR004,2025-07-18 11:00:00,monsoon,5,11,16,0.31,OK
BLR004,2025-07-18 12:00:00,monsoon,5,11,16,0.31,OK
BLR004,2025-07-18 13:00:00,monsoon,5,11,16,0.31,OK
BLR004,2025-07-18 14:00:00,monsoon,5,11,16,0.31,OK
BLR004,2025-07-18 15:00:00,monsoon,4,12,16,0.25,OK
BLR004,2025-07-18 16:00:00,monsoon,3,13,16,0.19,OK
BLR004,2025-07-18 17:00:00,monsoon,2,14,16,0.12,OK
BLR004,2025-07-18 18:00:00,monsoon,1,15,16,0.06,Understocked
BLR004,2025-07-18 19:00:00,monsoon,0,16,16,0.0,Understocked
BLR004,2025-07-18 20:00:00,monsoon,0,16,16,0.0,Understocked
BLR004,2025-07-18 21:00:00,monsoon,0,16,16,0.0,Understocked
BLR004,2025-07-18 22:00:00,monsoon,0,16,16,0.0,Understocked
BLR004,2025-07-18 23:00:00,monsoon,0,16,16,0.0,Understocked
BLR004,2025-07-19 00:00:00,monsoon,0,16,16,0.0,Understocked
BLR004,2025-07-19 01:00:00,monsoon,1,15,16,0.06,Understocked
BLR004,2025-07-19 02:00:00,monsoon,2,14,16,0.12,OK
BLR004,2025-07-19 03:00:00,monsoon,2,14,16,0.12,OK
BLR004,2025-07-19 04:00:00,monsoon,3,13,16,0.19,OK
BLR004,2025-07-19 05:00:00,monsoon,3,13,16,0.19,OK
BLR004,2025-07-19 06:00:00,monsoon,3,13,16,0.19,OK
BLR004,2025-07-19 07:00:00,monsoon,4,12,16,0.25,OK
BLR004,2025-07-19 08:00:00,monsoon,4,12,16,0.25,OK
BLR004,2025-07-19 09:00:00,monsoon,4,12,16,0.25,OK
BLR004,2025-07-19 10:00:00,monsoon,4,12,16,0.25,OK
BLR004,2025-07-19 11:00:00,monsoon,4,12,16,0.25,OK
BLR004,2025-07-19 12:00:00,monsoon,3,13,16,0.19,OK
BLR004,2025-07-19 13:00:00,monsoon,3,13,16,0.19,OK
BLR004,2025-07-19 14:00:00,monsoon,4,12,16,0.25,OK
BLR004,2025-07-19 15:00:00,monsoon,3,13,16,0.19,OK
BLR004,2025-07-19 16:00:00,monsoon,3,13,16,0.19,OK
BLR004,2025-07-19 17:00:00,monsoon,3,13,16,0.19,OK
BLR004,2025-07-19 18:00:00,monsoon,3,13,16,0.19,OK
BLR004,2025-07-19 19:00:00,monsoon,1,15,16,0.06,Understocked
BLR004,2025-07-19 20:00:00,monsoon,0,16,16,0.0,Understocked
BLR004,2025-07-19 21:00:00,monsoon,0,16,16,0.0,Understocked
BLR004,2025-07-19 22:00:00,monsoon,1,15,16,0.06,Understocked
BLR004,2025-07-19 23:00:00,monsoon,2,14,16,0.12,OK
BLR004,2025-07-20 00:00:00,monsoon,3,13,16,0.19,OK
BLR004,2025-07-20 01:00:00,monsoon,3,13,16,0.19,OK
BLR004,2025-07-20 02:00:00,monsoon,3,13,16,0.19,OK
BLR004,2025-07-20 03:00:00,monsoon,2,14,16,0.12,OK
BLR004,2025-07-20 04:00:00,monsoon,2,14,16,0.12,OK
BLR004,2025-07-20 05:00:00,monsoon,3,13,16,0.19,OK
BLR004,2025-07-20 06:00:00,monsoon,3,13,16,0.19,OK
BLR004,2025-07-20 07:00:00,monsoon,3,13,16,0.19,OK
BLR004,2025-07-20 08:00:00,monsoon,3,13,16,0.19,OK
BLR004,2025-07-20 09:00:00,monsoon,4,12,16,0.25,OK
BLR004,2025-07-20 10:00:00,monsoon,4,12,16,0.25,OK
BLR004,2025-07-20 11:00:00,monsoon,4,12,16,0.25,OK
BLR004,2025-07-20 12:00:00,monsoon,4,12,16,0.25,OK
BLR004,2025-07-20 13:00:00,monsoon,5,11,16,0.31,OK
BLR004,2025-07-20 14:00:00,monsoon,4,12,16,0.25,OK
BLR004,2025-07-20 15:00:00,monsoon,4,12,16,0.25,OK
BLR004,2025-07-20 16:00:00,monsoon,3,13,16,0.19,OK
BLR004,2025-07-20 17:00:00,monsoon,3,13,16,0.19,OK
BLR004,2025-07-20 18:00:00,monsoon,2,14,16,0.12,OK
BLR004,2025-07-20 19:00:00,monsoon,1,15,16,0.06,Understocked
BLR004,2025-07-20 20:00:00,monsoon,0,16,16,0.0,Understocked
BLR004,2025-07-20 21:00:00,monsoon,1,15,16,0.06,Understocked
BLR004,2025-07-20 22:00:00,monsoon,0,16,16,0.0,Understocked
BLR004,2025-07-20 23:00:00,monsoon,1,15,16,0.06,Understocked
BLR005,2025-07-14 00:00:00,monsoon,19,11,30,0.63,OK
BLR005,2025-07-14 01:00:00,monsoon,19,11,30,0.63,OK
BLR005,2025-07-14 02:00:00,monsoon,18,12,30,0.6,OK
BLR005,2025-07-14 03:00:00,monsoon,18,12,30,0.6,OK
BLR005,2025-07-14 04:00:00,monsoon,18,12,30,0.6,OK
BLR005,2025-07-14 05:00:00,monsoon,18,12,30,0.6,OK
BLR005,2025-07-14 06:00:00,monsoon,18,12,30,0.6,OK
BLR005,2025-07-14 07:00:00,monsoon,18,12,30,0.6,OK
BLR005,2025-07-14 08:00:00,monsoon,18,12,30,0.6,OK
BLR005,2025-07-14 09:00:00,monsoon,19,11,30,0.63,OK
BLR005,2025-07-14 10:00:00,monsoon,19,11,30,0.63,OK
BLR005,2025-07-14 11:00:00,monsoon,18,12,30,0.6,OK
BLR005,2025-07-14 12:00:00,monsoon,18,12,30,0.6,OK
BLR005,2025-07-14 13:00:00,monsoon,18,12,30,0.6,OK
BLR005,2025-07-14 14:00:00,monsoon,17,13,30,0.57,OK
BLR005,2025-07-14 15:00:00,monsoon,17,13,30,0.57,OK
BLR005,2025-07-14 16:00:00,monsoon,16,14,30,0.53,OK
BLR005,2025-07-14 17:00:00,monsoon,15,15,30,0.5,OK
BLR005,2025-07-14 18:00:00,monsoon,15,15,30,0.5,OK
BLR005,2025-07-14 19:00:00,monsoon,14,16,30,0.47,OK
BLR005,2025-07-14 20:00:00,monsoon,12,18,30,0.4,OK
BLR005,2025-07-14 21:00:00,monsoon,12,18,30,0.4,OK
BLR005,2025-07-14 22:00:00,monsoon,11,19,30,0.37,OK
BLR005,2025-07-14 23:00:00,monsoon,11,19,30,0.37,OK
BLR005,2025-07-15 00:00:00,monsoon,11,19,30,0.37,OK
BLR005,2025-07-15 01:00:00,monsoon,11,19,30,0.37,OK
BLR005,2025-07-15 02:00:00,monsoon,10,20,30,0.33,OK
BLR005,2025-07-15 03:00:00,monsoon,10,20,30,0.33,OK
BLR005,2025-07-15 04:00:00,monsoon,9,21,30,0.3,OK
BLR005,2025-07-15 05:00:00,monsoon,8,22,30,0.27,OK
BLR005,2025-07-15 06:00:00,monsoon,8,22,30,0.27,OK
BLR005,2025-07-15 07:00:00,monsoon,9,21,30,0.3,OK
BLR005,2025-07-15 08:00:00,monsoon,9,21,30,0.3,OK
BLR005,2025-07-15 09:00:00,monsoon,9,21,30,0.3,OK
BLR005,2025-07-15 10:00:00,monsoon,9,21,30,0.3,OK
BLR005,2025-07-15 11:00:00,monsoon,8,22,30,0.27,OK
BLR005,2025-07-15 12:00:00,monsoon,7,23,30,0.23,OK
BLR005,2025-07-15 13:00:00,monsoon,7,23,30,0.23,OK
BLR005,2025-07-15 14:00:00,monsoon,8,22,30,0.27,OK
BLR005,2025-07-15 15:00:00,monsoon,7,23,30,0.23,OK
BLR005,2025-07-15 16:00:00,monsoon,8,22,30,0.27,OK
BLR005,2025-07-15 17:00:00,monsoon,8,22,30,0.27,OK
BLR005,2025-07-15 18:00:00,monsoon,7,23,30,0.23,OK
BLR005,2025-07-15 19:00:00,monsoon,7,23,30,0.23,OK
BLR005,2025-07-15 20:00:00,monsoon,7,23,30,0.23,OK
BLR005,2025-07-15 21:00:00,monsoon,7,23,30,0.23,OK
BLR005,2025-07-15 22:00:00,monsoon,7,23,30,0.23,OK
BLR005,2025-07-15 23:00:00,monsoon,7,23,30,0.23,OK
BLR005,2025-07-16 00:00:00,monsoon,7,23,30,0.23,OK
BLR005,2025-07-16 01:00:00,monsoon,6,24,30,0.2,OK
BLR005,2025-07-16 02:00:00,monsoon,6,24,30,0.2,OK
BLR005,2025-07-16 03:00:00,monsoon,5,25,30,0.17,OK
BLR005,2025-07-16 04:00:00,monsoon,4,26,30,0.13,OK
BLR005,2025-07-16 05:00:00,monsoon,5,25,30,0.17,OK
BLR005,2025-07-16 06:00:00,monsoon,5,25,30,0.17,OK
BLR005,2025-07-16 07:00:00,monsoon,5,25,30,0.17,OK
BLR005,2025-07-16 08:00:00,monsoon,5,25,30,0.17,OK
BLR005,2025-07-16 09:00:00,monsoon,5,25,30,0.17,OK
BLR005,2025-07-16 10:00:00,monsoon,5,25,30,0.17,OK
BLR005,2025-07-16 11:00:00,monsoon,6,24,30,0.2,OK
BLR005,2025-07-16 12:00:00,monsoon,6,24,30,0.2,OK
BLR005,2025-07-16 13:00:00,monsoon,6,24,30,0.2,OK
BLR005,2025-07-16 14:00:00,monsoon,6,24,30,0.2,OK
BLR005,2025-07-16 15:00:00,monsoon,5,25,30,0.17,OK
BLR005,2025-07-16 16:00:00,monsoon,5,25,30,0.17,OK
BLR005,2025-07-16 17:00:00,monsoon,5,25,30,0.17,OK
BLR005,2025-07-16 18:00:00,monsoon,2,28,30,0.07,Understocked
BLR005,2025-07-16 19:00:00,monsoon,1,29,30,0.03,Understocked
BLR005,2025-07-16 20:00:00,monsoon,1,29,30,0.03,Understocked
BLR005,2025-07-16 21:00:00,monsoon,0,30,30,0.0,Understocked
BLR005,2025-07-16 22:00:00,monsoon,0,30,30,0.0,Understocked
BLR005,2025-07-16 23:00:00,monsoon,0,30,30,0.0,Understocked
BLR005,2025-07-17 00:00:00,monsoon,1,29,30,0.03,Understocked
BLR005,2025-07-17 01:00:00,monsoon,1,29,30,0.03,Understocked
BLR005,2025-07-17 02:00:00,monsoon,1,29,30,0.03,Understocked
BLR005,2025-07-17 03:00:00,monsoon,2,28,30,0.07,Understocked
BLR005,2025-07-17 04:00:00,monsoon,3,27,30,0.1,Understocked
BLR005,2025-07-17 05:00:00,monsoon,3,27,30,0.1,Understocked
BLR005,2025-07-17 06:00:00,monsoon,3,27,30,0.1,Understocked
BLR005,2025-07-17 07:00:00,monsoon,3,27,30,0.1,Understocked
BLR005,2025-07-17 08:00:00,monsoon,4,26,30,0.13,OK
BLR005,2025-07-17 09:00:00,monsoon,5,25,30,0.17,OK
BLR005,2025-07-17 10:00:00,monsoon,5,25,30,0.17,OK
BLR005,2025-07-17 11:00:00,monsoon,5,25,30,0.17,OK
BLR005,2025-07-17 12:00:00,monsoon,6,24,30,0.2,OK
BLR005,2025-07-17 13:00:00,monsoon,6,24,30,0.2,OK
BLR005,2025-07-17 14:00:00,monsoon,6,24,30,0.2,OK
BLR005,2025-07-17 15:00:00,monsoon,7,23,30,0.23,OK
BLR005,2025-07-17 16:00:00,monsoon,7,23,30,0.23,OK
BLR005,2025-07-17 17:00:00,monsoon,7,23,30,0.23,OK
BLR005,2025-07-17 18:00:00,monsoon,4,26,30,0.13,OK
BLR005,2025-07-17 19:00:00,monsoon,2,28,30,0.07,Understocked
BLR005,2025-07-17 20:00:00,monsoon,1,29,30,0.03,Understocked
BLR005,2025-07-17 21:00:00,monsoon,1,29,30,0.03,Understocked
BLR005,2025-07-17 22:00:00,monsoon,1,29,30,0.03,Understocked
BLR005,2025-07-17 23:00:00,monsoon,2,28,30,0.07,Understocked
BLR005,2025-07-18 00:00:00,monsoon,3,27,30,0.1,Understocked
BLR005,2025-07-18 01:00:00,monsoon,3,27,30,0.1,Understocked
BLR005,2025-07-18 02:00:00,monsoon,2,28,30,0.07,Understocked
BLR005,2025-07-18 03:00:00,monsoon,2,28,30,0.07,Understocked
BLR005,2025-07-18 04:00:00,monsoon,2,28,30,0.07,Understocked
BLR005,2025-07-18 05:00:00,monsoon,3,27,30,0.1,Understocked
BLR005,2025-07-18 06:00:00,monsoon,4,26,30,0.13,OK
BLR005,2025-07-18 07:00:00,monsoon,5,25,30,0.17,OK
BLR005,2025-07-18 08:00:00,monsoon,5,25,30,0.17,OK
BLR005,2025-07-18 09:00:00,monsoon,5,25,30,0.17,OK
BLR005,2025-07-18 10:00:00,monsoon,5,25,30,0.17,OK
BLR005,2025-07-18 11:00:00,monsoon,5,25,30,0.17,OK
BLR005,2025-07-18 12:00:00,monsoon,5,25,30,0.17,OK
BLR005,2025-07-18 13:00:00,monsoon,5,25,30,0.17,OK
BLR005,2025-07-18 14:00:00,monsoon,5,25,30,0.17,OK
BLR005,2025-07-18 15:00:00,monsoon,5,25,30,0.17,OK
BLR005,2025-07-18 16:00:00,monsoon,6,24,30,0.2,OK
BLR005,2025-07-18 17:00:00,monsoon,6,24,30,0.2,OK
BLR005,2025-07-18 18:00:00,monsoon,5,25,30,0.17,OK
BLR005,2025-07-18 19:00:00,monsoon,4,26,30,0.13,OK
BLR005,2025-07-18 20:00:00,monsoon,2,28,30,0.07,Understocked
BLR005,2025-07-18 21:00:00,monsoon,2,28,30,0.07,Understocked
BLR005,2025-07-18 22:00:00,monsoon,2,28,30,0.07,Understocked
BLR005,2025-07-18 23:00:00,monsoon,2,28,30,0.07,Understocked
BLR005,2025-07-19 00:00:00,monsoon,1,29,30,0.03,Understocked
BLR005,2025-07-19 01:00:00,monsoon,1,29,30,0.03,Understocked
BLR005,2025-07-19 02:00:00,monsoon,2,28,30,0.07,Understocked
BLR005,2025-07-19 03:00:00,monsoon,2,28,30,0.07,Understocked
BLR005,2025-07-19 04:00:00,monsoon,2,28,30,0.07,Understocked
BLR005,2025-07-19 05:00:00,monsoon,3,27,30,0.1,Understocked
BLR005,2025-07-19 06:00:00,monsoon,3,27,30,0.1,Understocked
BLR005,2025-07-19 07:00:00,monsoon,3,27,30,0.1,Understocked
BLR005,2025-07-19 08:00:00,monsoon,3,27,30,0.1,Understocked
BLR005,2025-07-19 09:00:00,monsoon,3,27,30,0.1,Understocked
BLR005,2025-07-19 10:00:00,monsoon,3,27,30,0.1,Understocked
BLR005,2025-07-19 11:00:00,monsoon,2,28,30,0.07,Understocked
BLR005,2025-07-19 12:00:00,monsoon,2,28,30,0.07,Understocked
BLR005,2025-07-19 13:00:00,monsoon,2,28,30,0.07,Understocked
BLR005,2025-07-19 14:00:00,monsoon,2,28,30,0.07,Understocked
BLR005,2025-07-19 15:00:00,monsoon,2,28,30,0.07,Understocked
BLR005,2025-07-19 16:00:00,monsoon,3,27,30,0.1,Understocked
BLR005,2025-07-19 17:00:00,monsoon,3,27,30,0.1,Understocked
BLR005,2025-07-19 18:00:00,monsoon,2,28,30,0.07,Understocked
BLR005,2025-07-19 19:00:00,monsoon,2,28,30,0.07,Understocked
BLR005,2025-07-19 20:00:00,monsoon,1,29,30,0.03,Understocked
BLR005,2025-07-19 21:00:00,monsoon,1,29,30,0.03,Understocked
BLR005,2025-07-19 22:00:00,monsoon,1,29,30,0.03,Understocked
BLR005,2025-07-19 23:00:00,monsoon,1,29,30,0.03,Understocked
BLR005,2025-07-20 00:00:00,monsoon,1,29,30,0.03,Understocked
BLR005,2025-07-20 01:00:00,monsoon,2,28,30,0.07,Understocked
BLR005,2025-07-20 02:00:00,monsoon,2,28,30,0.07,Understocked
BLR005,2025-07-20 03:00:00,monsoon,2,28,30,0.07,Understocked
BLR005,2025-07-20 04:00:00,monsoon,2,28,30,0.07,Understocked
BLR005,2025-07-20 05:00:00,monsoon,2,28,30,0.07,Understocked
BLR005,2025-07-20 06:00:00,monsoon,1,29,30,0.03,Understocked
BLR005,2025-07-20 07:00:00,monsoon,1,29,30,0.03,Understocked
BLR005,2025-07-20 08:00:00,monsoon,1,29,30,0.03,Understocked
BLR005,2025-07-20 09:00:00,monsoon,1,29,30,0.03,Understocked
BLR005,2025-07-20 10:00:00,monsoon,1,29,30,0.03,Understocked
BLR005,2025-07-20 11:00:00,monsoon,0,30,30,0.0,Understocked
BLR005,2025-07-20 12:00:00,monsoon,1,29,30,0.03,Understocked
BLR005,2025-07-20 13:00:00,monsoon,1,29,30,0.03,Understocked
BLR005,2025-07-20 14:00:00,monsoon,1,29,30,0.03,Understocked
BLR005,2025-07-20 15:00:00,monsoon,2,28,30,0.07,Understocked
BLR005,2025-07-20 16:00:00,monsoon,3,27,30,0.1,Understocked
BLR005,2025-07-20 17:00:00,monsoon,2,28,30,0.07,Understocked
BLR005,2025-07-20 18:00:00,monsoon,2,28,30,0.07,Understocked
BLR005,2025-07-20 19:00:00,monsoon,0,30,30,0.0,Understocked
BLR005,2025-07-20 20:00:00,monsoon,0,30,30,0.0,Understocked
BLR005,2025-07-20 21:00:00,monsoon,0,30,30,0.0,Understocked
BLR005,2025-07-20 22:00:00,monsoon,0,30,30,0.0,Understocked
BLR005,2025-07-20 23:00:00,monsoon,0,30,30,0.0,Understocked
BLR006,2025-07-14 00:00:00,monsoon,14,6,20,0.7,OK
BLR006,2025-07-14 01:00:00,monsoon,15,5,20,0.75,OK
BLR006,2025-07-14 02:00:00,monsoon,15,5,20,0.75,OK
BLR006,2025-07-14 03:00:00,monsoon,14,6,20,0.7,OK
BLR006,2025-07-14 04:00:00,monsoon,14,6,20,0.7,OK
BLR006,2025-07-14 05:00:00,monsoon,14,6,20,0.7,OK
BLR006,2025-07-14 06:00:00,monsoon,15,5,20,0.75,OK
BLR006,2025-07-14 07:00:00,monsoon,19,1,20,0.95,Overstocked
BLR006,2025-07-14 08:00:00,monsoon,20,0,20,1.0,Overstocked
BLR006,2025-07-14 09:00:00,monsoon,20,0,20,1.0,Overstocked
BLR006,2025-07-14 10:00:00,monsoon,20,0,20,1.0,Overstocked
BLR006,2025-07-14 11:00:00,monsoon,20,0,20,1.0,Overstocked
BLR006,2025-07-14 12:00:00,monsoon,20,0,20,1.0,Overstocked
BLR006,2025-07-14 13:00:00,monsoon,20,0,20,1.0,Overstocked
BLR006,2025-07-14 14:00:00,monsoon,20,0,20,1.0,Overstocked
BLR006,2025-07-14 15:00:00,monsoon,20,0,20,1.0,Overstocked
BLR006,2025-07-14 16:00:00,monsoon,20,0,20,1.0,Overstocked
BLR006,2025-07-14 17:00:00,monsoon,18,2,20,0.9,Overstocked
BLR006,2025-07-14 18:00:00,monsoon,17,3,20,0.85,OK
BLR006,2025-07-14 19:00:00,monsoon,14,6,20,0.7,OK
BLR006,2025-07-14 20:00:00,monsoon,13,7,20,0.65,OK
BLR006,2025-07-14 21:00:00,monsoon,12,8,20,0.6,OK
BLR006,2025-07-14 22:00:00,monsoon,11,9,20,0.55,OK
BLR006,2025-07-14 23:00:00,monsoon,11,9,20,0.55,OK
BLR006,2025-07-15 00:00:00,monsoon,11,9,20,0.55,OK
BLR006,2025-07-15 01:00:00,monsoon,10,10,20,0.5,OK
BLR006,2025-07-15 02:00:00,monsoon,10,10,20,0.5,OK
BLR006,2025-07-15 03:00:00,monsoon,10,10,20,0.5,OK
BLR006,2025-07-15 04:00:00,monsoon,10,10,20,0.5,OK
BLR006,2025-07-15 05:00:00,monsoon,10,10,20,0.5,OK
BLR006,2025-07-15 06:00:00,monsoon,9,11,20,0.45,OK
BLR006,2025-07-15 07:00:00,monsoon,10,10,20,0.5,OK
BLR006,2025-07-15 08:00:00,monsoon,10,10,20,0.5,OK
BLR006,2025-07-15 09:00:00,monsoon,10,10,20,0.5,OK
BLR006,2025-07-15 10:00:00,monsoon,12,8,20,0.6,OK
BLR006,2025-07-15 11:00:00,monsoon,12,8,20,0.6,OK
BLR006,2025-07-15 12:00:00,monsoon,11,9,20,0.55,OK
BLR006,2025-07-15 13:00:00,monsoon,12,8,20,0.6,OK
BLR006,2025-07-15 14:00:00,monsoon,13,7,20,0.65,OK
BLR006,2025-07-15 15:00:00,monsoon,13,7,20,0.65,OK
BLR006,2025-07-15 16:00:00,monsoon,12,8,20,0.6,OK
BLR006,2025-07-15 17:00:00,monsoon,11,9,20,0.55,OK
BLR006,2025-07-15 18:00:00,monsoon,11,9,20,0.55,OK
BLR006,2025-07-15 19:00:00,monsoon,11,9,20,0.55,OK
BLR006,2025-07-15 20:00:00,monsoon,11,9,20,0.55,OK
BLR006,2025-07-15 21:00:00,monsoon,11,9,20,0.55,OK
BLR006,2025-07-15 22:00:00,monsoon,10,10,20,0.5,OK
BLR006,2025-07-15 23:00:00,monsoon,10,10,20,0.5,OK
BLR006,2025-07-16 00:00:00,monsoon,10,10,20,0.5,OK
BLR006,2025-07-16 01:00:00,monsoon,10,10,20,0.5,OK
BLR006,2025-07-16 02:00:00,monsoon,10,10,20,0.5,OK
BLR006,2025-07-16 03:00:00,monsoon,10,10,20,0.5,OK
BLR006,2025-07-16 04:00:00,monsoon,10,10,20,0.5,OK
BLR006,2025-07-16 05:00:00,monsoon,9,11,20,0.45,OK
BLR006,2025-07-16 06:00:00,monsoon,9,11,20,0.45,OK
BLR006,2025-07-16 07:00:00,monsoon,10,10,20,0.5,OK
BLR006,2025-07-16 08:00:00,monsoon,11,9,20,0.55,OK
BLR006,2025-07-16 09:00:00,monsoon,12,8,20,0.6,OK
BLR006,2025-07-16 10:00:00,monsoon,15,5,20,0.75,OK
BLR006,2025-07-16 11:00:00,monsoon,15,5,20,0.75,OK
BLR006,2025-07-16 12:00:00,monsoon,15,5,20,0.75,OK
BLR006,2025-07-16 13:00:00,monsoon,15,5,20,0.75,OK
BLR006,2025-07-16 14:00:00,monsoon,15,5,20,0.75,OK
BLR006,2025-07-16 15:00:00,monsoon,15,5,20,0.75,OK
BLR006,2025-07-16 16:00:00,monsoon,15,5,20,0.75,OK
BLR006,2025-07-16 17:00:00,monsoon,15,5,20,0.75,OK
BLR006,2025-07-16 18:00:00,monsoon,14,6,20,0.7,OK
BLR006,2025-07-16 19:00:00,monsoon,14,6,20,0.7,OK
BLR006,2025-07-16 20:00:00,monsoon,14,6,20,0.7,OK
BLR006,2025-07-16 21:00:00,monsoon,13,7,20,0.65,OK
BLR006,2025-07-16 22:00:00,monsoon,13,7,20,0.65,OK
BLR006,2025-07-16 23:00:00,monsoon,13,7,20,0.65,OK
BLR006,2025-07-17 00:00:00,monsoon,13,7,20,0.65,OK
BLR006,2025-07-17 01:00:00,monsoon,14,6,20,0.7,OK
BLR006,2025-07-17 02:00:00,monsoon,14,6,20,0.7,OK
BLR006,2025-07-17 03:00:00,monsoon,14,6,20,0.7,OK
BLR006,2025-07-17 04:00:00,monsoon,14,6,20,0.7,OK
BLR006,2025-07-17 05:00:00,monsoon,14,6,20,0.7,OK
BLR006,2025-07-17 06:00:00,monsoon,14,6,20,0.7,OK
BLR006,2025-07-17 07:00:00,monsoon,14,6,20,0.7,OK
BLR006,2025-07-17 08:00:00,monsoon,14,6,20,0.7,OK
BLR006,2025-07-17 09:00:00,monsoon,14,6,20,0.7,OK
BLR006,2025-07-17 10:00:00,monsoon,15,5,20,0.75,OK
BLR006,2025-07-17 11:00:00,monsoon,15,5,20,0.75,OK
BLR006,2025-07-17 12:00:00,monsoon,16,4,20,0.8,OK
BLR006,2025-07-17 13:00:00,monsoon,16,4,20,0.8,OK
BLR006,2025-07-17 14:00:00,monsoon,15,5,20,0.75,OK
BLR006,2025-07-17 15:00:00,monsoon,15,5,20,0.75,OK
BLR006,2025-07-17 16:00:00,monsoon,15,5,20,0.75,OK
BLR006,2025-07-17 17:00:00,monsoon,15,5,20,0.75,OK
BLR006,2025-07-17 18:00:00,monsoon,13,7,20,0.65,OK
BLR006,2025-07-17 19:00:00,monsoon,11,9,20,0.55,OK
BLR006,2025-07-17 20:00:00,monsoon,10,10,20,0.5,OK
BLR006,2025-07-17 21:00:00,monsoon,10,10,20,0.5,OK
BLR006,2025-07-17 22:00:00,monsoon,10,10,20,0.5,OK
BLR006,2025-07-17 23:00:00,monsoon,10,10,20,0.5,OK
BLR006,2025-07-18 00:00:00,monsoon,11,9,20,0.55,OK
BLR006,2025-07-18 01:00:00,monsoon,12,8,20,0.6,OK
BLR006,2025-07-18 02:00:00,monsoon,12,8,20,0.6,OK
BLR006,2025-07-18 03:00:00,monsoon,13,7,20,0.65,OK
BLR006,2025-07-18 04:00:00,monsoon,12,8,20,0.6,OK
BLR006,2025-07-18 05:00:00,monsoon,12,8,20,0.6,OK
BLR006,2025-07-18 06:00:00,monsoon,13,7,20,0.65,OK
BLR006,2025-07-18 07:00:00,monsoon,13,7,20,0.65,OK
BLR006,2025-07-18 08:00:00,monsoon,13,7,20,0.65,OK
BLR006,2025-07-18 09:00:00,monsoon,14,6,20,0.7,OK
BLR006,2025-07-18 10:00:00,monsoon,15,5,20,0.75,OK
BLR006,2025-07-18 11:00:00,monsoon,14,6,20,0.7,OK
BLR006,2025-07-18 12:00:00,monsoon,14,6,20,0.7,OK
BLR006,2025-07-18 13:00:00,monsoon,15,5,20,0.75,OK
BLR006,2025-07-18 14:00:00,monsoon,15,5,20,0.75,OK
BLR006,2025-07-18 15:00:00,monsoon,14,6,20,0.7,OK
BLR006,2025-07-18 16:00:00,monsoon,15,5,20,0.75,OK
BLR006,2025-07-18 17:00:00,monsoon,14,6,20,0.7,OK
BLR006,2025-07-18 18:00:00,monsoon,14,6,20,0.7,OK
BLR006,2025-07-18 19:00:00,monsoon,12,8,20,0.6,OK
BLR006,2025-07-18 20:00:00,monsoon,12,8,20,0.6,OK
BLR006,2025-07-18 21:00:00,monsoon,13,7,20,0.65,OK
BLR006,2025-07-18 22:00:00,monsoon,13,7,20,0.65,OK
BLR006,2025-07-18 23:00:00,monsoon,12,8,20,0.6,OK
BLR006,2025-07-19 00:00:00,monsoon,13,7,20,0.65,OK
BLR006,2025-07-19 01:00:00,monsoon,12,8,20,0.6,OK
BLR006,2025-07-19 02:00:00,monsoon,12,8,20,0.6,OK
BLR006,2025-07-19 03:00:00,monsoon,12,8,20,0.6,OK
BLR006,2025-07-19 04:00:00,monsoon,13,7,20,0.65,OK
BLR006,2025-07-19 05:00:00,monsoon,14,6,20,0.7,OK
BLR006,2025-07-19 06:00:00,monsoon,14,6,20,0.7,OK
BLR006,2025-07-19 07:00:00,monsoon,14,6,20,0.7,OK
BLR006,2025-07-19 08:00:00,monsoon,14,6,20,0.7,OK
BLR006,2025-07-19 09:00:00,monsoon,14,6,20,0.7,OK
BLR006,2025-07-19 10:00:00,monsoon,14,6,20,0.7,OK
BLR006,2025-07-19 11:00:00,monsoon,14,6,20,0.7,OK
BLR006,2025-07-19 12:00:00,monsoon,14,6,20,0.7,OK
BLR006,2025-07-19 13:00:00,monsoon,14,6,20,0.7,OK
BLR006,2025-07-19 14:00:00,monsoon,15,5,20,0.75,OK
BLR006,2025-07-19 15:00:00,monsoon,15,5,20,0.75,OK
BLR006,2025-07-19 16:00:00,monsoon,16,4,20,0.8,OK
BLR006,2025-07-19 17:00:00,monsoon,13,7,20,0.65,OK
BLR006,2025-07-19 18:00:00,monsoon,13,7,20,0.65,OK
BLR006,2025-07-19 19:00:00,monsoon,12,8,20,0.6,OK
BLR006,2025-07-19 20:00:00,monsoon,12,8,20,0.6,OK
BLR006,2025-07-19 21:00:00,monsoon,13,7,20,0.65,OK
BLR006,2025-07-19 22:00:00,monsoon,14,6,20,0.7,OK
BLR006,2025-07-19 23:00:00,monsoon,14,6,20,0.7,OK
BLR006,2025-07-20 00:00:00,monsoon,15,5,20,0.75,OK
BLR006,2025-07-20 01:00:00,monsoon,15,5,20,0.75,OK
BLR006,2025-07-20 02:00:00,monsoon,16,4,20,0.8,OK
BLR006,2025-07-20 03:00:00,monsoon,16,4,20,0.8,OK
BLR006,2025-07-20 04:00:00,monsoon,16,4,20,0.8,OK
BLR006,2025-07-20 05:00:00,monsoon,16,4,20,0.8,OK
BLR006,2025-07-20 06:00:00,monsoon,16,4,20,0.8,OK
BLR006,2025-07-20 07:00:00,monsoon,16,4,20,0.8,OK
BLR006,2025-07-20 08:00:00,monsoon,16,4,20,0.8,OK
BLR006,2025-07-20 09:00:00,monsoon,16,4,20,0.8,OK
BLR006,2025-07-20 10:00:00,monsoon,16,4,20,0.8,OK
BLR006,2025-07-20 11:00:00,monsoon,15,5,20,0.75,OK
BLR006,2025-07-20 12:00:00,monsoon,14,6,20,0.7,OK
BLR006,2025-07-20 13:00:00,monsoon,14,6,20,0.7,OK
BLR006,2025-07-20 14:00:00,monsoon,14,6,20,0.7,OK
BLR006,2025-07-20 15:00:00,monsoon,13,7,20,0.65,OK
BLR006,2025-07-20 16:00:00,monsoon,14,6,20,0.7,OK
BLR006,2025-07-20 17:00:00,monsoon,9,11,20,0.45,OK
BLR006,2025-07-20 18:00:00,monsoon,6,14,20,0.3,OK
BLR006,2025-07-20 19:00:00,monsoon,6,14,20,0.3,OK
BLR006,2025-07-20 20:00:00,monsoon,5,15,20,0.25,OK
BLR006,2025-07-20 21:00:00,monsoon,5,15,20,0.25,OK
BLR006,2025-07-20 22:00:00,monsoon,4,16,20,0.2,OK
BLR006,2025-07-20 23:00:00,monsoon,4,16,20,0.2,OK
BLR007,2025-07-14 00:00:00,monsoon,8,12,20,0.4,OK
BLR007,2025-07-14 01:00:00,monsoon,8,12,20,0.4,OK
BLR007,2025-07-14 02:00:00,monsoon,7,13,20,0.35,OK
BLR007,2025-07-14 03:00:00,monsoon,7,13,20,0.35,OK
BLR007,2025-07-14 04:00:00,monsoon,8,12,20,0.4,OK
BLR007,2025-07-14 05:00:00,monsoon,7,13,20,0.35,OK
BLR007,2025-07-14 06:00:00,monsoon,7,13,20,0.35,OK
BLR007,2025-07-14 07:00:00,monsoon,7,13,20,0.35,OK
BLR007,2025-07-14 08:00:00,monsoon,7,13,20,0.35,OK
BLR007,2025-07-14 09:00:00,monsoon,7,13,20,0.35,OK
BLR007,2025-07-14 10:00:00,monsoon,7,13,20,0.35,OK
BLR007,2025-07-14 11:00:00,monsoon,7,13,20,0.35,OK
BLR007,2025-07-14 12:00:00,monsoon,7,13,20,0.35,OK
BLR007,2025-07-14 13:00:00,monsoon,7,13,20,0.35,OK
BLR007,2025-07-14 14:00:00,monsoon,7,13,20,0.35,OK
BLR007,2025-07-14 15:00:00,monsoon,7,13,20,0.35,OK
BLR007,2025-07-14 16:00:00,monsoon,7,13,20,0.35,OK
BLR007,2025-07-14 17:00:00,monsoon,7,13,20,0.35,OK
BLR007,2025-07-14 18:00:00,monsoon,6,14,20,0.3,OK
BLR007,2025-07-14 19:00:00,monsoon,5,15,20,0.25,OK
BLR007,2025-07-14 20:00:00,monsoon,5,15,20,0.25,OK
BLR007,2025-07-14 21:00:00,monsoon,4,16,20,0.2,OK
BLR007,2025-07-14 22:00:00,monsoon,4,16,20,0.2,OK
BLR007,2025-07-14 23:00:00,monsoon,4,16,20,0.2,OK
BLR007,2025-07-15 00:00:00,monsoon,5,15,20,0.25,OK
BLR007,2025-07-15 01:00:00,monsoon,5,15,20,0.25,OK
BLR007,2025-07-15 02:00:00,monsoon,5,15,20,0.25,OK
BLR007,2025-07-15 03:00:00,monsoon,4,16,20,0.2,OK
BLR007,2025-07-15 04:00:00,monsoon,4,16,20,0.2,OK
BLR007,2025-07-15 05:00:00,monsoon,5,15,20,0.25,OK
BLR007,2025-07-15 06:00:00,monsoon,6,14,20,0.3,OK
BLR007,2025-07-15 07:00:00,monsoon,6,14,20,0.3,OK
BLR007,2025-07-15 08:00:00,monsoon,6,14,20,0.3,OK
BLR007,2025-07-15 09:00:00,monsoon,10,10,20,0.5,OK
BLR007,2025-07-15 10:00:00,monsoon,11,9,20,0.55,OK
BLR007,2025-07-15 11:00:00,monsoon,10,10,20,0.5,OK
BLR007,2025-07-15 12:00:00,monsoon,9,11,20,0.45,OK
BLR007,2025-07-15 13:00:00,monsoon,10,10,20,0.5,OK
BLR007,2025-07-15 14:00:00,monsoon,9,11,20,0.45,OK
BLR007,2025-07-15 15:00:00,monsoon,9,11,20,0.45,OK
BLR007,2025-07-15 16:00:00,monsoon,9,11,20,0.45,OK
BLR007,2025-07-15 17:00:00,monsoon,8,12,20,0.4,OK
BLR007,2025-07-15 18:00:00,monsoon,8,12,20,0.4,OK
BLR007,2025-07-15 19:00:00,monsoon,8,12,20,0.4,OK
BLR007,2025-07-15 20:00:00,monsoon,7,13,20,0.35,OK
BLR007,2025-07-15 21:00:00,monsoon,8,12,20,0.4,OK
BLR007,2025-07-15 22:00:00,monsoon,8,12,20,0.4,OK
BLR007,2025-07-15 23:00:00,monsoon,9,11,20,0.45,OK
BLR007,2025-07-16 00:00:00,monsoon,9,11,20,0.45,OK
BLR007,2025-07-16 01:00:00,monsoon,10,10,20,0.5,OK
BLR007,2025-07-16 02:00:00,monsoon,10,10,20,0.5,OK
BLR007,2025-07-16 03:00:00,monsoon,9,11,20,0.45,OK
BLR007,2025-07-16 04:00:00,monsoon,8,12,20,0.4,OK
BLR007,2025-07-16 05:00:00,monsoon,9,11,20,0.45,OK
BLR007,2025-07-16 06:00:00,monsoon,10,10,20,0.5,OK
BLR007,2025-07-16 07:00:00,monsoon,10,10,20,0.5,OK
BLR007,2025-07-16 08:00:00,monsoon,11,9,20,0.55,OK
BLR007,2025-07-16 09:00:00,monsoon,11,9,20,0.55,OK
BLR007,2025-07-16 10:00:00,monsoon,12,8,20,0.6,OK
BLR007,2025-07-16 11:00:00,monsoon,12,8,20,0.6,OK
BLR007,2025-07-16 12:00:00,monsoon,12,8,20,0.6,OK
BLR007,2025-07-16 13:00:00,monsoon,12,8,20,0.6,OK
BLR007,2025-07-16 14:00:00,monsoon,11,9,20,0.55,OK
BLR007,2025-07-16 15:00:00,monsoon,11,9,20,0.55,OK
BLR007,2025-07-16 16:00:00,monsoon,11,9,20,0.55,OK
BLR007,2025-07-16 17:00:00,monsoon,11,9,20,0.55,OK
BLR007,2025-07-16 18:00:00,monsoon,10,10,20,0.5,OK
BLR007,2025-07-16 19:00:00,monsoon,7,13,20,0.35,OK
BLR007,2025-07-16 20:00:00,monsoon,7,13,20,0.35,OK
BLR007,2025-07-16 21:00:00,monsoon,8,12,20,0.4,OK
BLR007,2025-07-16 22:00:00,monsoon,8,12,20,0.4,OK
BLR007,2025-07-16 23:00:00,monsoon,9,11,20,0.45,OK
BLR007,2025-07-17 00:00:00,monsoon,10,10,20,0.5,OK
BLR007,2025-07-17 01:00:00,monsoon,9,11,20,0.45,OK
BLR007,2025-07-17 02:00:00,monsoon,9,11,20,0.45,OK
BLR007,2025-07-17 03:00:00,monsoon,9,11,20,0.45,OK
BLR007,2025-07-17 04:00:00,monsoon,8,12,20,0.4,OK
BLR007,2025-07-17 05:00:00,monsoon,8,12,20,0.4,OK
BLR007,2025-07-17 06:00:00,monsoon,7,13,20,0.35,OK
BLR007,2025-07-17 07:00:00,monsoon,8,12,20,0.4,OK
BLR007,2025-07-17 08:00:00,monsoon,9,11,20,0.45,OK
BLR007,2025-07-17 09:00:00,monsoon,10,10,20,0.5,OK
BLR007,2025-07-17 10:00:00,monsoon,11,9,20,0.55,OK
BLR007,2025-07-17 11:00:00,monsoon,11,9,20,0.55,OK
BLR007,2025-07-17 12:00:00,monsoon,11,9,20,0.55,OK
BLR007,2025-07-17 13:00:00,monsoon,12,8,20,0.6,OK
BLR007,2025-07-17 14:00:00,monsoon,12,8,20,0.6,OK
BLR007,2025-07-17 15:00:00,monsoon,12,8,20,0.6,OK
BLR007,2025-07-17 16:00:00,monsoon,13,7,20,0.65,OK
BLR007,2025-07-17 17:00:00,monsoon,13,7,20,0.65,OK
BLR007,2025-07-17 18:00:00,monsoon,11,9,20,0.55,OK
BLR007,2025-07-17 19:00:00,monsoon,11,9,20,0.55,OK
BLR007,2025-07-17 20:00:00,monsoon,9,11,20,0.45,OK
BLR007,2025-07-17 21:00:00,monsoon,8,12,20,0.4,OK
BLR007,2025-07-17 22:00:00,monsoon,7,13,20,0.35,OK
BLR007,2025-07-17 23:00:00,monsoon,6,14,20,0.3,OK
BLR007,2025-07-18 00:00:00,monsoon,5,15,20,0.25,OK
BLR007,2025-07-18 01:00:00,monsoon,4,16,20,0.2,OK
BLR007,2025-07-18 02:00:00,monsoon,4,16,20,0.2,OK
BLR007,2025-07-18 03:00:00,monsoon,4,16,20,0.2,OK
BLR007,2025-07-18 04:00:00,monsoon,4,16,20,0.2,OK
BLR007,2025-07-18 05:00:00,monsoon,5,15,20,0.25,OK
BLR007,2025-07-18 06:00:00,monsoon,5,15,20,0.25,OK
BLR007,2025-07-18 07:00:00,monsoon,5,15,20,0.25,OK
BLR007,2025-07-18 08:00:00,monsoon,5,15,20,0.25,OK
BLR007,2025-07-18 09:00:00,monsoon,5,15,20,0.25,OK
BLR007,2025-07-18 10:00:00,monsoon,6,14,20,0.3,OK
BLR007,2025-07-18 11:00:00,monsoon,5,15,20,0.25,OK
BLR007,2025-07-18 12:00:00,monsoon,6,14,20,0.3,OK
BLR007,2025-07-18 13:00:00,monsoon,6,14,20,0.3,OK
BLR007,2025-07-18 14:00:00,monsoon,6,14,20,0.3,OK
BLR007,2025-07-18 15:00:00,monsoon,6,14,20,0.3,OK
BLR007,2025-07-18 16:00:00,monsoon,5,15,20,0.25,OK
BLR007,2025-07-18 17:00:00,monsoon,5,15,20,0.25,OK
BLR007,2025-07-18 18:00:00,monsoon,2,18,20,0.1,Understocked
BLR007,2025-07-18 19:00:00,monsoon,1,19,20,0.05,Understocked
BLR007,2025-07-18 20:00:00,monsoon,1,19,20,0.05,Understocked
BLR007,2025-07-18 21:00:00,monsoon,0,20,20,0.0,Understocked
BLR007,2025-07-18 22:00:00,monsoon,0,20,20,0.0,Understocked
BLR007,2025-07-18 23:00:00,monsoon,0,20,20,0.0,Understocked
BLR007,2025-07-19 00:00:00,monsoon,0,20,20,0.0,Understocked
BLR007,2025-07-19 01:00:00,monsoon,1,19,20,0.05,Understocked
BLR007,2025-07-19 02:00:00,monsoon,1,19,20,0.05,Understocked
BLR007,2025-07-19 03:00:00,monsoon,0,20,20,0.0,Understocked
BLR007,2025-07-19 04:00:00,monsoon,0,20,20,0.0,Understocked
BLR007,2025-07-19 05:00:00,monsoon,0,20,20,0.0,Understocked
BLR007,2025-07-19 06:00:00,monsoon,1,19,20,0.05,Understocked
BLR007,2025-07-19 07:00:00,monsoon,1,19,20,0.05,Understocked
BLR007,2025-07-19 08:00:00,monsoon,1,19,20,0.05,Understocked
BLR007,2025-07-19 09:00:00,monsoon,3,17,20,0.15,OK
BLR007,2025-07-19 10:00:00,monsoon,3,17,20,0.15,OK
BLR007,2025-07-19 11:00:00,monsoon,3,17,20,0.15,OK
BLR007,2025-07-19 12:00:00,monsoon,2,18,20,0.1,Understocked
BLR007,2025-07-19 13:00:00,monsoon,2,18,20,0.1,Understocked
BLR007,2025-07-19 14:00:00,monsoon,1,19,20,0.05,Understocked
BLR007,2025-07-19 15:00:00,monsoon,1,19,20,0.05,Understocked
BLR007,2025-07-19 16:00:00,monsoon,2,18,20,0.1,Understocked
BLR007,2025-07-19 17:00:00,monsoon,2,18,20,0.1,Understocked
BLR007,2025-07-19 18:00:00,monsoon,0,20,20,0.0,Understocked
BLR007,2025-07-19 19:00:00,monsoon,0,20,20,0.0,Understocked
BLR007,2025-07-19 20:00:00,monsoon,0,20,20,0.0,Understocked
BLR007,2025-07-19 21:00:00,monsoon,0,20,20,0.0,Understocked
BLR007,2025-07-19 22:00:00,monsoon,0,20,20,0.0,Understocked
BLR007,2025-07-19 23:00:00,monsoon,0,20,20,0.0,Understocked
BLR007,2025-07-20 00:00:00,monsoon,0,20,20,0.0,Understocked
BLR007,2025-07-20 01:00:00,monsoon,0,20,20,0.0,Understocked
BLR007,2025-07-20 02:00:00,monsoon,0,20,20,0.0,Understocked
BLR007,2025-07-20 03:00:00,monsoon,0,20,20,0.0,Understocked
BLR007,2025-07-20 04:00:00,monsoon,0,20,20,0.0,Understocked
BLR007,2025-07-20 05:00:00,monsoon,0,20,20,0.0,Understocked
BLR007,2025-07-20 06:00:00,monsoon,0,20,20,0.0,Understocked
BLR007,2025-07-20 07:00:00,monsoon,2,18,20,0.1,Understocked
BLR007,2025-07-20 08:00:00,monsoon,2,18,20,0.1,Understocked
BLR007,2025-07-20 09:00:00,monsoon,4,16,20,0.2,OK
BLR007,2025-07-20 10:00:00,monsoon,5,15,20,0.25,OK
BLR007,2025-07-20 11:00:00,monsoon,5,15,20,0.25,OK
BLR007,2025-07-20 12:00:00,monsoon,4,16,20,0.2,OK
BLR007,2025-07-20 13:00:00,monsoon,4,16,20,0.2,OK
BLR007,2025-07-20 14:00:00,monsoon,4,16,20,0.2,OK
BLR007,2025-07-20 15:00:00,monsoon,4,16,20,0.2,OK
BLR007,2025-07-20 16:00:00,monsoon,5,15,20,0.25,OK
BLR007,2025-07-20 17:00:00,monsoon,5,15,20,0.25,OK
BLR007,2025-07-20 18:00:00,monsoon,4,16,20,0.2,OK
BLR007,2025-07-20 19:00:00,monsoon,3,17,20,0.15,OK
BLR007,2025-07-20 20:00:00,monsoon,3,17,20,0.15,OK
BLR007,2025-07-20 21:00:00,monsoon,3,17,20,0.15,OK
BLR007,2025-07-20 22:00:00,monsoon,3,17,20,0.15,OK
BLR007,2025-07-20 23:00:00,monsoon,2,18,20,0.1,Understocked
BLR008,2025-07-14 00:00:00,monsoon,10,6,16,0.62,OK
BLR008,2025-07-14 01:00:00,monsoon,9,7,16,0.56,OK
BLR008,2025-07-14 02:00:00,monsoon,9,7,16,0.56,OK
BLR008,2025-07-14 03:00:00,monsoon,9,7,16,0.56,OK
BLR008,2025-07-14 04:00:00,monsoon,9,7,16,0.56,OK
BLR008,2025-07-14 05:00:00,monsoon,8,8,16,0.5,OK
BLR008,2025-07-14 06:00:00,monsoon,8,8,16,0.5,OK
BLR008,2025-07-14 07:00:00,monsoon,9,7,16,0.56,OK
BLR008,2025-07-14 08:00:00,monsoon,10,6,16,0.62,OK
BLR008,2025-07-14 09:00:00,monsoon,10,6,16,0.62,OK
BLR008,2025-07-14 10:00:00,monsoon,12,4,16,0.75,OK
BLR008,2025-07-14 11:00:00,monsoon,12,4,16,0.75,OK
BLR008,2025-07-14 12:00:00,monsoon,12,4,16,0.75,OK
BLR008,2025-07-14 13:00:00,monsoon,12,4,16,0.75,OK
BLR008,2025-07-14 14:00:00,monsoon,12,4,16,0.75,OK
BLR008,2025-07-14 15:00:00,monsoon,13,3,16,0.81,OK
BLR008,2025-07-14 16:00:00,monsoon,13,3,16,0.81,OK
BLR008,2025-07-14 17:00:00,monsoon,13,3,16,0.81,OK
BLR008,2025-07-14 18:00:00,monsoon,13,3,16,0.81,OK
BLR008,2025-07-14 19:00:00,monsoon,13,3,16,0.81,OK
BLR008,2025-07-14 20:00:00,monsoon,13,3,16,0.81,OK
BLR008,2025-07-14 21:00:00,monsoon,13,3,16,0.81,OK
BLR008,2025-07-14 22:00:00,monsoon,12,4,16,0.75,OK
BLR008,2025-07-14 23:00:00,monsoon,11,5,16,0.69,OK
BLR008,2025-07-15 00:00:00,monsoon,12,4,16,0.75,OK
BLR008,2025-07-15 01:00:00,monsoon,12,4,16,0.75,OK
BLR008,2025-07-15 02:00:00,monsoon,12,4,16,0.75,OK
BLR008,2025-07-15 03:00:00,monsoon,12,4,16,0.75,OK
BLR008,2025-07-15 04:00:00,monsoon,12,4,16,0.75,OK
BLR008,2025-07-15 05:00:00,monsoon,12,4,16,0.75,OK
BLR008,2025-07-15 06:00:00,monsoon,13,3,16,0.81,OK
BLR008,2025-07-15 07:00:00,monsoon,14,2,16,0.88,OK
BLR008,2025-07-15 08:00:00,monsoon,15,1,16,0.94,Overstocked
BLR008,2025-07-15 09:00:00,monsoon,16,0,16,1.0,Overstocked
BLR008,2025-07-15 10:00:00,monsoon,16,0,16,1.0,Overstocked
BLR008,2025-07-15 11:00:00,monsoon,16,0,16,1.0,Overstocked
BLR008,2025-07-15 12:00:00,monsoon,16,0,16,1.0,Overstocked
BLR008,2025-07-15 13:00:00,monsoon,16,0,16,1.0,Overstocked
BLR008,2025-07-15 14:00:00,monsoon,16,0,16,1.0,Overstocked
BLR008,2025-07-15 15:00:00,monsoon,15,1,16,0.94,Overstocked
BLR008,2025-07-15 16:00:00,monsoon,15,1,16,0.94,Overstocked
BLR008,2025-07-15 17:00:00,monsoon,15,1,16,0.94,Overstocked
BLR008,2025-07-15 18:00:00,monsoon,15,1,16,0.94,Overstocked
BLR008,2025-07-15 19:00:00,monsoon,14,2,16,0.88,OK
BLR008,2025-07-15 20:00:00,monsoon,13,3,16,0.81,OK
BLR008,2025-07-15 21:00:00,monsoon,13,3,16,0.81,OK
BLR008,2025-07-15 22:00:00,monsoon,13,3,16,0.81,OK
BLR008,2025-07-15 23:00:00,monsoon,13,3,16,0.81,OK
BLR008,2025-07-16 00:00:00,monsoon,13,3,16,0.81,OK
BLR008,2025-07-16 01:00:00,monsoon,12,4,16,0.75,OK
BLR008,2025-07-16 02:00:00,monsoon,13,3,16,0.81,OK
BLR008,2025-07-16 03:00:00,monsoon,12,4,16,0.75,OK
BLR008,2025-07-16 04:00:00,monsoon,12,4,16,0.75,OK
BLR008,2025-07-16 05:00:00,monsoon,11,5,16,0.69,OK
BLR008,2025-07-16 06:00:00,monsoon,11,5,16,0.69,OK
BLR008,2025-07-16 07:00:00,monsoon,11,5,16,0.69,OK
BLR008,2025-07-16 08:00:00,monsoon,11,5,16,0.69,OK
BLR008,2025-07-16 09:00:00,monsoon,11,5,16,0.69,OK
BLR008,2025-07-16 10:00:00,monsoon,12,4,16,0.75,OK
BLR008,2025-07-16 11:00:00,monsoon,12,4,16,0.75,OK
BLR008,2025-07-16 12:00:00,monsoon,12,4,16,0.75,OK
BLR008,2025-07-16 13:00:00,monsoon,12,4,16,0.75,OK
BLR008,2025-07-16 14:00:00,monsoon,11,5,16,0.69,OK
BLR008,2025-07-16 15:00:00,monsoon,11,5,16,0.69,OK
BLR008,2025-07-16 16:00:00,monsoon,11,5,16,0.69,OK
BLR008,2025-07-16 17:00:00,monsoon,11,5,16,0.69,OK
BLR008,2025-07-16 18:00:00,monsoon,10,6,16,0.62,OK
BLR008,2025-07-16 19:00:00,monsoon,10,6,16,0.62,OK
BLR008,2025-07-16 20:00:00,monsoon,10,6,16,0.62,OK
BLR008,2025-07-16 21:00:00,monsoon,10,6,16,0.62,OK
BLR008,2025-07-16 22:00:00,monsoon,10,6,16,0.62,OK
BLR008,2025-07-16 23:00:00,monsoon,10,6,16,0.62,OK
BLR008,2025-07-17 00:00:00,monsoon,11,5,16,0.69,OK
BLR008,2025-07-17 01:00:00,monsoon,11,5,16,0.69,OK
BLR008,2025-07-17 02:00:00,monsoon,12,4,16,0.75,OK
BLR008,2025-07-17 03:00:00,monsoon,11,5,16,0.69,OK
BLR008,2025-07-17 04:00:00,monsoon,12,4,16,0.75,OK
BLR008,2025-07-17 05:00:00,monsoon,11,5,16,0.69,OK
BLR008,2025-07-17 06:00:00,monsoon,11,5,16,0.69,OK
BLR008,2025-07-17 07:00:00,monsoon,11,5,16,0.69,OK
BLR008,2025-07-17 08:00:00,monsoon,11,5,16,0.69,OK
BLR008,2025-07-17 09:00:00,monsoon,13,3,16,0.81,OK
BLR008,2025-07-17 10:00:00,monsoon,13,3,16,0.81,OK
BLR008,2025-07-17 11:00:00,monsoon,12,4,16,0.75,OK
BLR008,2025-07-17 12:00:00,monsoon,12,4,16,0.75,OK
BLR008,2025-07-17 13:00:00,monsoon,12,4,16,0.75,OK
BLR008,2025-07-17 14:00:00,monsoon,12,4,16,0.75,OK
BLR008,2025-07-17 15:00:00,monsoon,11,5,16,0.69,OK
BLR008,2025-07-17 16:00:00,monsoon,11,5,16,0.69,OK
BLR008,2025-07-17 17:00:00,monsoon,8,8,16,0.5,OK
BLR008,2025-07-17 18:00:00,monsoon,7,9,16,0.44,OK
BLR008,2025-07-17 19:00:00,monsoon,6,10,16,0.38,OK
BLR008,2025-07-17 20:00:00,monsoon,5,11,16,0.31,OK
BLR008,2025-07-17 21:00:00,monsoon,6,10,16,0.38,OK
BLR008,2025-07-17 22:00:00,monsoon,6,10,16,0.38,OK
BLR008,2025-07-17 23:00:00,monsoon,6,10,16,0.38,OK
BLR008,2025-07-18 00:00:00,monsoon,6,10,16,0.38,OK
BLR008,2025-07-18 01:00:00,monsoon,7,9,16,0.44,OK
BLR008,2025-07-18 02:00:00,monsoon,7,9,16,0.44,OK
BLR008,2025-07-18 03:00:00,monsoon,7,9,16,0.44,OK
BLR008,2025-07-18 04:00:00,monsoon,7,9,16,0.44,OK
BLR008,2025-07-18 05:00:00,monsoon,6,10,16,0.38,OK
BLR008,2025-07-18 06:00:00,monsoon,6,10,16,0.38,OK
BLR008,2025-07-18 07:00:00,monsoon,6,10,16,0.38,OK
BLR008,2025-07-18 08:00:00,monsoon,8,8,16,0.5,OK
BLR008,2025-07-18 09:00:00,monsoon,9,7,16,0.56,OK
BLR008,2025-07-18 10:00:00,monsoon,12,4,16,0.75,OK
BLR008,2025-07-18 11:00:00,monsoon,13,3,16,0.81,OK
BLR008,2025-07-18 12:00:00,monsoon,13,3,16,0.81,OK
BLR008,2025-07-18 13:00:00,monsoon,13,3,16,0.81,OK
BLR008,2025-07-18 14:00:00,monsoon,14,2,16,0.88,OK
BLR008,2025-07-18 15:00:00,monsoon,15,1,16,0.94,Overstocked
BLR008,2025-07-18 16:00:00,monsoon,14,2,16,0.88,OK
BLR008,2025-07-18 17:00:00,monsoon,14,2,16,0.88,OK
BLR008,2025-07-18 18:00:00,monsoon,13,3,16,0.81,OK
BLR008,2025-07-18 19:00:00,monsoon,12,4,16,0.75,OK
BLR008,2025-07-18 20:00:00,monsoon,12,4,16,0.75,OK
BLR008,2025-07-18 21:00:00,monsoon,12,4,16,0.75,OK
BLR008,2025-07-18 22:00:00,monsoon,11,5,16,0.69,OK
BLR008,2025-07-18 23:00:00,monsoon,11,5,16,0.69,OK
BLR008,2025-07-19 00:00:00,monsoon,10,6,16,0.62,OK
BLR008,2025-07-19 01:00:00,monsoon,10,6,16,0.62,OK
BLR008,2025-07-19 02:00:00,monsoon,10,6,16,0.62,OK
BLR008,2025-07-19 03:00:00,monsoon,10,6,16,0.62,OK
BLR008,2025-07-19 04:00:00,monsoon,10,6,16,0.62,OK
BLR008,2025-07-19 05:00:00,monsoon,11,5,16,0.69,OK
BLR008,2025-07-19 06:00:00,monsoon,12,4,16,0.75,OK
BLR008,2025-07-19 07:00:00,monsoon,12,4,16,0.75,OK
BLR008,2025-07-19 08:00:00,monsoon,12,4,16,0.75,OK
BLR008,2025-07-19 09:00:00,monsoon,13,3,16,0.81,OK
BLR008,2025-07-19 10:00:00,monsoon,13,3,16,0.81,OK
BLR008,2025-07-19 11:00:00,monsoon,13,3,16,0.81,OK
BLR008,2025-07-19 12:00:00,monsoon,12,4,16,0.75,OK
BLR008,2025-07-19 13:00:00,monsoon,11,5,16,0.69,OK
BLR008,2025-07-19 14:00:00,monsoon,12,4,16,0.75,OK
BLR008,2025-07-19 15:00:00,monsoon,12,4,16,0.75,OK
BLR008,2025-07-19 16:00:00,monsoon,11,5,16,0.69,OK
BLR008,2025-07-19 17:00:00,monsoon,8,8,16,0.5,OK
BLR008,2025-07-19 18:00:00,monsoon,5,11,16,0.31,OK
BLR008,2025-07-19 19:00:00,monsoon,2,14,16,0.12,OK
BLR008,2025-07-19 20:00:00,monsoon,2,14,16,0.12,OK
BLR008,2025-07-19 21:00:00,monsoon,3,13,16,0.19,OK
BLR008,2025-07-19 22:00:00,monsoon,3,13,16,0.19,OK
BLR008,2025-07-19 23:00:00,monsoon,2,14,16,0.12,OK
BLR008,2025-07-20 00:00:00,monsoon,1,15,16,0.06,Understocked
BLR008,2025-07-20 01:00:00,monsoon,1,15,16,0.06,Understocked
BLR008,2025-07-20 02:00:00,monsoon,2,14,16,0.12,OK
BLR008,2025-07-20 03:00:00,monsoon,3,13,16,0.19,OK
BLR008,2025-07-20 04:00:00,monsoon,3,13,16,0.19,OK
BLR008,2025-07-20 05:00:00,monsoon,3,13,16,0.19,OK
BLR008,2025-07-20 06:00:00,monsoon,3,13,16,0.19,OK
BLR008,2025-07-20 07:00:00,monsoon,3,13,16,0.19,OK
BLR008,2025-07-20 08:00:00,monsoon,3,13,16,0.19,OK
BLR008,2025-07-20 09:00:00,monsoon,3,13,16,0.19,OK
BLR008,2025-07-20 10:00:00,monsoon,4,12,16,0.25,OK
BLR008,2025-07-20 11:00:00,monsoon,4,12,16,0.25,OK
BLR008,2025-07-20 12:00:00,monsoon,4,12,16,0.25,OK
BLR008,2025-07-20 13:00:00,monsoon,4,12,16,0.25,OK
BLR008,2025-07-20 14:00:00,monsoon,5,11,16,0.31,OK
BLR008,2025-07-20 15:00:00,monsoon,5,11,16,0.31,OK
BLR008,2025-07-20 16:00:00,monsoon,5,11,16,0.31,OK
BLR008,2025-07-20 17:00:00,monsoon,2,14,16,0.12,OK
BLR008,2025-07-20 18:00:00,monsoon,1,15,16,0.06,Understocked
BLR008,2025-07-20 19:00:00,monsoon,0,16,16,0.0,Understocked
BLR008,2025-07-20 20:00:00,monsoon,0,16,16,0.0,Understocked
BLR008,2025-07-20 21:00:00,monsoon,0,16,16,0.0,Understocked
BLR008,2025-07-20 22:00:00,monsoon,0,16,16,0.0,Understocked
BLR008,2025-07-20 23:00:00,monsoon,0,16,16,0.0,Understocked
BLR009,2025-07-14 00:00:00,monsoon,15,5,20,0.75,OK
BLR009,2025-07-14 01:00:00,monsoon,15,5,20,0.75,OK
BLR009,2025-07-14 02:00:00,monsoon,15,5,20,0.75,OK
BLR009,2025-07-14 03:00:00,monsoon,15,5,20,0.75,OK
BLR009,2025-07-14 04:00:00,monsoon,14,6,20,0.7,OK
BLR009,2025-07-14 05:00:00,monsoon,15,5,20,0.75,OK
BLR009,2025-07-14 06:00:00,monsoon,15,5,20,0.75,OK
BLR009,2025-07-14 07:00:00,monsoon,15,5,20,0.75,OK
BLR009,2025-07-14 08:00:00,monsoon,17,3,20,0.85,OK
BLR009,2025-07-14 09:00:00,monsoon,20,0,20,1.0,Overstocked
BLR009,2025-07-14 10:00:00,monsoon,20,0,20,1.0,Overstocked
BLR009,2025-07-14 11:00:00,monsoon,20,0,20,1.0,Overstocked
BLR009,2025-07-14 12:00:00,monsoon,19,1,20,0.95,Overstocked
BLR009,2025-07-14 13:00:00,monsoon,19,1,20,0.95,Overstocked
BLR009,2025-07-14 14:00:00,monsoon,18,2,20,0.9,Overstocked
BLR009,2025-07-14 15:00:00,monsoon,17,3,20,0.85,OK
BLR009,2025-07-14 16:00:00,monsoon,18,2,20,0.9,Overstocked
BLR009,2025-07-14 17:00:00,monsoon,17,3,20,0.85,OK
BLR009,2025-07-14 18:00:00,monsoon,17,3,20,0.85,OK
BLR009,2025-07-14 19:00:00,monsoon,17,3,20,0.85,OK
BLR009,2025-07-14 20:00:00,monsoon,14,6,20,0.7,OK
BLR009,2025-07-14 21:00:00,monsoon,13,7,20,0.65,OK
BLR009,2025-07-14 22:00:00,monsoon,13,7,20,0.65,OK
BLR009,2025-07-14 23:00:00,monsoon,13,7,20,0.65,OK
BLR009,2025-07-15 00:00:00,monsoon,13,7,20,0.65,OK
BLR009,2025-07-15 01:00:00,monsoon,12,8,20,0.6,OK
BLR009,2025-07-15 02:00:00,monsoon,12,8,20,0.6,OK
BLR009,2025-07-15 03:00:00,monsoon,13,7,20,0.65,OK
BLR009,2025-07-15 04:00:00,monsoon,13,7,20,0.65,OK
BLR009,2025-07-15 05:00:00,monsoon,14,6,20,0.7,OK
BLR009,2025-07-15 06:00:00,monsoon,14,6,20,0.7,OK
BLR009,2025-07-15 07:00:00,monsoon,14,6,20,0.7,OK
BLR009,2025-07-15 08:00:00,monsoon,14,6,20,0.7,OK
BLR009,2025-07-15 09:00:00,monsoon,15,5,20,0.75,OK
BLR009,2025-07-15 10:00:00,monsoon,15,5,20,0.75,OK
BLR009,2025-07-15 11:00:00,monsoon,16,4,20,0.8,OK
BLR009,2025-07-15 12:00:00,monsoon,16,4,20,0.8,OK
BLR009,2025-07-15 13:00:00,monsoon,16,4,20,0.8,OK
BLR009,2025-07-15 14:00:00,monsoon,17,3,20,0.85,OK
BLR009,2025-07-15 15:00:00,monsoon,17,3,20,0.85,OK
BLR009,2025-07-15 16:00:00,monsoon,17,3,20,0.85,OK
BLR009,2025-07-15 17:00:00,monsoon,17,3,20,0.85,OK
BLR009,2025-07-15 18:00:00,monsoon,16,4,20,0.8,OK
BLR009,2025-07-15 19:00:00,monsoon,14,6,20,0.7,OK
BLR009,2025-07-15 20:00:00,monsoon,14,6,20,0.7,OK
BLR009,2025-07-15 21:00:00,monsoon,13,7,20,0.65,OK
BLR009,2025-07-15 22:00:00,monsoon,13,7,20,0.65,OK
BLR009,2025-07-15 23:00:00,monsoon,13,7,20,0.65,OK
BLR009,2025-07-16 00:00:00,monsoon,14,6,20,0.7,OK
BLR009,2025-07-16 01:00:00,monsoon,14,6,20,0.7,OK
BLR009,2025-07-16 02:00:00,monsoon,15,5,20,0.75,OK
BLR009,2025-07-16 03:00:00,monsoon,15,5,20,0.75,OK
BLR009,2025-07-16 04:00:00,monsoon,14,6,20,0.7,OK
BLR009,2025-07-16 05:00:00,monsoon,14,6,20,0.7,OK
BLR009,2025-07-16 06:00:00,monsoon,13,7,20,0.65,OK
BLR009,2025-07-16 07:00:00,monsoon,13,7,20,0.65,OK
BLR009,2025-07-16 08:00:00,monsoon,14,6,20,0.7,OK
BLR009,2025-07-16 09:00:00,monsoon,16,4,20,0.8,OK
BLR009,2025-07-16 10:00:00,monsoon,18,2,20,0.9,Overstocked
BLR009,2025-07-16 11:00:00,monsoon,18,2,20,0.9,Overstocked
BLR009,2025-07-16 12:00:00,monsoon,17,3,20,0.85,OK
BLR009,2025-07-16 13:00:00,monsoon,17,3,20,0.85,OK
BLR009,2025-07-16 14:00:00,monsoon,17,3,20,0.85,OK
BLR009,2025-07-16 15:00:00,monsoon,17,3,20,0.85,OK
BLR009,2025-07-16 16:00:00,monsoon,17,3,20,0.85,OK
BLR009,2025-07-16 17:00:00,monsoon,17,3,20,0.85,OK
BLR009,2025-07-16 18:00:00,monsoon,17,3,20,0.85,OK
BLR009,2025-07-16 19:00:00,monsoon,17,3,20,0.85,OK
BLR009,2025-07-16 20:00:00,monsoon,17,3,20,0.85,OK
BLR009,2025-07-16 21:00:00,monsoon,18,2,20,0.9,Overstocked
BLR009,2025-07-16 22:00:00,monsoon,18,2,20,0.9,Overstocked
BLR009,2025-07-16 23:00:00,monsoon,19,1,20,0.95,Overstocked
BLR009,2025-07-17 00:00:00,monsoon,19,1,20,0.95,Overstocked
BLR009,2025-07-17 01:00:00,monsoon,19,1,20,0.95,Overstocked
BLR009,2025-07-17 02:00:00,monsoon,19,1,20,0.95,Overstocked
BLR009,2025-07-17 03:00:00,monsoon,20,0,20,1.0,Overstocked
BLR009,2025-07-17 04:00:00,monsoon,20,0,20,1.0,Overstocked
BLR009,2025-07-17 05:00:00,monsoon,20,0,20,1.0,Overstocked
BLR009,2025-07-17 06:00:00,monsoon,20,0,20,1.0,Overstocked
BLR009,2025-07-17 07:00:00,monsoon,20,0,20,1.0,Overstocked
BLR009,2025-07-17 08:00:00,monsoon,20,0,20,1.0,Overstocked
BLR009,2025-07-17 09:00:00,monsoon,20,0,20,1.0,Overstocked
BLR009,2025-07-17 10:00:00,monsoon,20,0,20,1.0,Overstocked
BLR009,2025-07-17 11:00:00,monsoon,20,0,20,1.0,Overstocked
BLR009,2025-07-17 12:00:00,monsoon,19,1,20,0.95,Overstocked
BLR009,2025-07-17 13:00:00,monsoon,20,0,20,1.0,Overstocked
BLR009,2025-07-17 14:00:00,monsoon,20,0,20,1.0,Overstocked
BLR009,2025-07-17 15:00:00,monsoon,20,0,20,1.0,Overstocked
BLR009,2025-07-17 16:00:00,monsoon,20,0,20,1.0,Overstocked
BLR009,2025-07-17 17:00:00,monsoon,19,1,20,0.95,Overstocked
BLR009,2025-07-17 18:00:00,monsoon,17,3,20,0.85,OK
BLR009,2025-07-17 19:00:00,monsoon,15,5,20,0.75,OK
BLR009,2025-07-17 20:00:00,monsoon,14,6,20,0.7,OK
BLR009,2025-07-17 21:00:00,monsoon,14,6,20,0.7,OK
BLR009,2025-07-17 22:00:00,monsoon,14,6,20,0.7,OK
BLR009,2025-07-17 23:00:00,monsoon,14,6,20,0.7,OK
BLR009,2025-07-18 00:00:00,monsoon,14,6,20,0.7,OK
BLR009,2025-07-18 01:00:00,monsoon,14,6,20,0.7,OK
BLR009,2025-07-18 02:00:00,monsoon,15,5,20,0.75,OK
BLR009,2025-07-18 03:00:00,monsoon,14,6,20,0.7,OK
BLR009,2025-07-18 04:00:00,monsoon,13,7,20,0.65,OK
BLR009,2025-07-18 05:00:00,monsoon,14,6,20,0.7,OK
BLR009,2025-07-18 06:00:00,monsoon,14,6,20,0.7,OK
BLR009,2025-07-18 07:00:00,monsoon,14,6,20,0.7,OK
BLR009,2025-07-18 08:00:00,monsoon,14,6,20,0.7,OK
BLR009,2025-07-18 09:00:00,monsoon,14,6,20,0.7,OK
BLR009,2025-07-18 10:00:00,monsoon,15,5,20,0.75,OK
BLR009,2025-07-18 11:00:00,monsoon,15,5,20,0.75,OK
BLR009,2025-07-18 12:00:00,monsoon,14,6,20,0.7,OK
BLR009,2025-07-18 13:00:00,monsoon,14,6,20,0.7,OK
BLR009,2025-07-18 14:00:00,monsoon,14,6,20,0.7,OK
BLR009,2025-07-18 15:00:00,monsoon,14,6,20,0.7,OK
BLR009,2025-07-18 16:00:00,monsoon,13,7,20,0.65,OK
BLR009,2025-07-18 17:00:00,monsoon,12,8,20,0.6,OK
BLR009,2025-07-18 18:00:00,monsoon,10,10,20,0.5,OK
BLR009,2025-07-18 19:00:00,monsoon,7,13,20,0.35,OK
BLR009,2025-07-18 20:00:00,monsoon,7,13,20,0.35,OK
BLR009,2025-07-18 21:00:00,monsoon,7,13,20,0.35,OK
BLR009,2025-07-18 22:00:00,monsoon,7,13,20,0.35,OK
BLR009,2025-07-18 23:00:00,monsoon,6,14,20,0.3,OK
BLR009,2025-07-19 00:00:00,monsoon,6,14,20,0.3,OK
BLR009,2025-07-19 01:00:00,monsoon,6,14,20,0.3,OK
BLR009,2025-07-19 02:00:00,monsoon,7,13,20,0.35,OK
BLR009,2025-07-19 03:00:00,monsoon,7,13,20,0.35,OK
BLR009,2025-07-19 04:00:00,monsoon,6,14,20,0.3,OK
BLR009,2025-07-19 05:00:00,monsoon,6,14,20,0.3,OK
BLR009,2025-07-19 06:00:00,monsoon,6,14,20,0.3,OK
BLR009,2025-07-19 07:00:00,monsoon,7,13,20,0.35,OK
BLR009,2025-07-19 08:00:00,monsoon,7,13,20,0.35,OK
BLR009,2025-07-19 09:00:00,monsoon,7,13,20,0.35,OK
BLR009,2025-07-19 10:00:00,monsoon,7,13,20,0.35,OK
BLR009,2025-07-19 11:00:00,monsoon,6,14,20,0.3,OK
BLR009,2025-07-19 12:00:00,monsoon,5,15,20,0.25,OK
BLR009,2025-07-19 13:00:00,monsoon,4,16,20,0.2,OK
BLR009,2025-07-19 14:00:00,monsoon,4,16,20,0.2,OK
BLR009,2025-07-19 15:00:00,monsoon,4,16,20,0.2,OK
BLR009,2025-07-19 16:00:00,monsoon,4,16,20,0.2,OK
BLR009,2025-07-19 17:00:00,monsoon,4,16,20,0.2,OK
BLR009,2025-07-19 18:00:00,monsoon,3,17,20,0.15,OK
BLR009,2025-07-19 19:00:00,monsoon,3,17,20,0.15,OK
BLR009,2025-07-19 20:00:00,monsoon,1,19,20,0.05,Understocked
BLR009,2025-07-19 21:00:00,monsoon,2,18,20,0.1,Understocked
BLR009,2025-07-19 22:00:00,monsoon,2,18,20,0.1,Understocked
BLR009,2025-07-19 23:00:00,monsoon,2,18,20,0.1,Understocked
BLR009,2025-07-20 00:00:00,monsoon,2,18,20,0.1,Understocked
BLR009,2025-07-20 01:00:00,monsoon,2,18,20,0.1,Understocked
BLR009,2025-07-20 02:00:00,monsoon,3,17,20,0.15,OK
BLR009,2025-07-20 03:00:00,monsoon,2,18,20,0.1,Understocked
BLR009,2025-07-20 04:00:00,monsoon,2,18,20,0.1,Understocked
BLR009,2025-07-20 05:00:00,monsoon,2,18,20,0.1,Understocked
BLR009,2025-07-20 06:00:00,monsoon,3,17,20,0.15,OK
BLR009,2025-07-20 07:00:00,monsoon,3,17,20,0.15,OK
BLR009,2025-07-20 08:00:00,monsoon,3,17,20,0.15,OK
BLR009,2025-07-20 09:00:00,monsoon,3,17,20,0.15,OK
BLR009,2025-07-20 10:00:00,monsoon,3,17,20,0.15,OK
BLR009,2025-07-20 11:00:00,monsoon,4,16,20,0.2,OK
BLR009,2025-07-20 12:00:00,monsoon,5,15,20,0.25,OK
BLR009,2025-07-20 13:00:00,monsoon,6,14,20,0.3,OK
BLR009,2025-07-20 14:00:00,monsoon,6,14,20,0.3,OK
BLR009,2025-07-20 15:00:00,monsoon,5,15,20,0.25,OK
BLR009,2025-07-20 16:00:00,monsoon,5,15,20,0.25,OK
BLR009,2025-07-20 17:00:00,monsoon,5,15,20,0.25,OK
BLR009,2025-07-20 18:00:00,monsoon,4,16,20,0.2,OK
BLR009,2025-07-20 19:00:00,monsoon,4,16,20,0.2,OK
BLR009,2025-07-20 20:00:00,monsoon,3,17,20,0.15,OK
BLR009,2025-07-20 21:00:00,monsoon,3,17,20,0.15,OK
BLR009,2025-07-20 22:00:00,monsoon,3,17,20,0.15,OK
BLR009,2025-07-20 23:00:00,monsoon,2,18,20,0.1,Understocked
BLR010,2025-07-14 00:00:00,monsoon,8,16,24,0.33,OK
BLR010,2025-07-14 01:00:00,monsoon,9,15,24,0.38,OK
BLR010,2025-07-14 02:00:00,monsoon,9,15,24,0.38,OK
BLR010,2025-07-14 03:00:00,monsoon,9,15,24,0.38,OK
BLR010,2025-07-14 04:00:00,monsoon,8,16,24,0.33,OK
BLR010,2025-07-14 05:00:00,monsoon,8,16,24,0.33,OK
BLR010,2025-07-14 06:00:00,monsoon,7,17,24,0.29,OK
BLR010,2025-07-14 07:00:00,monsoon,8,16,24,0.33,OK
BLR010,2025-07-14 08:00:00,monsoon,11,13,24,0.46,OK
BLR010,2025-07-14 09:00:00,monsoon,11,13,24,0.46,OK
BLR010,2025-07-14 10:00:00,monsoon,11,13,24,0.46,OK
BLR010,2025-07-14 11:00:00,monsoon,11,13,24,0.46,OK
BLR010,2025-07-14 12:00:00,monsoon,11,13,24,0.46,OK
BLR010,2025-07-14 13:00:00,monsoon,11,13,24,0.46,OK
BLR010,2025-07-14 14:00:00,monsoon,12,12,24,0.5,OK
BLR010,2025-07-14 15:00:00,monsoon,13,11,24,0.54,OK
BLR010,2025-07-14 16:00:00,monsoon,13,11,24,0.54,OK
BLR010,2025-07-14 17:00:00,monsoon,13,11,24,0.54,OK
BLR010,2025-07-14 18:00:00,monsoon,13,11,24,0.54,OK
BLR010,2025-07-14 19:00:00,monsoon,10,14,24,0.42,OK
BLR010,2025-07-14 20:00:00,monsoon,10,14,24,0.42,OK
BLR010,2025-07-14 21:00:00,monsoon,10,14,24,0.42,OK
BLR010,2025-07-14 22:00:00,monsoon,10,14,24,0.42,OK
BLR010,2025-07-14 23:00:00,monsoon,9,15,24,0.38,OK
BLR010,2025-07-15 00:00:00,monsoon,10,14,24,0.42,OK
BLR010,2025-07-15 01:00:00,monsoon,10,14,24,0.42,OK
BLR010,2025-07-15 02:00:00,monsoon,9,15,24,0.38,OK
BLR010,2025-07-15 03:00:00,monsoon,9,15,24,0.38,OK
BLR010,2025-07-15 04:00:00,monsoon,9,15,24,0.38,OK
BLR010,2025-07-15 05:00:00,monsoon,9,15,24,0.38,OK
BLR010,2025-07-15 06:00:00,monsoon,9,15,24,0.38,OK
BLR010,2025-07-15 07:00:00,monsoon,9,15,24,0.38,OK
BLR010,2025-07-15 08:00:00,monsoon,9,15,24,0.38,OK
BLR010,2025-07-15 09:00:00,monsoon,11,13,24,0.46,OK
BLR010,2025-07-15 10:00:00,monsoon,11,13,24,0.46,OK
BLR010,2025-07-15 11:00:00,monsoon,11,13,24,0.46,OK
BLR010,2025-07-15 12:00:00,monsoon,10,14,24,0.42,OK
BLR010,2025-07-15 13:00:00,monsoon,11,13,24,0.46,OK
BLR010,2025-07-15 14:00:00,monsoon,11,13,24,0.46,OK
BLR010,2025-07-15 15:00:00,monsoon,10,14,24,0.42,OK
BLR010,2025-07-15 16:00:00,monsoon,9,15,24,0.38,OK
BLR010,2025-07-15 17:00:00,monsoon,9,15,24,0.38,OK
BLR010,2025-07-15 18:00:00,monsoon,8,16,24,0.33,OK
BLR010,2025-07-15 19:00:00,monsoon,8,16,24,0.33,OK
BLR010,2025-07-15 20:00:00,monsoon,8,16,24,0.33,OK
BLR010,2025-07-15 21:00:00,monsoon,8,16,24,0.33,OK
BLR010,2025-07-15 22:00:00,monsoon,8,16,24,0.33,OK
BLR010,2025-07-15 23:00:00,monsoon,8,16,24,0.33,OK
BLR010,2025-07-16 00:00:00,monsoon,8,16,24,0.33,OK
BLR010,2025-07-16 01:00:00,monsoon,8,16,24,0.33,OK
BLR010,2025-07-16 02:00:00,monsoon,8,16,24,0.33,OK
BLR010,2025-07-16 03:00:00,monsoon,8,16,24,0.33,OK
BLR010,2025-07-16 04:00:00,monsoon,9,15,24,0.38,OK
BLR010,2025-07-16 05:00:00,monsoon,9,15,24,0.38,OK
BLR010,2025-07-16 06:00:00,monsoon,10,14,24,0.42,OK
BLR010,2025-07-16 07:00:00,monsoon,10,14,24,0.42,OK
BLR010,2025-07-16 08:00:00,monsoon,11,13,24,0.46,OK
BLR010,2025-07-16 09:00:00,monsoon,11,13,24,0.46,OK
BLR010,2025-07-16 10:00:00,monsoon,12,12,24,0.5,OK
BLR010,2025-07-16 11:00:00,monsoon,12,12,24,0.5,OK
BLR010,2025-07-16 12:00:00,monsoon,12,12,24,0.5,OK
BLR010,2025-07-16 13:00:00,monsoon,11,13,24,0.46,OK
BLR010,2025-07-16 14:00:00,monsoon,11,13,24,0.46,OK
BLR010,2025-07-16 15:00:00,monsoon,11,13,24,0.46,OK
BLR010,2025-07-16 16:00:00,monsoon,10,14,24,0.42,OK
BLR010,2025-07-16 17:00:00,monsoon,10,14,24,0.42,OK
BLR010,2025-07-16 18:00:00,monsoon,9,15,24,0.38,OK
BLR010,2025-07-16 19:00:00,monsoon,7,17,24,0.29,OK
BLR010,2025-07-16 20:00:00,monsoon,5,19,24,0.21,OK
BLR010,2025-07-16 21:00:00,monsoon,6,18,24,0.25,OK
BLR010,2025-07-16 22:00:00,monsoon,6,18,24,0.25,OK
BLR010,2025-07-16 23:00:00,monsoon,6,18,24,0.25,OK
BLR010,2025-07-17 00:00:00,monsoon,6,18,24,0.25,OK
BLR010,2025-07-17 01:00:00,monsoon,6,18,24,0.25,OK
BLR010,2025-07-17 02:00:00,monsoon,7,17,24,0.29,OK
BLR010,2025-07-17 03:00:00,monsoon,7,17,24,0.29,OK
BLR010,2025-07-17 04:00:00,monsoon,7,17,24,0.29,OK
BLR010,2025-07-17 05:00:00,monsoon,6,18,24,0.25,OK
BLR010,2025-07-17 06:00:00,monsoon,7,17,24,0.29,OK
BLR010,2025-07-17 07:00:00,monsoon,7,17,24,0.29,OK
BLR010,2025-07-17 08:00:00,monsoon,7,17,24,0.29,OK
BLR010,2025-07-17 09:00:00,monsoon,8,16,24,0.33,OK
BLR010,2025-07-17 10:00:00,monsoon,10,14,24,0.42,OK
BLR010,2025-07-17 11:00:00,monsoon,11,13,24,0.46,OK
BLR010,2025-07-17 12:00:00,monsoon,10,14,24,0.42,OK
BLR010,2025-07-17 13:00:00,monsoon,9,15,24,0.38,OK
BLR010,2025-07-17 14:00:00,monsoon,8,16,24,0.33,OK
BLR010,2025-07-17 15:00:00,monsoon,9,15,24,0.38,OK
BLR010,2025-07-17 16:00:00,monsoon,8,16,24,0.33,OK
BLR010,2025-07-17 17:00:00,monsoon,7,17,24,0.29,OK
BLR010,2025-07-17 18:00:00,monsoon,6,18,24,0.25,OK
BLR010,2025-07-17 19:00:00,monsoon,5,19,24,0.21,OK
BLR010,2025-07-17 20:00:00,monsoon,5,19,24,0.21,OK
BLR010,2025-07-17 21:00:00,monsoon,5,19,24,0.21,OK
BLR010,2025-07-17 22:00:00,monsoon,6,18,24,0.25,OK
BLR010,2025-07-17 23:00:00,monsoon,6,18,24,0.25,OK
BLR010,2025-07-18 00:00:00,monsoon,6,18,24,0.25,OK
BLR010,2025-07-18 01:00:00,monsoon,6,18,24,0.25,OK
BLR010,2025-07-18 02:00:00,monsoon,5,19,24,0.21,OK
BLR010,2025-07-18 03:00:00,monsoon,5,19,24,0.21,OK
BLR010,2025-07-18 04:00:00,monsoon,5,19,24,0.21,OK
BLR010,2025-07-18 05:00:00,monsoon,6,18,24,0.25,OK
BLR010,2025-07-18 06:00:00,monsoon,7,17,24,0.29,OK
BLR010,2025-07-18 07:00:00,monsoon,7,17,24,0.29,OK
BLR010,2025-07-18 08:00:00,monsoon,7,17,24,0.29,OK
BLR010,2025-07-18 09:00:00,monsoon,7,17,24,0.29,OK
BLR010,2025-07-18 10:00:00,monsoon,10,14,24,0.42,OK
BLR010,2025-07-18 11:00:00,monsoon,10,14,24,0.42,OK
BLR010,2025-07-18 12:00:00,monsoon,10,14,24,0.42,OK
BLR010,2025-07-18 13:00:00,monsoon,11,13,24,0.46,OK
BLR010,2025-07-18 14:00:00,monsoon,10,14,24,0.42,OK
BLR010,2025-07-18 15:00:00,monsoon,11,13,24,0.46,OK
BLR010,2025-07-18 16:00:00,monsoon,11,13,24,0.46,OK
BLR010,2025-07-18 17:00:00,monsoon,11,13,24,0.46,OK
BLR010,2025-07-18 18:00:00,monsoon,10,14,24,0.42,OK
BLR010,2025-07-18 19:00:00,monsoon,8,16,24,0.33,OK
BLR010,2025-07-18 20:00:00,monsoon,7,17,24,0.29,OK
BLR010,2025-07-18 21:00:00,monsoon,7,17,24,0.29,OK
BLR010,2025-07-18 22:00:00,monsoon,7,17,24,0.29,OK
BLR010,2025-07-18 23:00:00,monsoon,8,16,24,0.33,OK
BLR010,2025-07-19 00:00:00,monsoon,8,16,24,0.33,OK
BLR010,2025-07-19 01:00:00,monsoon,9,15,24,0.38,OK
BLR010,2025-07-19 02:00:00,monsoon,9,15,24,0.38,OK
BLR010,2025-07-19 03:00:00,monsoon,9,15,24,0.38,OK
BLR010,2025-07-19 04:00:00,monsoon,8,16,24,0.33,OK
BLR010,2025-07-19 05:00:00,monsoon,7,17,24,0.29,OK
BLR010,2025-07-19 06:00:00,monsoon,7,17,24,0.29,OK
BLR010,2025-07-19 07:00:00,monsoon,7,17,24,0.29,OK
BLR010,2025-07-19 08:00:00,monsoon,7,17,24,0.29,OK
BLR010,2025-07-19 09:00:00,monsoon,7,17,24,0.29,OK
BLR010,2025-07-19 10:00:00,monsoon,7,17,24,0.29,OK
BLR010,2025-07-19 11:00:00,monsoon,7,17,24,0.29,OK
BLR010,2025-07-19 12:00:00,monsoon,7,17,24,0.29,OK
BLR010,2025-07-19 13:00:00,monsoon,6,18,24,0.25,OK
BLR010,2025-07-19 14:00:00,monsoon,5,19,24,0.21,OK
BLR010,2025-07-19 15:00:00,monsoon,5,19,24,0.21,OK
BLR010,2025-07-19 16:00:00,monsoon,6,18,24,0.25,OK
BLR010,2025-07-19 17:00:00,monsoon,5,19,24,0.21,OK
BLR010,2025-07-19 18:00:00,monsoon,4,20,24,0.17,OK
BLR010,2025-07-19 19:00:00,monsoon,2,22,24,0.08,Understocked
BLR010,2025-07-19 20:00:00,monsoon,2,22,24,0.08,Understocked
BLR010,2025-07-19 21:00:00,monsoon,2,22,24,0.08,Understocked
BLR010,2025-07-19 22:00:00,monsoon,3,21,24,0.12,OK
BLR010,2025-07-19 23:00:00,monsoon,3,21,24,0.12,OK
BLR010,2025-07-20 00:00:00,monsoon,2,22,24,0.08,Understocked
BLR010,2025-07-20 01:00:00,monsoon,2,22,24,0.08,Understocked
BLR010,2025-07-20 02:00:00,monsoon,2,22,24,0.08,Understocked
BLR010,2025-07-20 03:00:00,monsoon,2,22,24,0.08,Understocked
BLR010,2025-07-20 04:00:00,monsoon,3,21,24,0.12,OK
BLR010,2025-07-20 05:00:00,monsoon,3,21,24,0.12,OK
BLR010,2025-07-20 06:00:00,monsoon,3,21,24,0.12,OK
BLR010,2025-07-20 07:00:00,monsoon,3,21,24,0.12,OK
BLR010,2025-07-20 08:00:00,monsoon,3,21,24,0.12,OK
BLR010,2025-07-20 09:00:00,monsoon,3,21,24,0.12,OK
BLR010,2025-07-20 10:00:00,monsoon,3,21,24,0.12,OK
BLR010,2025-07-20 11:00:00,monsoon,3,21,24,0.12,OK
BLR010,2025-07-20 12:00:00,monsoon,2,22,24,0.08,Understocked
BLR010,2025-07-20 13:00:00,monsoon,2,22,24,0.08,Understocked
BLR010,2025-07-20 14:00:00,monsoon,3,21,24,0.12,OK
BLR010,2025-07-20 15:00:00,monsoon,3,21,24,0.12,OK
BLR010,2025-07-20 16:00:00,monsoon,4,20,24,0.17,OK
BLR010,2025-07-20 17:00:00,monsoon,0,24,24,0.0,Understocked
BLR010,2025-07-20 18:00:00,monsoon,0,24,24,0.0,Understocked
BLR010,2025-07-20 19:00:00,monsoon,0,24,24,0.0,Understocked
BLR010,2025-07-20 20:00:00,monsoon,0,24,24,0.0,Understocked
BLR010,2025-07-20 21:00:00,monsoon,0,24,24,0.0,Understocked
BLR010,2025-07-20 22:00:00,monsoon,0,24,24,0.0,Understocked
BLR010,2025-07-20 23:00:00,monsoon,0,24,24,0.0,Understocked
BLR011,2025-07-14 00:00:00,monsoon,10,20,30,0.33,OK
BLR011,2025-07-14 01:00:00,monsoon,11,19,30,0.37,OK
BLR011,2025-07-14 02:00:00,monsoon,11,19,30,0.37,OK
BLR011,2025-07-14 03:00:00,monsoon,10,20,30,0.33,OK
BLR011,2025-07-14 04:00:00,monsoon,10,20,30,0.33,OK
BLR011,2025-07-14 05:00:00,monsoon,11,19,30,0.37,OK
BLR011,2025-07-14 06:00:00,monsoon,11,19,30,0.37,OK
BLR011,2025-07-14 07:00:00,monsoon,12,18,30,0.4,OK
BLR011,2025-07-14 08:00:00,monsoon,12,18,30,0.4,OK
BLR011,2025-07-14 09:00:00,monsoon,12,18,30,0.4,OK
BLR011,2025-07-14 10:00:00,monsoon,13,17,30,0.43,OK
BLR011,2025-07-14 11:00:00,monsoon,12,18,30,0.4,OK
BLR011,2025-07-14 12:00:00,monsoon,12,18,30,0.4,OK
BLR011,2025-07-14 13:00:00,monsoon,11,19,30,0.37,OK
BLR011,2025-07-14 14:00:00,monsoon,10,20,30,0.33,OK
BLR011,2025-07-14 15:00:00,monsoon,10,20,30,0.33,OK
BLR011,2025-07-14 16:00:00,monsoon,11,19,30,0.37,OK
BLR011,2025-07-14 17:00:00,monsoon,11,19,30,0.37,OK
BLR011,2025-07-14 18:00:00,monsoon,11,19,30,0.37,OK
BLR011,2025-07-14 19:00:00,monsoon,11,19,30,0.37,OK
BLR011,2025-07-14 20:00:00,monsoon,11,19,30,0.37,OK
BLR011,2025-07-14 21:00:00,monsoon,11,19,30,0.37,OK
BLR011,2025-07-14 22:00:00,monsoon,12,18,30,0.4,OK
BLR011,2025-07-14 23:00:00,monsoon,11,19,30,0.37,OK
BLR011,2025-07-15 00:00:00,monsoon,11,19,30,0.37,OK
BLR011,2025-07-15 01:00:00,monsoon,11,19,30,0.37,OK
BLR011,2025-07-15 02:00:00,monsoon,12,18,30,0.4,OK
BLR011,2025-07-15 03:00:00,monsoon,11,19,30,0.37,OK
BLR011,2025-07-15 04:00:00,monsoon,10,20,30,0.33,OK
BLR011,2025-07-15 05:00:00,monsoon,9,21,30,0.3,OK
BLR011,2025-07-15 06:00:00,monsoon,9,21,30,0.3,OK
BLR011,2025-07-15 07:00:00,monsoon,11,19,30,0.37,OK
BLR011,2025-07-15 08:00:00,monsoon,11,19,30,0.37,OK
BLR011,2025-07-15 09:00:00,monsoon,11,19,30,0.37,OK
BLR011,2025-07-15 10:00:00,monsoon,12,18,30,0.4,OK
BLR011,2025-07-15 11:00:00,monsoon,12,18,30,0.4,OK
BLR011,2025-07-15 12:00:00,monsoon,12,18,30,0.4,OK
BLR011,2025-07-15 13:00:00,monsoon,12,18,30,0.4,OK
BLR011,2025-07-15 14:00:00,monsoon,12,18,30,0.4,OK
BLR011,2025-07-15 15:00:00,monsoon,12,18,30,0.4,OK
BLR011,2025-07-15 16:00:00,monsoon,11,19,30,0.37,OK
BLR011,2025-07-15 17:00:00,monsoon,10,20,30,0.33,OK
BLR011,2025-07-15 18:00:00,monsoon,10,20,30,0.33,OK
BLR011,2025-07-15 19:00:00,monsoon,8,22,30,0.27,OK
BLR011,2025-07-15 20:00:00,monsoon,5,25,30,0.17,OK
BLR011,2025-07-15 21:00:00,monsoon,5,25,30,0.17,OK
BLR011,2025-07-15 22:00:00,monsoon,4,26,30,0.13,OK
BLR011,2025-07-15 23:00:00,monsoon,4,26,30,0.13,OK
BLR011,2025-07-16 00:00:00,monsoon,4,26,30,0.13,OK
BLR011,2025-07-16 01:00:00,monsoon,5,25,30,0.17,OK
BLR011,2025-07-16 02:00:00,monsoon,4,26,30,0.13,OK
BLR011,2025-07-16 03:00:00,monsoon,4,26,30,0.13,OK
BLR011,2025-07-16 04:00:00,monsoon,4,26,30,0.13,OK
BLR011,2025-07-16 05:00:00,monsoon,4,26,30,0.13,OK
BLR011,2025-07-16 06:00:00,monsoon,5,25,30,0.17,OK
BLR011,2025-07-16 07:00:00,monsoon,5,25,30,0.17,OK
BLR011,2025-07-16 08:00:00,monsoon,5,25,30,0.17,OK
BLR011,2025-07-16 09:00:00,monsoon,6,24,30,0.2,OK
BLR011,2025-07-16 10:00:00,monsoon,6,24,30,0.2,OK
BLR011,2025-07-16 11:00:00,monsoon,5,25,30,0.17,OK
BLR011,2025-07-16 12:00:00,monsoon,5,25,30,0.17,OK
BLR011,2025-07-16 13:00:00,monsoon,5,25,30,0.17,OK
BLR011,2025-07-16 14:00:00,monsoon,5,25,30,0.17,OK
BLR011,2025-07-16 15:00:00,monsoon,5,25,30,0.17,OK
BLR011,2025-07-16 16:00:00,monsoon,5,25,30,0.17,OK
BLR011,2025-07-16 17:00:00,monsoon,4,26,30,0.13,OK
BLR011,2025-07-16 18:00:00,monsoon,3,27,30,0.1,Understocked
BLR011,2025-07-16 19:00:00,monsoon,2,28,30,0.07,Understocked
BLR011,2025-07-16 20:00:00,monsoon,2,28,30,0.07,Understocked
BLR011,2025-07-16 21:00:00,monsoon,3,27,30,0.1,Understocked
BLR011,2025-07-16 22:00:00,monsoon,4,26,30,0.13,OK
BLR011,2025-07-16 23:00:00,monsoon,4,26,30,0.13,OK
BLR011,2025-07-17 00:00:00,monsoon,3,27,30,0.1,Understocked
BLR011,2025-07-17 01:00:00,monsoon,2,28,30,0.07,Understocked
BLR011,2025-07-17 02:00:00,monsoon,2,28,30,0.07,Understocked
BLR011,2025-07-17 03:00:00,monsoon,2,28,30,0.07,Understocked
BLR011,2025-07-17 04:00:00,monsoon,3,27,30,0.1,Understocked
BLR011,2025-07-17 05:00:00,monsoon,3,27,30,0.1,Understocked
BLR011,2025-07-17 06:00:00,monsoon,4,26,30,0.13,OK
BLR011,2025-07-17 07:00:00,monsoon,5,25,30,0.17,OK
BLR011,2025-07-17 08:00:00,monsoon,7,23,30,0.23,OK
BLR011,2025-07-17 09:00:00,monsoon,8,22,30,0.27,OK
BLR011,2025-07-17 10:00:00,monsoon,8,22,30,0.27,OK
BLR011,2025-07-17 11:00:00,monsoon,8,22,30,0.27,OK
BLR011,2025-07-17 12:00:00,monsoon,8,22,30,0.27,OK
BLR011,2025-07-17 13:00:00,monsoon,8,22,30,0.27,OK
BLR011,2025-07-17 14:00:00,monsoon,9,21,30,0.3,OK
BLR011,2025-07-17 15:00:00,monsoon,10,20,30,0.33,OK
BLR011,2025-07-17 16:00:00,monsoon,10,20,30,0.33,OK
BLR011,2025-07-17 17:00:00,monsoon,9,21,30,0.3,OK
BLR011,2025-07-17 18:00:00,monsoon,8,22,30,0.27,OK
BLR011,2025-07-17 19:00:00,monsoon,8,22,30,0.27,OK
BLR011,2025-07-17 20:00:00,monsoon,6,24,30,0.2,OK
BLR011,2025-07-17 21:00:00,monsoon,6,24,30,0.2,OK
BLR011,2025-07-17 22:00:00,monsoon,5,25,30,0.17,OK
BLR011,2025-07-17 23:00:00,monsoon,5,25,30,0.17,OK
BLR011,2025-07-18 00:00:00,monsoon,6,24,30,0.2,OK
BLR011,2025-07-18 01:00:00,monsoon,6,24,30,0.2,OK
BLR011,2025-07-18 02:00:00,monsoon,5,25,30,0.17,OK
BLR011,2025-07-18 03:00:00,monsoon,6,24,30,0.2,OK
BLR011,2025-07-18 04:00:00,monsoon,5,25,30,0.17,OK
BLR011,2025-07-18 05:00:00,monsoon,4,26,30,0.13,OK
BLR011,2025-07-18 06:00:00,monsoon,3,27,30,0.1,Understocked
BLR011,2025-07-18 07:00:00,monsoon,4,26,30,0.13,OK
BLR011,2025-07-18 08:00:00,monsoon,4,26,30,0.13,OK
BLR011,2025-07-18 09:00:00,monsoon,7,23,30,0.23,OK
BLR011,2025-07-18 10:00:00,monsoon,7,23,30,0.23,OK
BLR011,2025-07-18 11:00:00,monsoon,8,22,30,0.27,OK
BLR011,2025-07-18 12:00:00,monsoon,8,22,30,0.27,OK
BLR011,2025-07-18 13:00:00,monsoon,8,22,30,0.27,OK
BLR011,2025-07-18 14:00:00,monsoon,9,21,30,0.3,OK
BLR011,2025-07-18 15:00:00,monsoon,10,20,30,0.33,OK
BLR011,2025-07-18 16:00:00,monsoon,10,20,30,0.33,OK
BLR011,2025-07-18 17:00:00,monsoon,9,21,30,0.3,OK
BLR011,2025-07-18 18:00:00,monsoon,6,24,30,0.2,OK
BLR011,2025-07-18 19:00:00,monsoon,6,24,30,0.2,OK
BLR011,2025-07-18 20:00:00,monsoon,6,24,30,0.2,OK
BLR011,2025-07-18 21:00:00,monsoon,6,24,30,0.2,OK
BLR011,2025-07-18 22:00:00,monsoon,5,25,30,0.17,OK
BLR011,2025-07-18 23:00:00,monsoon,6,24,30,0.2,OK
BLR011,2025-07-19 00:00:00,monsoon,6,24,30,0.2,OK
BLR011,2025-07-19 01:00:00,monsoon,7,23,30,0.23,OK
BLR011,2025-07-19 02:00:00,monsoon,8,22,30,0.27,OK
BLR011,2025-07-19 03:00:00,monsoon,8,22,30,0.27,OK
BLR011,2025-07-19 04:00:00,monsoon,7,23,30,0.23,OK
BLR011,2025-07-19 05:00:00,monsoon,6,24,30,0.2,OK
BLR011,2025-07-19 06:00:00,monsoon,6,24,30,0.2,OK
BLR011,2025-07-19 07:00:00,monsoon,7,23,30,0.23,OK
BLR011,2025-07-19 08:00:00,monsoon,7,23,30,0.23,OK
BLR011,2025-07-19 09:00:00,monsoon,8,22,30,0.27,OK
BLR011,2025-07-19 10:00:00,monsoon,8,22,30,0.27,OK
BLR011,2025-07-19 11:00:00,monsoon,8,22,30,0.27,OK
BLR011,2025-07-19 12:00:00,monsoon,8,22,30,0.27,OK
BLR011,2025-07-19 13:00:00,monsoon,7,23,30,0.23,OK
BLR011,2025-07-19 14:00:00,monsoon,8,22,30,0.27,OK
BLR011,2025-07-19 15:00:00,monsoon,8,22,30,0.27,OK
BLR011,2025-07-19 16:00:00,monsoon,8,22,30,0.27,OK
BLR011,2025-07-19 17:00:00,monsoon,7,23,30,0.23,OK
BLR011,2025-07-19 18:00:00,monsoon,6,24,30,0.2,OK
BLR011,2025-07-19 19:00:00,monsoon,4,26,30,0.13,OK
BLR011,2025-07-19 20:00:00,monsoon,2,28,30,0.07,Understocked
BLR011,2025-07-19 21:00:00,monsoon,1,29,30,0.03,Understocked
BLR011,2025-07-19 22:00:00,monsoon,2,28,30,0.07,Understocked
BLR011,2025-07-19 23:00:00,monsoon,1,29,30,0.03,Understocked
BLR011,2025-07-20 00:00:00,monsoon,1,29,30,0.03,Understocked
BLR011,2025-07-20 01:00:00,monsoon,1,29,30,0.03,Understocked
BLR011,2025-07-20 02:00:00,monsoon,0,30,30,0.0,Understocked
BLR011,2025-07-20 03:00:00,monsoon,0,30,30,0.0,Understocked
BLR011,2025-07-20 04:00:00,monsoon,0,30,30,0.0,Understocked
BLR011,2025-07-20 05:00:00,monsoon,0,30,30,0.0,Understocked
BLR011,2025-07-20 06:00:00,monsoon,0,30,30,0.0,Understocked
BLR011,2025-07-20 07:00:00,monsoon,1,29,30,0.03,Understocked
BLR011,2025-07-20 08:00:00,monsoon,1,29,30,0.03,Understocked
BLR011,2025-07-20 09:00:00,monsoon,1,29,30,0.03,Understocked
BLR011,2025-07-20 10:00:00,monsoon,1,29,30,0.03,Understocked
BLR011,2025-07-20 11:00:00,monsoon,0,30,30,0.0,Understocked
BLR011,2025-07-20 12:00:00,monsoon,0,30,30,0.0,Understocked
BLR011,2025-07-20 13:00:00,monsoon,0,30,30,0.0,Understocked
BLR011,2025-07-20 14:00:00,monsoon,0,30,30,0.0,Understocked
BLR011,2025-07-20 15:00:00,monsoon,0,30,30,0.0,Understocked
BLR011,2025-07-20 16:00:00,monsoon,0,30,30,0.0,Understocked
BLR011,2025-07-20 17:00:00,monsoon,0,30,30,0.0,Understocked
BLR011,2025-07-20 18:00:00,monsoon,0,30,30,0.0,Understocked
BLR011,2025-07-20 19:00:00,monsoon,0,30,30,0.0,Understocked
BLR011,2025-07-20 20:00:00,monsoon,0,30,30,0.0,Understocked
BLR011,2025-07-20 21:00:00,monsoon,0,30,30,0.0,Understocked
BLR011,2025-07-20 22:00:00,monsoon,0,30,30,0.0,Understocked
BLR011,2025-07-20 23:00:00,monsoon,0,30,30,0.0,Understocked
BLR012,2025-07-14 00:00:00,monsoon,9,7,16,0.56,OK
BLR012,2025-07-14 01:00:00,monsoon,10,6,16,0.62,OK
BLR012,2025-07-14 02:00:00,monsoon,10,6,16,0.62,OK
BLR012,2025-07-14 03:00:00,monsoon,11,5,16,0.69,OK
BLR012,2025-07-14 04:00:00,monsoon,11,5,16,0.69,OK
BLR012,2025-07-14 05:00:00,monsoon,11,5,16,0.69,OK
BLR012,2025-07-14 06:00:00,monsoon,10,6,16,0.62,OK
BLR012,2025-07-14 07:00:00,monsoon,11,5,16,0.69,OK
BLR012,2025-07-14 08:00:00,monsoon,11,5,16,0.69,OK
BLR012,2025-07-14 09:00:00,monsoon,12,4,16,0.75,OK
BLR012,2025-07-14 10:00:00,monsoon,12,4,16,0.75,OK
BLR012,2025-07-14 11:00:00,monsoon,11,5,16,0.69,OK
BLR012,2025-07-14 12:00:00,monsoon,11,5,16,0.69,OK
BLR012,2025-07-14 13:00:00,monsoon,12,4,16,0.75,OK
BLR012,2025-07-14 14:00:00,monsoon,12,4,16,0.75,OK
BLR012,2025-07-14 15:00:00,monsoon,12,4,16,0.75,OK
BLR012,2025-07-14 16:00:00,monsoon,12,4,16,0.75,OK
BLR012,2025-07-14 17:00:00,monsoon,11,5,16,0.69,OK
BLR012,2025-07-14 18:00:00,monsoon,10,6,16,0.62,OK
BLR012,2025-07-14 19:00:00,monsoon,10,6,16,0.62,OK
BLR012,2025-07-14 20:00:00,monsoon,9,7,16,0.56,OK
BLR012,2025-07-14 21:00:00,monsoon,9,7,16,0.56,OK
BLR012,2025-07-14 22:00:00,monsoon,8,8,16,0.5,OK
BLR012,2025-07-14 23:00:00,monsoon,8,8,16,0.5,OK
BLR012,2025-07-15 00:00:00,monsoon,8,8,16,0.5,OK
BLR012,2025-07-15 01:00:00,monsoon,8,8,16,0.5,OK
BLR012,2025-07-15 02:00:00,monsoon,8,8,16,0.5,OK
BLR012,2025-07-15 03:00:00,monsoon,8,8,16,0.5,OK
BLR012,2025-07-15 04:00:00,monsoon,9,7,16,0.56,OK
BLR012,2025-07-15 05:00:00,monsoon,9,7,16,0.56,OK
BLR012,2025-07-15 06:00:00,monsoon,8,8,16,0.5,OK
BLR012,2025-07-15 07:00:00,monsoon,9,7,16,0.56,OK
BLR012,2025-07-15 08:00:00,monsoon,10,6,16,0.62,OK
BLR012,2025-07-15 09:00:00,monsoon,10,6,16,0.62,OK
BLR012,2025-07-15 10:00:00,monsoon,10,6,16,0.62,OK
BLR012,2025-07-15 11:00:00,monsoon,10,6,16,0.62,OK
BLR012,2025-07-15 12:00:00,monsoon,10,6,16,0.62,OK
BLR012,2025-07-15 13:00:00,monsoon,9,7,16,0.56,OK
BLR012,2025-07-15 14:00:00,monsoon,8,8,16,0.5,OK
BLR012,2025-07-15 15:00:00,monsoon,8,8,16,0.5,OK
BLR012,2025-07-15 16:00:00,monsoon,7,9,16,0.44,OK
BLR012,2025-07-15 17:00:00,monsoon,5,11,16,0.31,OK
BLR012,2025-07-15 18:00:00,monsoon,4,12,16,0.25,OK
BLR012,2025-07-15 19:00:00,monsoon,3,13,16,0.19,OK
BLR012,2025-07-15 20:00:00,monsoon,1,15,16,0.06,Understocked
BLR012,2025-07-15 21:00:00,monsoon,1,15,16,0.06,Understocked
BLR012,2025-07-15 22:00:00,monsoon,1,15,16,0.06,Understocked
BLR012,2025-07-15 23:00:00,monsoon,2,14,16,0.12,OK
BLR012,2025-07-16 00:00:00,monsoon,3,13,16,0.19,OK
BLR012,2025-07-16 01:00:00,monsoon,3,13,16,0.19,OK
BLR012,2025-07-16 02:00:00,monsoon,3,13,16,0.19,OK
BLR012,2025-07-16 03:00:00,monsoon,4,12,16,0.25,OK
BLR012,2025-07-16 04:00:00,monsoon,4,12,16,0.25,OK
BLR012,2025-07-16 05:00:00,monsoon,4,12,16,0.25,OK
BLR012,2025-07-16 06:00:00,monsoon,5,11,16,0.31,OK
BLR012,2025-07-16 07:00:00,monsoon,6,10,16,0.38,OK
BLR012,2025-07-16 08:00:00,monsoon,6,10,16,0.38,OK
BLR012,2025-07-16 09:00:00,monsoon,7,9,16,0.44,OK
BLR012,2025-07-16 10:00:00,monsoon,7,9,16,0.44,OK
BLR012,2025-07-16 11:00:00,monsoon,7,9,16,0.44,OK
BLR012,2025-07-16 12:00:00,monsoon,6,10,16,0.38,OK
BLR012,2025-07-16 13:00:00,monsoon,7,9,16,0.44,OK
BLR012,2025-07-16 14:00:00,monsoon,7,9,16,0.44,OK
BLR012,2025-07-16 15:00:00,monsoon,6,10,16,0.38,OK
BLR012,2025-07-16 16:00:00,monsoon,7,9,16,0.44,OK
BLR012,2025-07-16 17:00:00,monsoon,6,10,16,0.38,OK
BLR012,2025-07-16 18:00:00,monsoon,4,12,16,0.25,OK
BLR012,2025-07-16 19:00:00,monsoon,3,13,16,0.19,OK
BLR012,2025-07-16 20:00:00,monsoon,3,13,16,0.19,OK
BLR012,2025-07-16 21:00:00,monsoon,3,13,16,0.19,OK
BLR012,2025-07-16 22:00:00,monsoon,4,12,16,0.25,OK
BLR012,2025-07-16 23:00:00,monsoon,5,11,16,0.31,OK
BLR012,2025-07-17 00:00:00,monsoon,5,11,16,0.31,OK
BLR012,2025-07-17 01:00:00,monsoon,4,12,16,0.25,OK
BLR012,2025-07-17 02:00:00,monsoon,4,12,16,0.25,OK
BLR012,2025-07-17 03:00:00,monsoon,5,11,16,0.31,OK
BLR012,2025-07-17 04:00:00,monsoon,5,11,16,0.31,OK
BLR012,2025-07-17 05:00:00,monsoon,5,11,16,0.31,OK
BLR012,2025-07-17 06:00:00,monsoon,5,11,16,0.31,OK
BLR012,2025-07-17 07:00:00,monsoon,5,11,16,0.31,OK
BLR012,2025-07-17 08:00:00,monsoon,7,9,16,0.44,OK
BLR012,2025-07-17 09:00:00,monsoon,7,9,16,0.44,OK
BLR012,2025-07-17 10:00:00,monsoon,7,9,16,0.44,OK
BLR012,2025-07-17 11:00:00,monsoon,7,9,16,0.44,OK
BLR012,2025-07-17 12:00:00,monsoon,7,9,16,0.44,OK
BLR012,2025-07-17 13:00:00,monsoon,7,9,16,0.44,OK
BLR012,2025-07-17 14:00:00,monsoon,7,9,16,0.44,OK
BLR012,2025-07-17 15:00:00,monsoon,6,10,16,0.38,OK
BLR012,2025-07-17 16:00:00,monsoon,6,10,16,0.38,OK
BLR012,2025-07-17 17:00:00,monsoon,6,10,16,0.38,OK
BLR012,2025-07-17 18:00:00,monsoon,6,10,16,0.38,OK
BLR012,2025-07-17 19:00:00,monsoon,6,10,16,0.38,OK
BLR012,2025-07-17 20:00:00,monsoon,6,10,16,0.38,OK
BLR012,2025-07-17 21:00:00,monsoon,6,10,16,0.38,OK
BLR012,2025-07-17 22:00:00,monsoon,6,10,16,0.38,OK
BLR012,2025-07-17 23:00:00,monsoon,7,9,16,0.44,OK
BLR012,2025-07-18 00:00:00,monsoon,7,9,16,0.44,OK
BLR012,2025-07-18 01:00:00,monsoon,7,9,16,0.44,OK
BLR012,2025-07-18 02:00:00,monsoon,7,9,16,0.44,OK
BLR012,2025-07-18 03:00:00,monsoon,6,10,16,0.38,OK
BLR012,2025-07-18 04:00:00,monsoon,6,10,16,0.38,OK
BLR012,2025-07-18 05:00:00,monsoon,6,10,16,0.38,OK
BLR012,2025-07-18 06:00:00,monsoon,7,9,16,0.44,OK
BLR012,2025-07-18 07:00:00,monsoon,7,9,16,0.44,OK
BLR012,2025-07-18 08:00:00,monsoon,7,9,16,0.44,OK
BLR012,2025-07-18 09:00:00,monsoon,9,7,16,0.56,OK
BLR012,2025-07-18 10:00:00,monsoon,9,7,16,0.56,OK
BLR012,2025-07-18 11:00:00,monsoon,10,6,16,0.62,OK
BLR012,2025-07-18 12:00:00,monsoon,11,5,16,0.69,OK
BLR012,2025-07-18 13:00:00,monsoon,12,4,16,0.75,OK
BLR012,2025-07-18 14:00:00,monsoon,12,4,16,0.75,OK
BLR012,2025-07-18 15:00:00,monsoon,11,5,16,0.69,OK
BLR012,2025-07-18 16:00:00,monsoon,11,5,16,0.69,OK
BLR012,2025-07-18 17:00:00,monsoon,10,6,16,0.62,OK
BLR012,2025-07-18 18:00:00,monsoon,8,8,16,0.5,OK
BLR012,2025-07-18 19:00:00,monsoon,8,8,16,0.5,OK
BLR012,2025-07-18 20:00:00,monsoon,8,8,16,0.5,OK
BLR012,2025-07-18 21:00:00,monsoon,8,8,16,0.5,OK
BLR012,2025-07-18 22:00:00,monsoon,8,8,16,0.5,OK
BLR012,2025-07-18 23:00:00,monsoon,8,8,16,0.5,OK
BLR012,2025-07-19 00:00:00,monsoon,9,7,16,0.56,OK
BLR012,2025-07-19 01:00:00,monsoon,10,6,16,0.62,OK
BLR012,2025-07-19 02:00:00,monsoon,10,6,16,0.62,OK
BLR012,2025-07-19 03:00:00,monsoon,11,5,16,0.69,OK
BLR012,2025-07-19 04:00:00,monsoon,12,4,16,0.75,OK
BLR012,2025-07-19 05:00:00,monsoon,12,4,16,0.75,OK
BLR012,2025-07-19 06:00:00,monsoon,11,5,16,0.69,OK
BLR012,2025-07-19 07:00:00,monsoon,11,5,16,0.69,OK
BLR012,2025-07-19 08:00:00,monsoon,11,5,16,0.69,OK
BLR012,2025-07-19 09:00:00,monsoon,13,3,16,0.81,OK
BLR012,2025-07-19 10:00:00,monsoon,13,3,16,0.81,OK
BLR012,2025-07-19 11:00:00,monsoon,14,2,16,0.88,OK
BLR012,2025-07-19 12:00:00,monsoon,13,3,16,0.81,OK
BLR012,2025-07-19 13:00:00,monsoon,13,3,16,0.81,OK
BLR012,2025-07-19 14:00:00,monsoon,13,3,16,0.81,OK
BLR012,2025-07-19 15:00:00,monsoon,13,3,16,0.81,OK
BLR012,2025-07-19 16:00:00,monsoon,12,4,16,0.75,OK
BLR012,2025-07-19 17:00:00,monsoon,12,4,16,0.75,OK
BLR012,2025-07-19 18:00:00,monsoon,9,7,16,0.56,OK
BLR012,2025-07-19 19:00:00,monsoon,9,7,16,0.56,OK
BLR012,2025-07-19 20:00:00,monsoon,9,7,16,0.56,OK
BLR012,2025-07-19 21:00:00,monsoon,10,6,16,0.62,OK
BLR012,2025-07-19 22:00:00,monsoon,11,5,16,0.69,OK
BLR012,2025-07-19 23:00:00,monsoon,11,5,16,0.69,OK
BLR012,2025-07-20 00:00:00,monsoon,11,5,16,0.69,OK
BLR012,2025-07-20 01:00:00,monsoon,12,4,16,0.75,OK
BLR012,2025-07-20 02:00:00,monsoon,11,5,16,0.69,OK
BLR012,2025-07-20 03:00:00,monsoon,10,6,16,0.62,OK
BLR012,2025-07-20 04:00:00,monsoon,9,7,16,0.56,OK
BLR012,2025-07-20 05:00:00,monsoon,10,6,16,0.62,OK
BLR012,2025-07-20 06:00:00,monsoon,10,6,16,0.62,OK
BLR012,2025-07-20 07:00:00,monsoon,10,6,16,0.62,OK
BLR012,2025-07-20 08:00:00,monsoon,10,6,16,0.62,OK
BLR012,2025-07-20 09:00:00,monsoon,10,6,16,0.62,OK
BLR012,2025-07-20 10:00:00,monsoon,10,6,16,0.62,OK
BLR012,2025-07-20 11:00:00,monsoon,9,7,16,0.56,OK
BLR012,2025-07-20 12:00:00,monsoon,8,8,16,0.5,OK
BLR012,2025-07-20 13:00:00,monsoon,8,8,16,0.5,OK
BLR012,2025-07-20 14:00:00,monsoon,9,7,16,0.56,OK
BLR012,2025-07-20 15:00:00,monsoon,8,8,16,0.5,OK
BLR012,2025-07-20 16:00:00,monsoon,8,8,16,0.5,OK
BLR012,2025-07-20 17:00:00,monsoon,5,11,16,0.31,OK
BLR012,2025-07-20 18:00:00,monsoon,4,12,16,0.25,OK
BLR012,2025-07-20 19:00:00,monsoon,3,13,16,0.19,OK
BLR012,2025-07-20 20:00:00,monsoon,2,14,16,0.12,OK
BLR012,2025-07-20 21:00:00,monsoon,3,13,16,0.19,OK
BLR012,2025-07-20 22:00:00,monsoon,3,13,16,0.19,OK
BLR012,2025-07-20 23:00:00,monsoon,3,13,16,0.19,OK
BLR013,2025-07-14 00:00:00,monsoon,14,10,24,0.58,OK
BLR013,2025-07-14 01:00:00,monsoon,15,9,24,0.62,OK
BLR013,2025-07-14 02:00:00,monsoon,15,9,24,0.62,OK
BLR013,2025-07-14 03:00:00,monsoon,16,8,24,0.67,OK
BLR013,2025-07-14 04:00:00,monsoon,16,8,24,0.67,OK
BLR013,2025-07-14 05:00:00,monsoon,16,8,24,0.67,OK
BLR013,2025-07-14 06:00:00,monsoon,16,8,24,0.67,OK
BLR013,2025-07-14 07:00:00,monsoon,16,8,24,0.67,OK
BLR013,2025-07-14 08:00:00,monsoon,16,8,24,0.67,OK
BLR013,2025-07-14 09:00:00,monsoon,16,8,24,0.67,OK
BLR013,2025-07-14 10:00:00,monsoon,18,6,24,0.75,OK
BLR013,2025-07-14 11:00:00,monsoon,17,7,24,0.71,OK
BLR013,2025-07-14 12:00:00,monsoon,18,6,24,0.75,OK
BLR013,2025-07-14 13:00:00,monsoon,17,7,24,0.71,OK
BLR013,2025-07-14 14:00:00,monsoon,17,7,24,0.71,OK
BLR013,2025-07-14 15:00:00,monsoon,16,8,24,0.67,OK
BLR013,2025-07-14 16:00:00,monsoon,16,8,24,0.67,OK
BLR013,2025-07-14 17:00:00,monsoon,16,8,24,0.67,OK
BLR013,2025-07-14 18:00:00,monsoon,16,8,24,0.67,OK
BLR013,2025-07-14 19:00:00,monsoon,15,9,24,0.62,OK
BLR013,2025-07-14 20:00:00,monsoon,15,9,24,0.62,OK
BLR013,2025-07-14 21:00:00,monsoon,15,9,24,0.62,OK
BLR013,2025-07-14 22:00:00,monsoon,15,9,24,0.62,OK
BLR013,2025-07-14 23:00:00,monsoon,15,9,24,0.62,OK
BLR013,2025-07-15 00:00:00,monsoon,15,9,24,0.62,OK
BLR013,2025-07-15 01:00:00,monsoon,15,9,24,0.62,OK
BLR013,2025-07-15 02:00:00,monsoon,15,9,24,0.62,OK
BLR013,2025-07-15 03:00:00,monsoon,15,9,24,0.62,OK
BLR013,2025-07-15 04:00:00,monsoon,16,8,24,0.67,OK
BLR013,2025-07-15 05:00:00,monsoon,16,8,24,0.67,OK
BLR013,2025-07-15 06:00:00,monsoon,17,7,24,0.71,OK
BLR013,2025-07-15 07:00:00,monsoon,17,7,24,0.71,OK
BLR013,2025-07-15 08:00:00,monsoon,17,7,24,0.71,OK
BLR013,2025-07-15 09:00:00,monsoon,17,7,24,0.71,OK
BLR013,2025-07-15 10:00:00,monsoon,17,7,24,0.71,OK
BLR013,2025-07-15 11:00:00,monsoon,17,7,24,0.71,OK
BLR013,2025-07-15 12:00:00,monsoon,17,7,24,0.71,OK
BLR013,2025-07-15 13:00:00,monsoon,17,7,24,0.71,OK
BLR013,2025-07-15 14:00:00,monsoon,17,7,24,0.71,OK
BLR013,2025-07-15 15:00:00,monsoon,16,8,24,0.67,OK
BLR013,2025-07-15 16:00:00,monsoon,16,8,24,0.67,OK
BLR013,2025-07-15 17:00:00,monsoon,16,8,24,0.67,OK
BLR013,2025-07-15 18:00:00,monsoon,13,11,24,0.54,OK
BLR013,2025-07-15 19:00:00,monsoon,13,11,24,0.54,OK
BLR013,2025-07-15 20:00:00,monsoon,12,12,24,0.5,OK
BLR013,2025-07-15 21:00:00,monsoon,13,11,24,0.54,OK
BLR013,2025-07-15 22:00:00,monsoon,14,10,24,0.58,OK
BLR013,2025-07-15 23:00:00,monsoon,14,10,24,0.58,OK
BLR013,2025-07-16 00:00:00,monsoon,13,11,24,0.54,OK
BLR013,2025-07-16 01:00:00,monsoon,12,12,24,0.5,OK
BLR013,2025-07-16 02:00:00,monsoon,12,12,24,0.5,OK
BLR013,2025-07-16 03:00:00,monsoon,12,12,24,0.5,OK
BLR013,2025-07-16 04:00:00,monsoon,12,12,24,0.5,OK
BLR013,2025-07-16 05:00:00,monsoon,11,13,24,0.46,OK
BLR013,2025-07-16 06:00:00,monsoon,12,12,24,0.5,OK
BLR013,2025-07-16 07:00:00,monsoon,13,11,24,0.54,OK
BLR013,2025-07-16 08:00:00,monsoon,15,9,24,0.62,OK
BLR013,2025-07-16 09:00:00,monsoon,17,7,24,0.71,OK
BLR013,2025-07-16 10:00:00,monsoon,17,7,24,0.71,OK
BLR013,2025-07-16 11:00:00,monsoon,17,7,24,0.71,OK
BLR013,2025-07-16 12:00:00,monsoon,17,7,24,0.71,OK
BLR013,2025-07-16 13:00:00,monsoon,17,7,24,0.71,OK
BLR013,2025-07-16 14:00:00,monsoon,17,7,24,0.71,OK
BLR013,2025-07-16 15:00:00,monsoon,18,6,24,0.75,OK
BLR013,2025-07-16 16:00:00,monsoon,19,5,24,0.79,OK
BLR013,2025-07-16 17:00:00,monsoon,19,5,24,0.79,OK
BLR013,2025-07-16 18:00:00,monsoon,18,6,24,0.75,OK
BLR013,2025-07-16 19:00:00,monsoon,17,7,24,0.71,OK
BLR013,2025-07-16 20:00:00,monsoon,17,7,24,0.71,OK
BLR013,2025-07-16 21:00:00,monsoon,17,7,24,0.71,OK
BLR013,2025-07-16 22:00:00,monsoon,17,7,24,0.71,OK
BLR013,2025-07-16 23:00:00,monsoon,17,7,24,0.71,OK
BLR013,2025-07-17 00:00:00,monsoon,18,6,24,0.75,OK
BLR013,2025-07-17 01:00:00,monsoon,18,6,24,0.75,OK
BLR013,2025-07-17 02:00:00,monsoon,18,6,24,0.75,OK
BLR013,2025-07-17 03:00:00,monsoon,18,6,24,0.75,OK
BLR013,2025-07-17 04:00:00,monsoon,17,7,24,0.71,OK
BLR013,2025-07-17 05:00:00,monsoon,17,7,24,0.71,OK
BLR013,2025-07-17 06:00:00,monsoon,17,7,24,0.71,OK
BLR013,2025-07-17 07:00:00,monsoon,17,7,24,0.71,OK
BLR013,2025-07-17 08:00:00,monsoon,19,5,24,0.79,OK
BLR013,2025-07-17 09:00:00,monsoon,19,5,24,0.79,OK
BLR013,2025-07-17 10:00:00,monsoon,21,3,24,0.88,OK
BLR013,2025-07-17 11:00:00,monsoon,22,2,24,0.92,Overstocked
BLR013,2025-07-17 12:00:00,monsoon,22,2,24,0.92,Overstocked
BLR013,2025-07-17 13:00:00,monsoon,23,1,24,0.96,Overstocked
BLR013,2025-07-17 14:00:00,monsoon,23,1,24,0.96,Overstocked
BLR013,2025-07-17 15:00:00,monsoon,23,1,24,0.96,Overstocked
BLR013,2025-07-17 16:00:00,monsoon,23,1,24,0.96,Overstocked
BLR013,2025-07-17 17:00:00,monsoon,23,1,24,0.96,Overstocked
BLR013,2025-07-17 18:00:00,monsoon,22,2,24,0.92,Overstocked
BLR013,2025-07-17 19:00:00,monsoon,22,2,24,0.92,Overstocked
BLR013,2025-07-17 20:00:00,monsoon,22,2,24,0.92,Overstocked
BLR013,2025-07-17 21:00:00,monsoon,22,2,24,0.92,Overstocked
BLR013,2025-07-17 22:00:00,monsoon,22,2,24,0.92,Overstocked
BLR013,2025-07-17 23:00:00,monsoon,22,2,24,0.92,Overstocked
BLR013,2025-07-18 00:00:00,monsoon,23,1,24,0.96,Overstocked
BLR013,2025-07-18 01:00:00,monsoon,22,2,24,0.92,Overstocked
BLR013,2025-07-18 02:00:00,monsoon,22,2,24,0.92,Overstocked
BLR013,2025-07-18 03:00:00,monsoon,21,3,24,0.88,OK
BLR013,2025-07-18 04:00:00,monsoon,22,2,24,0.92,Overstocked
BLR013,2025-07-18 05:00:00,monsoon,22,2,24,0.92,Overstocked
BLR013,2025-07-18 06:00:00,monsoon,22,2,24,0.92,Overstocked
BLR013,2025-07-18 07:00:00,monsoon,22,2,24,0.92,Overstocked
BLR013,2025-07-18 08:00:00,monsoon,22,2,24,0.92,Overstocked
BLR013,2025-07-18 09:00:00,monsoon,23,1,24,0.96,Overstocked
BLR013,2025-07-18 10:00:00,monsoon,24,0,24,1.0,Overstocked
BLR013,2025-07-18 11:00:00,monsoon,24,0,24,1.0,Overstocked
BLR013,2025-07-18 12:00:00,monsoon,24,0,24,1.0,Overstocked
BLR013,2025-07-18 13:00:00,monsoon,24,0,24,1.0,Overstocked
BLR013,2025-07-18 14:00:00,monsoon,24,0,24,1.0,Overstocked
BLR013,2025-07-18 15:00:00,monsoon,24,0,24,1.0,Overstocked
BLR013,2025-07-18 16:00:00,monsoon,24,0,24,1.0,Overstocked
BLR013,2025-07-18 17:00:00,monsoon,23,1,24,0.96,Overstocked
BLR013,2025-07-18 18:00:00,monsoon,23,1,24,0.96,Overstocked
BLR013,2025-07-18 19:00:00,monsoon,22,2,24,0.92,Overstocked
BLR013,2025-07-18 20:00:00,monsoon,22,2,24,0.92,Overstocked
BLR013,2025-07-18 21:00:00,monsoon,22,2,24,0.92,Overstocked
BLR013,2025-07-18 22:00:00,monsoon,23,1,24,0.96,Overstocked
BLR013,2025-07-18 23:00:00,monsoon,24,0,24,1.0,Overstocked
BLR013,2025-07-19 00:00:00,monsoon,24,0,24,1.0,Overstocked
BLR013,2025-07-19 01:00:00,monsoon,24,0,24,1.0,Overstocked
BLR013,2025-07-19 02:00:00,monsoon,24,0,24,1.0,Overstocked
BLR013,2025-07-19 03:00:00,monsoon,24,0,24,1.0,Overstocked
BLR013,2025-07-19 04:00:00,monsoon,24,0,24,1.0,Overstocked
BLR013,2025-07-19 05:00:00,monsoon,23,1,24,0.96,Overstocked
BLR013,2025-07-19 06:00:00,monsoon,23,1,24,0.96,Overstocked
BLR013,2025-07-19 07:00:00,monsoon,23,1,24,0.96,Overstocked
BLR013,2025-07-19 08:00:00,monsoon,23,1,24,0.96,Overstocked
BLR013,2025-07-19 09:00:00,monsoon,23,1,24,0.96,Overstocked
BLR013,2025-07-19 10:00:00,monsoon,24,0,24,1.0,Overstocked
BLR013,2025-07-19 11:00:00,monsoon,24,0,24,1.0,Overstocked
BLR013,2025-07-19 12:00:00,monsoon,24,0,24,1.0,Overstocked
BLR013,2025-07-19 13:00:00,monsoon,24,0,24,1.0,Overstocked
BLR013,2025-07-19 14:00:00,monsoon,23,1,24,0.96,Overstocked
BLR013,2025-07-19 15:00:00,monsoon,23,1,24,0.96,Overstocked
BLR013,2025-07-19 16:00:00,monsoon,23,1,24,0.96,Overstocked
BLR013,2025-07-19 17:00:00,monsoon,23,1,24,0.96,Overstocked
BLR013,2025-07-19 18:00:00,monsoon,20,4,24,0.83,OK
BLR013,2025-07-19 19:00:00,monsoon,20,4,24,0.83,OK
BLR013,2025-07-19 20:00:00,monsoon,18,6,24,0.75,OK
BLR013,2025-07-19 21:00:00,monsoon,18,6,24,0.75,OK
BLR013,2025-07-19 22:00:00,monsoon,18,6,24,0.75,OK
BLR013,2025-07-19 23:00:00,monsoon,18,6,24,0.75,OK
BLR013,2025-07-20 00:00:00,monsoon,19,5,24,0.79,OK
BLR013,2025-07-20 01:00:00,monsoon,20,4,24,0.83,OK
BLR013,2025-07-20 02:00:00,monsoon,20,4,24,0.83,OK
BLR013,2025-07-20 03:00:00,monsoon,20,4,24,0.83,OK
BLR013,2025-07-20 04:00:00,monsoon,20,4,24,0.83,OK
BLR013,2025-07-20 05:00:00,monsoon,20,4,24,0.83,OK
BLR013,2025-07-20 06:00:00,monsoon,20,4,24,0.83,OK
BLR013,2025-07-20 07:00:00,monsoon,20,4,24,0.83,OK
BLR013,2025-07-20 08:00:00,monsoon,20,4,24,0.83,OK
BLR013,2025-07-20 09:00:00,monsoon,20,4,24,0.83,OK
BLR013,2025-07-20 10:00:00,monsoon,20,4,24,0.83,OK
BLR013,2025-07-20 11:00:00,monsoon,21,3,24,0.88,OK
BLR013,2025-07-20 12:00:00,monsoon,20,4,24,0.83,OK
BLR013,2025-07-20 13:00:00,monsoon,21,3,24,0.88,OK
BLR013,2025-07-20 14:00:00,monsoon,21,3,24,0.88,OK
BLR013,2025-07-20 15:00:00,monsoon,21,3,24,0.88,OK
BLR013,2025-07-20 16:00:00,monsoon,21,3,24,0.88,OK
BLR013,2025-07-20 17:00:00,monsoon,20,4,24,0.83,OK
BLR013,2025-07-20 18:00:00,monsoon,20,4,24,0.83,OK
BLR013,2025-07-20 19:00:00,monsoon,20,4,24,0.83,OK
BLR013,2025-07-20 20:00:00,monsoon,16,8,24,0.67,OK
BLR013,2025-07-20 21:00:00,monsoon,16,8,24,0.67,OK
BLR013,2025-07-20 22:00:00,monsoon,16,8,24,0.67,OK
BLR013,2025-07-20 23:00:00,monsoon,15,9,24,0.62,OK
BLR014,2025-07-14 00:00:00,monsoon,3,9,12,0.25,OK
BLR014,2025-07-14 01:00:00,monsoon,3,9,12,0.25,OK
BLR014,2025-07-14 02:00:00,monsoon,2,10,12,0.17,OK
BLR014,2025-07-14 03:00:00,monsoon,3,9,12,0.25,OK
BLR014,2025-07-14 04:00:00,monsoon,3,9,12,0.25,OK
BLR014,2025-07-14 05:00:00,monsoon,2,10,12,0.17,OK
BLR014,2025-07-14 06:00:00,monsoon,2,10,12,0.17,OK
BLR014,2025-07-14 07:00:00,monsoon,4,8,12,0.33,OK
BLR014,2025-07-14 08:00:00,monsoon,4,8,12,0.33,OK
BLR014,2025-07-14 09:00:00,monsoon,5,7,12,0.42,OK
BLR014,2025-07-14 10:00:00,monsoon,7,5,12,0.58,OK
BLR014,2025-07-14 11:00:00,monsoon,7,5,12,0.58,OK
BLR014,2025-07-14 12:00:00,monsoon,6,6,12,0.5,OK
BLR014,2025-07-14 13:00:00,monsoon,7,5,12,0.58,OK
BLR014,2025-07-14 14:00:00,monsoon,8,4,12,0.67,OK
BLR014,2025-07-14 15:00:00,monsoon,8,4,12,0.67,OK
BLR014,2025-07-14 16:00:00,monsoon,7,5,12,0.58,OK
BLR014,2025-07-14 17:00:00,monsoon,7,5,12,0.58,OK
BLR014,2025-07-14 18:00:00,monsoon,4,8,12,0.33,OK
BLR014,2025-07-14 19:00:00,monsoon,3,9,12,0.25,OK
BLR014,2025-07-14 20:00:00,monsoon,1,11,12,0.08,Understocked
BLR014,2025-07-14 21:00:00,monsoon,1,11,12,0.08,Understocked
BLR014,2025-07-14 22:00:00,monsoon,1,11,12,0.08,Understocked
BLR014,2025-07-14 23:00:00,monsoon,2,10,12,0.17,OK
BLR014,2025-07-15 00:00:00,monsoon,2,10,12,0.17,OK
BLR014,2025-07-15 01:00:00,monsoon,2,10,12,0.17,OK
BLR014,2025-07-15 02:00:00,monsoon,2,10,12,0.17,OK
BLR014,2025-07-15 03:00:00,monsoon,2,10,12,0.17,OK
BLR014,2025-07-15 04:00:00,monsoon,3,9,12,0.25,OK
BLR014,2025-07-15 05:00:00,monsoon,3,9,12,0.25,OK
BLR014,2025-07-15 06:00:00,monsoon,4,8,12,0.33,OK
BLR014,2025-07-15 07:00:00,monsoon,4,8,12,0.33,OK
BLR014,2025-07-15 08:00:00,monsoon,4,8,12,0.33,OK
BLR014,2025-07-15 09:00:00,monsoon,5,7,12,0.42,OK
BLR014,2025-07-15 10:00:00,monsoon,6,6,12,0.5,OK
BLR014,2025-07-15 11:00:00,monsoon,6,6,12,0.5,OK
BLR014,2025-07-15 12:00:00,monsoon,6,6,12,0.5,OK
BLR014,2025-07-15 13:00:00,monsoon,7,5,12,0.58,OK
BLR014,2025-07-15 14:00:00,monsoon,6,6,12,0.5,OK
BLR014,2025-07-15 15:00:00,monsoon,6,6,12,0.5,OK
BLR014,2025-07-15 16:00:00,monsoon,5,7,12,0.42,OK
BLR014,2025-07-15 17:00:00,monsoon,5,7,12,0.42,OK
BLR014,2025-07-15 18:00:00,monsoon,4,8,12,0.33,OK
BLR014,2025-07-15 19:00:00,monsoon,3,9,12,0.25,OK
BLR014,2025-07-15 20:00:00,monsoon,3,9,12,0.25,OK
BLR014,2025-07-15 21:00:00,monsoon,3,9,12,0.25,OK
BLR014,2025-07-15 22:00:00,monsoon,3,9,12,0.25,OK
BLR014,2025-07-15 23:00:00,monsoon,4,8,12,0.33,OK
BLR014,2025-07-16 00:00:00,monsoon,5,7,12,0.42,OK
BLR014,2025-07-16 01:00:00,monsoon,5,7,12,0.42,OK
BLR014,2025-07-16 02:00:00,monsoon,5,7,12,0.42,OK
BLR014,2025-07-16 03:00:00,monsoon,4,8,12,0.33,OK
BLR014,2025-07-16 04:00:00,monsoon,3,9,12,0.25,OK
BLR014,2025-07-16 05:00:00,monsoon,3,9,12,0.25,OK
BLR014,2025-07-16 06:00:00,monsoon,4,8,12,0.33,OK
BLR014,2025-07-16 07:00:00,monsoon,4,8,12,0.33,OK
BLR014,2025-07-16 08:00:00,monsoon,5,7,12,0.42,OK
BLR014,2025-07-16 09:00:00,monsoon,5,7,12,0.42,OK
BLR014,2025-07-16 10:00:00,monsoon,5,7,12,0.42,OK
BLR014,2025-07-16 11:00:00,monsoon,5,7,12,0.42,OK
BLR014,2025-07-16 12:00:00,monsoon,5,7,12,0.42,OK
BLR014,2025-07-16 13:00:00,monsoon,4,8,12,0.33,OK
BLR014,2025-07-16 14:00:00,monsoon,4,8,12,0.33,OK
BLR014,2025-07-16 15:00:00,monsoon,3,9,12,0.25,OK
BLR014,2025-07-16 16:00:00,monsoon,3,9,12,0.25,OK
BLR014,2025-07-16 17:00:00,monsoon,3,9,12,0.25,OK
BLR014,2025-07-16 18:00:00,monsoon,3,9,12,0.25,OK
BLR014,2025-07-16 19:00:00,monsoon,2,10,12,0.17,OK
BLR014,2025-07-16 20:00:00,monsoon,1,11,12,0.08,Understocked
BLR014,2025-07-16 21:00:00,monsoon,1,11,12,0.08,Understocked
BLR014,2025-07-16 22:00:00,monsoon,1,11,12,0.08,Understocked
BLR014,2025-07-16 23:00:00,monsoon,1,11,12,0.08,Understocked
BLR014,2025-07-17 00:00:00,monsoon,1,11,12,0.08,Understocked
BLR014,2025-07-17 01:00:00,monsoon,0,12,12,0.0,Understocked
BLR014,2025-07-17 02:00:00,monsoon,1,11,12,0.08,Understocked
BLR014,2025-07-17 03:00:00,monsoon,2,10,12,0.17,OK
BLR014,2025-07-17 04:00:00,monsoon,3,9,12,0.25,OK
BLR014,2025-07-17 05:00:00,monsoon,3,9,12,0.25,OK
BLR014,2025-07-17 06:00:00,monsoon,3,9,12,0.25,OK
BLR014,2025-07-17 07:00:00,monsoon,3,9,12,0.25,OK
BLR014,2025-07-17 08:00:00,monsoon,3,9,12,0.25,OK
BLR014,2025-07-17 09:00:00,monsoon,4,8,12,0.33,OK
BLR014,2025-07-17 10:00:00,monsoon,4,8,12,0.33,OK
BLR014,2025-07-17 11:00:00,monsoon,5,7,12,0.42,OK
BLR014,2025-07-17 12:00:00,monsoon,5,7,12,0.42,OK
BLR014,2025-07-17 13:00:00,monsoon,5,7,12,0.42,OK
BLR014,2025-07-17 14:00:00,monsoon,4,8,12,0.33,OK
BLR014,2025-07-17 15:00:00,monsoon,5,7,12,0.42,OK
BLR014,2025-07-17 16:00:00,monsoon,4,8,12,0.33,OK
BLR014,2025-07-17 17:00:00,monsoon,4,8,12,0.33,OK
BLR014,2025-07-17 18:00:00,monsoon,3,9,12,0.25,OK
BLR014,2025-07-17 19:00:00,monsoon,3,9,12,0.25,OK
BLR014,2025-07-17 20:00:00,monsoon,2,10,12,0.17,OK
BLR014,2025-07-17 21:00:00,monsoon,2,10,12,0.17,OK
BLR014,2025-07-17 22:00:00,monsoon,1,11,12,0.08,Understocked
BLR014,2025-07-17 23:00:00,monsoon,1,11,12,0.08,Understocked
BLR014,2025-07-18 00:00:00,monsoon,1,11,12,0.08,Understocked
BLR014,2025-07-18 01:00:00,monsoon,0,12,12,0.0,Understocked
BLR014,2025-07-18 02:00:00,monsoon,1,11,12,0.08,Understocked
BLR014,2025-07-18 03:00:00,monsoon,1,11,12,0.08,Understocked
BLR014,2025-07-18 04:00:00,monsoon,1,11,12,0.08,Understocked
BLR014,2025-07-18 05:00:00,monsoon,1,11,12,0.08,Understocked
BLR014,2025-07-18 06:00:00,monsoon,2,10,12,0.17,OK
BLR014,2025-07-18 07:00:00,monsoon,2,10,12,0.17,OK
BLR014,2025-07-18 08:00:00,monsoon,2,10,12,0.17,OK
BLR014,2025-07-18 09:00:00,monsoon,2,10,12,0.17,OK
BLR014,2025-07-18 10:00:00,monsoon,3,9,12,0.25,OK
BLR014,2025-07-18 11:00:00,monsoon,4,8,12,0.33,OK
BLR014,2025-07-18 12:00:00,monsoon,3,9,12,0.25,OK
BLR014,2025-07-18 13:00:00,monsoon,3,9,12,0.25,OK
BLR014,2025-07-18 14:00:00,monsoon,3,9,12,0.25,OK
BLR014,2025-07-18 15:00:00,monsoon,4,8,12,0.33,OK
BLR014,2025-07-18 16:00:00,monsoon,5,7,12,0.42,OK
BLR014,2025-07-18 17:00:00,monsoon,4,8,12,0.33,OK
BLR014,2025-07-18 18:00:00,monsoon,4,8,12,0.33,OK
BLR014,2025-07-18 19:00:00,monsoon,3,9,12,0.25,OK
BLR014,2025-07-18 20:00:00,monsoon,1,11,12,0.08,Understocked
BLR014,2025-07-18 21:00:00,monsoon,1,11,12,0.08,Understocked
BLR014,2025-07-18 22:00:00,monsoon,0,12,12,0.0,Understocked
BLR014,2025-07-18 23:00:00,monsoon,0,12,12,0.0,Understocked
BLR014,2025-07-19 00:00:00,monsoon,0,12,12,0.0,Understocked
BLR014,2025-07-19 01:00:00,monsoon,0,12,12,0.0,Understocked
BLR014,2025-07-19 02:00:00,monsoon,0,12,12,0.0,Understocked
BLR014,2025-07-19 03:00:00,monsoon,0,12,12,0.0,Understocked
BLR014,2025-07-19 04:00:00,monsoon,0,12,12,0.0,Understocked
BLR014,2025-07-19 05:00:00,monsoon,0,12,12,0.0,Understocked
BLR014,2025-07-19 06:00:00,monsoon,0,12,12,0.0,Understocked
BLR014,2025-07-19 07:00:00,monsoon,0,12,12,0.0,Understocked
BLR014,2025-07-19 08:00:00,monsoon,0,12,12,0.0,Understocked
BLR014,2025-07-19 09:00:00,monsoon,1,11,12,0.08,Understocked
BLR014,2025-07-19 10:00:00,monsoon,1,11,12,0.08,Understocked
BLR014,2025-07-19 11:00:00,monsoon,0,12,12,0.0,Understocked
BLR014,2025-07-19 12:00:00,monsoon,1,11,12,0.08,Understocked
BLR014,2025-07-19 13:00:00,monsoon,1,11,12,0.08,Understocked
BLR014,2025-07-19 14:00:00,monsoon,1,11,12,0.08,Understocked
BLR014,2025-07-19 15:00:00,monsoon,2,10,12,0.17,OK
BLR014,2025-07-19 16:00:00,monsoon,2,10,12,0.17,OK
BLR014,2025-07-19 17:00:00,monsoon,0,12,12,0.0,Understocked
BLR014,2025-07-19 18:00:00,monsoon,0,12,12,0.0,Understocked
BLR014,2025-07-19 19:00:00,monsoon,0,12,12,0.0,Understocked
BLR014,2025-07-19 20:00:00,monsoon,0,12,12,0.0,Understocked
BLR014,2025-07-19 21:00:00,monsoon,0,12,12,0.0,Understocked
BLR014,2025-07-19 22:00:00,monsoon,0,12,12,0.0,Understocked
BLR014,2025-07-19 23:00:00,monsoon,0,12,12,0.0,Understocked
BLR014,2025-07-20 00:00:00,monsoon,0,12,12,0.0,Understocked
BLR014,2025-07-20 01:00:00,monsoon,0,12,12,0.0,Understocked
BLR014,2025-07-20 02:00:00,monsoon,0,12,12,0.0,Understocked
BLR014,2025-07-20 03:00:00,monsoon,0,12,12,0.0,Understocked
BLR014,2025-07-20 04:00:00,monsoon,0,12,12,0.0,Understocked
BLR014,2025-07-20 05:00:00,monsoon,0,12,12,0.0,Understocked
BLR014,2025-07-20 06:00:00,monsoon,1,11,12,0.08,Understocked
BLR014,2025-07-20 07:00:00,monsoon,1,11,12,0.08,Understocked
BLR014,2025-07-20 08:00:00,monsoon,1,11,12,0.08,Understocked
BLR014,2025-07-20 09:00:00,monsoon,1,11,12,0.08,Understocked
BLR014,2025-07-20 10:00:00,monsoon,1,11,12,0.08,Understocked
BLR014,2025-07-20 11:00:00,monsoon,1,11,12,0.08,Understocked
BLR014,2025-07-20 12:00:00,monsoon,1,11,12,0.08,Understocked
BLR014,2025-07-20 13:00:00,monsoon,1,11,12,0.08,Understocked
BLR014,2025-07-20 14:00:00,monsoon,2,10,12,0.17,OK
BLR014,2025-07-20 15:00:00,monsoon,3,9,12,0.25,OK
BLR014,2025-07-20 16:00:00,monsoon,3,9,12,0.25,OK
BLR014,2025-07-20 17:00:00,monsoon,2,10,12,0.17,OK
BLR014,2025-07-20 18:00:00,monsoon,2,10,12,0.17,OK
BLR014,2025-07-20 19:00:00,monsoon,0,12,12,0.0,Understocked
BLR014,2025-07-20 20:00:00,monsoon,0,12,12,0.0,Understocked
BLR014,2025-07-20 21:00:00,monsoon,1,11,12,0.08,Understocked
BLR014,2025-07-20 22:00:00,monsoon,1,11,12,0.08,Understocked
BLR014,2025-07-20 23:00:00,monsoon,0,12,12,0.0,Understocked
BLR015,2025-07-14 00:00:00,monsoon,7,13,20,0.35,OK
BLR015,2025-07-14 01:00:00,monsoon,6,14,20,0.3,OK
BLR015,2025-07-14 02:00:00,monsoon,5,15,20,0.25,OK
BLR015,2025-07-14 03:00:00,monsoon,5,15,20,0.25,OK
BLR015,2025-07-14 04:00:00,monsoon,6,14,20,0.3,OK
BLR015,2025-07-14 05:00:00,monsoon,6,14,20,0.3,OK
BLR015,2025-07-14 06:00:00,monsoon,6,14,20,0.3,OK
BLR015,2025-07-14 07:00:00,monsoon,6,14,20,0.3,OK
BLR015,2025-07-14 08:00:00,monsoon,7,13,20,0.35,OK
BLR015,2025-07-14 09:00:00,monsoon,7,13,20,0.35,OK
BLR015,2025-07-14 10:00:00,monsoon,7,13,20,0.35,OK
BLR015,2025-07-14 11:00:00,monsoon,7,13,20,0.35,OK
BLR015,2025-07-14 12:00:00,monsoon,8,12,20,0.4,OK
BLR015,2025-07-14 13:00:00,monsoon,9,11,20,0.45,OK
BLR015,2025-07-14 14:00:00,monsoon,10,10,20,0.5,OK
BLR015,2025-07-14 15:00:00,monsoon,10,10,20,0.5,OK
BLR015,2025-07-14 16:00:00,monsoon,10,10,20,0.5,OK
BLR015,2025-07-14 17:00:00,monsoon,9,11,20,0.45,OK
BLR015,2025-07-14 18:00:00,monsoon,8,12,20,0.4,OK
BLR015,2025-07-14 19:00:00,monsoon,7,13,20,0.35,OK
BLR015,2025-07-14 20:00:00,monsoon,6,14,20,0.3,OK
BLR015,2025-07-14 21:00:00,monsoon,6,14,20,0.3,OK
BLR015,2025-07-14 22:00:00,monsoon,7,13,20,0.35,OK
BLR015,2025-07-14 23:00:00,monsoon,7,13,20,0.35,OK
BLR015,2025-07-15 00:00:00,monsoon,6,14,20,0.3,OK
BLR015,2025-07-15 01:00:00,monsoon,6,14,20,0.3,OK
BLR015,2025-07-15 02:00:00,monsoon,6,14,20,0.3,OK
BLR015,2025-07-15 03:00:00,monsoon,6,14,20,0.3,OK
BLR015,2025-07-15 04:00:00,monsoon,7,13,20,0.35,OK
BLR015,2025-07-15 05:00:00,monsoon,7,13,20,0.35,OK
BLR015,2025-07-15 06:00:00,monsoon,8,12,20,0.4,OK
BLR015,2025-07-15 07:00:00,monsoon,8,12,20,0.4,OK
BLR015,2025-07-15 08:00:00,monsoon,8,12,20,0.4,OK
BLR015,2025-07-15 09:00:00,monsoon,12,8,20,0.6,OK
BLR015,2025-07-15 10:00:00,monsoon,12,8,20,0.6,OK
BLR015,2025-07-15 11:00:00,monsoon,11,9,20,0.55,OK
BLR015,2025-07-15 12:00:00,monsoon,11,9,20,0.55,OK
BLR015,2025-07-15 13:00:00,monsoon,11,9,20,0.55,OK
BLR015,2025-07-15 14:00:00,monsoon,12,8,20,0.6,OK
BLR015,2025-07-15 15:00:00,monsoon,12,8,20,0.6,OK
BLR015,2025-07-15 16:00:00,monsoon,12,8,20,0.6,OK
BLR015,2025-07-15 17:00:00,monsoon,11,9,20,0.55,OK
BLR015,2025-07-15 18:00:00,monsoon,10,10,20,0.5,OK
BLR015,2025-07-15 19:00:00,monsoon,9,11,20,0.45,OK
BLR015,2025-07-15 20:00:00,monsoon,9,11,20,0.45,OK
BLR015,2025-07-15 21:00:00,monsoon,10,10,20,0.5,OK
BLR015,2025-07-15 22:00:00,monsoon,10,10,20,0.5,OK
BLR015,2025-07-15 23:00:00,monsoon,9,11,20,0.45,OK
BLR015,2025-07-16 00:00:00,monsoon,8,12,20,0.4,OK
BLR015,2025-07-16 01:00:00,monsoon,8,12,20,0.4,OK
BLR015,2025-07-16 02:00:00,monsoon,9,11,20,0.45,OK
BLR015,2025-07-16 03:00:00,monsoon,8,12,20,0.4,OK
BLR015,2025-07-16 04:00:00,monsoon,8,12,20,0.4,OK
BLR015,2025-07-16 05:00:00,monsoon,8,12,20,0.4,OK
BLR015,2025-07-16 06:00:00,monsoon,8,12,20,0.4,OK
BLR015,2025-07-16 07:00:00,monsoon,8,12,20,0.4,OK
BLR015,2025-07-16 08:00:00,monsoon,9,11,20,0.45,OK
BLR015,2025-07-16 09:00:00,monsoon,9,11,20,0.45,OK
BLR015,2025-07-16 10:00:00,monsoon,9,11,20,0.45,OK
BLR015,2025-07-16 11:00:00,monsoon,9,11,20,0.45,OK
BLR015,2025-07-16 12:00:00,monsoon,9,11,20,0.45,OK
BLR015,2025-07-16 13:00:00,monsoon,9,11,20,0.45,OK
BLR015,2025-07-16 14:00:00,monsoon,9,11,20,0.45,OK
BLR015,2025-07-16 15:00:00,monsoon,8,12,20,0.4,OK
BLR015,2025-07-16 16:00:00,monsoon,8,12,20,0.4,OK
BLR015,2025-07-16 17:00:00,monsoon,8,12,20,0.4,OK
BLR015,2025-07-16 18:00:00,monsoon,8,12,20,0.4,OK
BLR015,2025-07-16 19:00:00,monsoon,8,12,20,0.4,OK
BLR015,2025-07-16 20:00:00,monsoon,5,15,20,0.25,OK
BLR015,2025-07-16 21:00:00,monsoon,5,15,20,0.25,OK
BLR015,2025-07-16 22:00:00,monsoon,6,14,20,0.3,OK
BLR015,2025-07-16 23:00:00,monsoon,6,14,20,0.3,OK
BLR015,2025-07-17 00:00:00,monsoon,6,14,20,0.3,OK
BLR015,2025-07-17 01:00:00,monsoon,6,14,20,0.3,OK
BLR015,2025-07-17 02:00:00,monsoon,7,13,20,0.35,OK
BLR015,2025-07-17 03:00:00,monsoon,8,12,20,0.4,OK
BLR015,2025-07-17 04:00:00,monsoon,8,12,20,0.4,OK
BLR015,2025-07-17 05:00:00,monsoon,8,12,20,0.4,OK
BLR015,2025-07-17 06:00:00,monsoon,8,12,20,0.4,OK
BLR015,2025-07-17 07:00:00,monsoon,8,12,20,0.4,OK
BLR015,2025-07-17 08:00:00,monsoon,8,12,20,0.4,OK
BLR015,2025-07-17 09:00:00,monsoon,10,10,20,0.5,OK
BLR015,2025-07-17 10:00:00,monsoon,11,9,20,0.55,OK
BLR015,2025-07-17 11:00:00,monsoon,10,10,20,0.5,OK
BLR015,2025-07-17 12:00:00,monsoon,10,10,20,0.5,OK
BLR015,2025-07-17 13:00:00,monsoon,10,10,20,0.5,OK
BLR015,2025-07-17 14:00:00,monsoon,10,10,20,0.5,OK
BLR015,2025-07-17 15:00:00,monsoon,10,10,20,0.5,OK
BLR015,2025-07-17 16:00:00,monsoon,10,10,20,0.5,OK
BLR015,2025-07-17 17:00:00,monsoon,9,11,20,0.45,OK
BLR015,2025-07-17 18:00:00,monsoon,9,11,20,0.45,OK
BLR015,2025-07-17 19:00:00,monsoon,6,14,20,0.3,OK
BLR015,2025-07-17 20:00:00,monsoon,3,17,20,0.15,OK
BLR015,2025-07-17 21:00:00,monsoon,3,17,20,0.15,OK
BLR015,2025-07-17 22:00:00,monsoon,3,17,20,0.15,OK
BLR015,2025-07-17 23:00:00,monsoon,4,16,20,0.2,OK
BLR015,2025-07-18 00:00:00,monsoon,4,16,20,0.2,OK
BLR015,2025-07-18 01:00:00,monsoon,4,16,20,0.2,OK
BLR015,2025-07-18 02:00:00,monsoon,5,15,20,0.25,OK
BLR015,2025-07-18 03:00:00,monsoon,5,15,20,0.25,OK
BLR015,2025-07-18 04:00:00,monsoon,6,14,20,0.3,OK
BLR015,2025-07-18 05:00:00,monsoon,7,13,20,0.35,OK
BLR015,2025-07-18 06:00:00,monsoon,8,12,20,0.4,OK
BLR015,2025-07-18 07:00:00,monsoon,8,12,20,0.4,OK
BLR015,2025-07-18 08:00:00,monsoon,8,12,20,0.4,OK
BLR015,2025-07-18 09:00:00,monsoon,11,9,20,0.55,OK
BLR015,2025-07-18 10:00:00,monsoon,11,9,20,0.55,OK
BLR015,2025-07-18 11:00:00,monsoon,11,9,20,0.55,OK
BLR015,2025-07-18 12:00:00,monsoon,10,10,20,0.5,OK
BLR015,2025-07-18 13:00:00,monsoon,11,9,20,0.55,OK
BLR015,2025-07-18 14:00:00,monsoon,11,9,20,0.55,OK
BLR015,2025-07-18 15:00:00,monsoon,11,9,20,0.55,OK
BLR015,2025-07-18 16:00:00,monsoon,12,8,20,0.6,OK
BLR015,2025-07-18 17:00:00,monsoon,11,9,20,0.55,OK
BLR015,2025-07-18 18:00:00,monsoon,9,11,20,0.45,OK
BLR015,2025-07-18 19:00:00,monsoon,6,14,20,0.3,OK
BLR015,2025-07-18 20:00:00,monsoon,5,15,20,0.25,OK
BLR015,2025-07-18 21:00:00,monsoon,5,15,20,0.25,OK
BLR015,2025-07-18 22:00:00,monsoon,5,15,20,0.25,OK
BLR015,2025-07-18 23:00:00,monsoon,5,15,20,0.25,OK
BLR015,2025-07-19 00:00:00,monsoon,6,14,20,0.3,OK
BLR015,2025-07-19 01:00:00,monsoon,7,13,20,0.35,OK
BLR015,2025-07-19 02:00:00,monsoon,7,13,20,0.35,OK
BLR015,2025-07-19 03:00:00,monsoon,7,13,20,0.35,OK
BLR015,2025-07-19 04:00:00,monsoon,7,13,20,0.35,OK
BLR015,2025-07-19 05:00:00,monsoon,6,14,20,0.3,OK
BLR015,2025-07-19 06:00:00,monsoon,5,15,20,0.25,OK
BLR015,2025-07-19 07:00:00,monsoon,5,15,20,0.25,OK
BLR015,2025-07-19 08:00:00,monsoon,5,15,20,0.25,OK
BLR015,2025-07-19 09:00:00,monsoon,5,15,20,0.25,OK
BLR015,2025-07-19 10:00:00,monsoon,5,15,20,0.25,OK
BLR015,2025-07-19 11:00:00,monsoon,5,15,20,0.25,OK
BLR015,2025-07-19 12:00:00,monsoon,6,14,20,0.3,OK
BLR015,2025-07-19 13:00:00,monsoon,5,15,20,0.25,OK
BLR015,2025-07-19 14:00:00,monsoon,6,14,20,0.3,OK
BLR015,2025-07-19 15:00:00,monsoon,6,14,20,0.3,OK
BLR015,2025-07-19 16:00:00,monsoon,6,14,20,0.3,OK
BLR015,2025-07-19 17:00:00,monsoon,4,16,20,0.2,OK
BLR015,2025-07-19 18:00:00,monsoon,2,18,20,0.1,Understocked
BLR015,2025-07-19 19:00:00,monsoon,2,18,20,0.1,Understocked
BLR015,2025-07-19 20:00:00,monsoon,1,19,20,0.05,Understocked
BLR015,2025-07-19 21:00:00,monsoon,2,18,20,0.1,Understocked
BLR015,2025-07-19 22:00:00,monsoon,1,19,20,0.05,Understocked
BLR015,2025-07-19 23:00:00,monsoon,2,18,20,0.1,Understocked
BLR015,2025-07-20 00:00:00,monsoon,2,18,20,0.1,Understocked
BLR015,2025-07-20 01:00:00,monsoon,3,17,20,0.15,OK
BLR015,2025-07-20 02:00:00,monsoon,3,17,20,0.15,OK
BLR015,2025-07-20 03:00:00,monsoon,2,18,20,0.1,Understocked
BLR015,2025-07-20 04:00:00,monsoon,2,18,20,0.1,Understocked
BLR015,2025-07-20 05:00:00,monsoon,2,18,20,0.1,Understocked
BLR015,2025-07-20 06:00:00,monsoon,3,17,20,0.15,OK
BLR015,2025-07-20 07:00:00,monsoon,3,17,20,0.15,OK
BLR015,2025-07-20 08:00:00,monsoon,3,17,20,0.15,OK
BLR015,2025-07-20 09:00:00,monsoon,3,17,20,0.15,OK
BLR015,2025-07-20 10:00:00,monsoon,4,16,20,0.2,OK
BLR015,2025-07-20 11:00:00,monsoon,5,15,20,0.25,OK
BLR015,2025-07-20 12:00:00,monsoon,5,15,20,0.25,OK
BLR015,2025-07-20 13:00:00,monsoon,4,16,20,0.2,OK
BLR015,2025-07-20 14:00:00,monsoon,4,16,20,0.2,OK
BLR015,2025-07-20 15:00:00,monsoon,4,16,20,0.2,OK
BLR015,2025-07-20 16:00:00,monsoon,4,16,20,0.2,OK
BLR015,2025-07-20 17:00:00,monsoon,0,20,20,0.0,Understocked
BLR015,2025-07-20 18:00:00,monsoon,0,20,20,0.0,Understocked
BLR015,2025-07-20 19:00:00,monsoon,0,20,20,0.0,Understocked
BLR015,2025-07-20 20:00:00,monsoon,0,20,20,0.0,Understocked
BLR015,2025-07-20 21:00:00,monsoon,0,20,20,0.0,Understocked
BLR015,2025-07-20 22:00:00,monsoon,0,20,20,0.0,Understocked
BLR015,2025-07-20 23:00:00,monsoon,1,19,20,0.05,Understocked
BLR016,2025-07-14 00:00:00,monsoon,16,14,30,0.53,OK
BLR016,2025-07-14 01:00:00,monsoon,16,14,30,0.53,OK
BLR016,2025-07-14 02:00:00,monsoon,16,14,30,0.53,OK
BLR016,2025-07-14 03:00:00,monsoon,17,13,30,0.57,OK
BLR016,2025-07-14 04:00:00,monsoon,17,13,30,0.57,OK
BLR016,2025-07-14 05:00:00,monsoon,16,14,30,0.53,OK
BLR016,2025-07-14 06:00:00,monsoon,16,14,30,0.53,OK
BLR016,2025-07-14 07:00:00,monsoon,15,15,30,0.5,OK
BLR016,2025-07-14 08:00:00,monsoon,14,16,30,0.47,OK
BLR016,2025-07-14 09:00:00,monsoon,13,17,30,0.43,OK
BLR016,2025-07-14 10:00:00,monsoon,12,18,30,0.4,OK
BLR016,2025-07-14 11:00:00,monsoon,12,18,30,0.4,OK
BLR016,2025-07-14 12:00:00,monsoon,13,17,30,0.43,OK
BLR016,2025-07-14 13:00:00,monsoon,13,17,30,0.43,OK
BLR016,2025-07-14 14:00:00,monsoon,12,18,30,0.4,OK
BLR016,2025-07-14 15:00:00,monsoon,12,18,30,0.4,OK
BLR016,2025-07-14 16:00:00,monsoon,12,18,30,0.4,OK
BLR016,2025-07-14 17:00:00,monsoon,13,17,30,0.43,OK
BLR016,2025-07-14 18:00:00,monsoon,14,16,30,0.47,OK
BLR016,2025-07-14 19:00:00,monsoon,19,11,30,0.63,OK
BLR016,2025-07-14 20:00:00,monsoon,20,10,30,0.67,OK
BLR016,2025-07-14 21:00:00,monsoon,20,10,30,0.67,OK
BLR016,2025-07-14 22:00:00,monsoon,20,10,30,0.67,OK
BLR016,2025-07-14 23:00:00,monsoon,21,9,30,0.7,OK
BLR016,2025-07-15 00:00:00,monsoon,21,9,30,0.7,OK
BLR016,2025-07-15 01:00:00,monsoon,20,10,30,0.67,OK
BLR016,2025-07-15 02:00:00,monsoon,20,10,30,0.67,OK
BLR016,2025-07-15 03:00:00,monsoon,20,10,30,0.67,OK
BLR016,2025-07-15 04:00:00,monsoon,20,10,30,0.67,OK
BLR016,2025-07-15 05:00:00,monsoon,20,10,30,0.67,OK
BLR016,2025-07-15 06:00:00,monsoon,19,11,30,0.63,OK
BLR016,2025-07-15 07:00:00,monsoon,18,12,30,0.6,OK
BLR016,2025-07-15 08:00:00,monsoon,18,12,30,0.6,OK
BLR016,2025-07-15 09:00:00,monsoon,16,14,30,0.53,OK
BLR016,2025-07-15 10:00:00,monsoon,16,14,30,0.53,OK
BLR016,2025-07-15 11:00:00,monsoon,16,14,30,0.53,OK
BLR016,2025-07-15 12:00:00,monsoon,16,14,30,0.53,OK
BLR016,2025-07-15 13:00:00,monsoon,16,14,30,0.53,OK
BLR016,2025-07-15 14:00:00,monsoon,17,13,30,0.57,OK
BLR016,2025-07-15 15:00:00,monsoon,17,13,30,0.57,OK
BLR016,2025-07-15 16:00:00,monsoon,17,13,30,0.57,OK
BLR016,2025-07-15 17:00:00,monsoon,18,12,30,0.6,OK
BLR016,2025-07-15 18:00:00,monsoon,19,11,30,0.63,OK
BLR016,2025-07-15 19:00:00,monsoon,21,9,30,0.7,OK
BLR016,2025-07-15 20:00:00,monsoon,25,5,30,0.83,OK
BLR016,2025-07-15 21:00:00,monsoon,25,5,30,0.83,OK
BLR016,2025-07-15 22:00:00,monsoon,25,5,30,0.83,OK
BLR016,2025-07-15 23:00:00,monsoon,25,5,30,0.83,OK
BLR016,2025-07-16 00:00:00,monsoon,25,5,30,0.83,OK
BLR016,2025-07-16 01:00:00,monsoon,26,4,30,0.87,OK
BLR016,2025-07-16 02:00:00,monsoon,26,4,30,0.87,OK
BLR016,2025-07-16 03:00:00,monsoon,27,3,30,0.9,Overstocked
BLR016,2025-07-16 04:00:00,monsoon,26,4,30,0.87,OK
BLR016,2025-07-16 05:00:00,monsoon,27,3,30,0.9,Overstocked
BLR016,2025-07-16 06:00:00,monsoon,27,3,30,0.9,Overstocked
BLR016,2025-07-16 07:00:00,monsoon,25,5,30,0.83,OK
BLR016,2025-07-16 08:00:00,monsoon,25,5,30,0.83,OK
BLR016,2025-07-16 09:00:00,monsoon,23,7,30,0.77,OK
BLR016,2025-07-16 10:00:00,monsoon,23,7,30,0.77,OK
BLR016,2025-07-16 11:00:00,monsoon,24,6,30,0.8,OK
BLR016,2025-07-16 12:00:00,monsoon,24,6,30,0.8,OK
BLR016,2025-07-16 13:00:00,monsoon,24,6,30,0.8,OK
BLR016,2025-07-16 14:00:00,monsoon,24,6,30,0.8,OK
BLR016,2025-07-16 15:00:00,monsoon,23,7,30,0.77,OK
BLR016,2025-07-16 16:00:00,monsoon,23,7,30,0.77,OK
BLR016,2025-07-16 17:00:00,monsoon,25,5,30,0.83,OK
BLR016,2025-07-16 18:00:00,monsoon,30,0,30,1.0,Overstocked
BLR016,2025-07-16 19:00:00,monsoon,30,0,30,1.0,Overstocked
BLR016,2025-07-16 20:00:00,monsoon,30,0,30,1.0,Overstocked
BLR016,2025-07-16 21:00:00,monsoon,30,0,30,1.0,Overstocked
BLR016,2025-07-16 22:00:00,monsoon,29,1,30,0.97,Overstocked
BLR016,2025-07-16 23:00:00,monsoon,28,2,30,0.93,Overstocked
BLR016,2025-07-17 00:00:00,monsoon,29,1,30,0.97,Overstocked
BLR016,2025-07-17 01:00:00,monsoon,29,1,30,0.97,Overstocked
BLR016,2025-07-17 02:00:00,monsoon,29,1,30,0.97,Overstocked
BLR016,2025-07-17 03:00:00,monsoon,29,1,30,0.97,Overstocked
BLR016,2025-07-17 04:00:00,monsoon,28,2,30,0.93,Overstocked
BLR016,2025-07-17 05:00:00,monsoon,28,2,30,0.93,Overstocked
BLR016,2025-07-17 06:00:00,monsoon,29,1,30,0.97,Overstocked
BLR016,2025-07-17 07:00:00,monsoon,29,1,30,0.97,Overstocked
BLR016,2025-07-17 08:00:00,monsoon,29,1,30,0.97,Overstocked
BLR016,2025-07-17 09:00:00,monsoon,28,2,30,0.93,Overstocked
BLR016,2025-07-17 10:00:00,monsoon,28,2,30,0.93,Overstocked
BLR016,2025-07-17 11:00:00,monsoon,28,2,30,0.93,Overstocked
BLR016,2025-07-17 12:00:00,monsoon,28,2,30,0.93,Overstocked
BLR016,2025-07-17 13:00:00,monsoon,28,2,30,0.93,Overstocked
BLR016,2025-07-17 14:00:00,monsoon,28,2,30,0.93,Overstocked
BLR016,2025-07-17 15:00:00,monsoon,28,2,30,0.93,Overstocked
BLR016,2025-07-17 16:00:00,monsoon,27,3,30,0.9,Overstocked
BLR016,2025-07-17 17:00:00,monsoon,28,2,30,0.93,Overstocked
BLR016,2025-07-17 18:00:00,monsoon,29,1,30,0.97,Overstocked
BLR016,2025-07-17 19:00:00,monsoon,30,0,30,1.0,Overstocked
BLR016,2025-07-17 20:00:00,monsoon,30,0,30,1.0,Overstocked
BLR016,2025-07-17 21:00:00,monsoon,30,0,30,1.0,Overstocked
BLR016,2025-07-17 22:00:00,monsoon,30,0,30,1.0,Overstocked
BLR016,2025-07-17 23:00:00,monsoon,30,0,30,1.0,Overstocked
BLR016,2025-07-18 00:00:00,monsoon,30,0,30,1.0,Overstocked
BLR016,2025-07-18 01:00:00,monsoon,30,0,30,1.0,Overstocked
BLR016,2025-07-18 02:00:00,monsoon,30,0,30,1.0,Overstocked
BLR016,2025-07-18 03:00:00,monsoon,30,0,30,1.0,Overstocked
BLR016,2025-07-18 04:00:00,monsoon,29,1,30,0.97,Overstocked
BLR016,2025-07-18 05:00:00,monsoon,30,0,30,1.0,Overstocked
BLR016,2025-07-18 06:00:00,monsoon,29,1,30,0.97,Overstocked
BLR016,2025-07-18 07:00:00,monsoon,28,2,30,0.93,Overstocked
BLR016,2025-07-18 08:00:00,monsoon,24,6,30,0.8,OK
BLR016,2025-07-18 09:00:00,monsoon,21,9,30,0.7,OK
BLR016,2025-07-18 10:00:00,monsoon,20,10,30,0.67,OK
BLR016,2025-07-18 11:00:00,monsoon,19,11,30,0.63,OK
BLR016,2025-07-18 12:00:00,monsoon,19,11,30,0.63,OK
BLR016,2025-07-18 13:00:00,monsoon,18,12,30,0.6,OK
BLR016,2025-07-18 14:00:00,monsoon,17,13,30,0.57,OK
BLR016,2025-07-18 15:00:00,monsoon,18,12,30,0.6,OK
BLR016,2025-07-18 16:00:00,monsoon,18,12,30,0.6,OK
BLR016,2025-07-18 17:00:00,monsoon,19,11,30,0.63,OK
BLR016,2025-07-18 18:00:00,monsoon,20,10,30,0.67,OK
BLR016,2025-07-18 19:00:00,monsoon,23,7,30,0.77,OK
BLR016,2025-07-18 20:00:00,monsoon,23,7,30,0.77,OK
BLR016,2025-07-18 21:00:00,monsoon,23,7,30,0.77,OK
BLR016,2025-07-18 22:00:00,monsoon,24,6,30,0.8,OK
BLR016,2025-07-18 23:00:00,monsoon,25,5,30,0.83,OK
BLR016,2025-07-19 00:00:00,monsoon,26,4,30,0.87,OK
BLR016,2025-07-19 01:00:00,monsoon,26,4,30,0.87,OK
BLR016,2025-07-19 02:00:00,monsoon,25,5,30,0.83,OK
BLR016,2025-07-19 03:00:00,monsoon,24,6,30,0.8,OK
BLR016,2025-07-19 04:00:00,monsoon,23,7,30,0.77,OK
BLR016,2025-07-19 05:00:00,monsoon,24,6,30,0.8,OK
BLR016,2025-07-19 06:00:00,monsoon,25,5,30,0.83,OK
BLR016,2025-07-19 07:00:00,monsoon,24,6,30,0.8,OK
BLR016,2025-07-19 08:00:00,monsoon,24,6,30,0.8,OK
BLR016,2025-07-19 09:00:00,monsoon,23,7,30,0.77,OK
BLR016,2025-07-19 10:00:00,monsoon,23,7,30,0.77,OK
BLR016,2025-07-19 11:00:00,monsoon,23,7,30,0.77,OK
BLR016,2025-07-19 12:00:00,monsoon,23,7,30,0.77,OK
BLR016,2025-07-19 13:00:00,monsoon,24,6,30,0.8,OK
BLR016,2025-07-19 14:00:00,monsoon,24,6,30,0.8,OK
BLR016,2025-07-19 15:00:00,monsoon,23,7,30,0.77,OK
BLR016,2025-07-19 16:00:00,monsoon,23,7,30,0.77,OK
BLR016,2025-07-19 17:00:00,monsoon,24,6,30,0.8,OK
BLR016,2025-07-19 18:00:00,monsoon,26,4,30,0.87,OK
BLR016,2025-07-19 19:00:00,monsoon,28,2,30,0.93,Overstocked
BLR016,2025-07-19 20:00:00,monsoon,29,1,30,0.97,Overstocked
BLR016,2025-07-19 21:00:00,monsoon,29,1,30,0.97,Overstocked
BLR016,2025-07-19 22:00:00,monsoon,30,0,30,1.0,Overstocked
BLR016,2025-07-19 23:00:00,monsoon,30,0,30,1.0,Overstocked
BLR016,2025-07-20 00:00:00,monsoon,30,0,30,1.0,Overstocked
BLR016,2025-07-20 01:00:00,monsoon,30,0,30,1.0,Overstocked
BLR016,2025-07-20 02:00:00,monsoon,30,0,30,1.0,Overstocked
BLR016,2025-07-20 03:00:00,monsoon,30,0,30,1.0,Overstocked
BLR016,2025-07-20 04:00:00,monsoon,30,0,30,1.0,Overstocked
BLR016,2025-07-20 05:00:00,monsoon,30,0,30,1.0,Overstocked
BLR016,2025-07-20 06:00:00,monsoon,30,0,30,1.0,Overstocked
BLR016,2025-07-20 07:00:00,monsoon,30,0,30,1.0,Overstocked
BLR016,2025-07-20 08:00:00,monsoon,29,1,30,0.97,Overstocked
BLR016,2025-07-20 09:00:00,monsoon,29,1,30,0.97,Overstocked
BLR016,2025-07-20 10:00:00,monsoon,28,2,30,0.93,Overstocked
BLR016,2025-07-20 11:00:00,monsoon,27,3,30,0.9,Overstocked
BLR016,2025-07-20 12:00:00,monsoon,27,3,30,0.9,Overstocked
BLR016,2025-07-20 13:00:00,monsoon,27,3,30,0.9,Overstocked
BLR016,2025-07-20 14:00:00,monsoon,27,3,30,0.9,Overstocked
BLR016,2025-07-20 15:00:00,monsoon,27,3,30,0.9,Overstocked
BLR016,2025-07-20 16:00:00,monsoon,27,3,30,0.9,Overstocked
BLR016,2025-07-20 17:00:00,monsoon,27,3,30,0.9,Overstocked
BLR016,2025-07-20 18:00:00,monsoon,27,3,30,0.9,Overstocked
BLR016,2025-07-20 19:00:00,monsoon,28,2,30,0.93,Overstocked
BLR016,2025-07-20 20:00:00,monsoon,29,1,30,0.97,Overstocked
BLR016,2025-07-20 21:00:00,monsoon,29,1,30,0.97,Overstocked
BLR016,2025-07-20 22:00:00,monsoon,29,1,30,0.97,Overstocked
BLR016,2025-07-20 23:00:00,monsoon,29,1,30,0.97,Overstocked
BLR017,2025-07-14 00:00:00,monsoon,12,12,24,0.5,OK
BLR017,2025-07-14 01:00:00,monsoon,12,12,24,0.5,OK
BLR017,2025-07-14 02:00:00,monsoon,13,11,24,0.54,OK
BLR017,2025-07-14 03:00:00,monsoon,13,11,24,0.54,OK
BLR017,2025-07-14 04:00:00,monsoon,14,10,24,0.58,OK
BLR017,2025-07-14 05:00:00,monsoon,14,10,24,0.58,OK
BLR017,2025-07-14 06:00:00,monsoon,15,9,24,0.62,OK
BLR017,2025-07-14 07:00:00,monsoon,13,11,24,0.54,OK
BLR017,2025-07-14 08:00:00,monsoon,11,13,24,0.46,OK
BLR017,2025-07-14 09:00:00,monsoon,9,15,24,0.38,OK
BLR017,2025-07-14 10:00:00,monsoon,8,16,24,0.33,OK
BLR017,2025-07-14 11:00:00,monsoon,9,15,24,0.38,OK
BLR017,2025-07-14 12:00:00,monsoon,9,15,24,0.38,OK
BLR017,2025-07-14 13:00:00,monsoon,9,15,24,0.38,OK
BLR017,2025-07-14 14:00:00,monsoon,10,14,24,0.42,OK
BLR017,2025-07-14 15:00:00,monsoon,10,14,24,0.42,OK
BLR017,2025-07-14 16:00:00,monsoon,10,14,24,0.42,OK
BLR017,2025-07-14 17:00:00,monsoon,10,14,24,0.42,OK
BLR017,2025-07-14 18:00:00,monsoon,12,12,24,0.5,OK
BLR017,2025-07-14 19:00:00,monsoon,13,11,24,0.54,OK
BLR017,2025-07-14 20:00:00,monsoon,16,8,24,0.67,OK
BLR017,2025-07-14 21:00:00,monsoon,17,7,24,0.71,OK
BLR017,2025-07-14 22:00:00,monsoon,16,8,24,0.67,OK
BLR017,2025-07-14 23:00:00,monsoon,16,8,24,0.67,OK
BLR017,2025-07-15 00:00:00,monsoon,17,7,24,0.71,OK
BLR017,2025-07-15 01:00:00,monsoon,17,7,24,0.71,OK
BLR017,2025-07-15 02:00:00,monsoon,17,7,24,0.71,OK
BLR017,2025-07-15 03:00:00,monsoon,18,6,24,0.75,OK
BLR017,2025-07-15 04:00:00,monsoon,18,6,24,0.75,OK
BLR017,2025-07-15 05:00:00,monsoon,18,6,24,0.75,OK
BLR017,2025-07-15 06:00:00,monsoon,18,6,24,0.75,OK
BLR017,2025-07-15 07:00:00,monsoon,17,7,24,0.71,OK
BLR017,2025-07-15 08:00:00,monsoon,16,8,24,0.67,OK
BLR017,2025-07-15 09:00:00,monsoon,14,10,24,0.58,OK
BLR017,2025-07-15 10:00:00,monsoon,13,11,24,0.54,OK
BLR017,2025-07-15 11:00:00,monsoon,13,11,24,0.54,OK
BLR017,2025-07-15 12:00:00,monsoon,13,11,24,0.54,OK
BLR017,2025-07-15 13:00:00,monsoon,13,11,24,0.54,OK
BLR017,2025-07-15 14:00:00,monsoon,13,11,24,0.54,OK
BLR017,2025-07-15 15:00:00,monsoon,14,10,24,0.58,OK
BLR017,2025-07-15 16:00:00,monsoon,14,10,24,0.58,OK
BLR017,2025-07-15 17:00:00,monsoon,14,10,24,0.58,OK
BLR017,2025-07-15 18:00:00,monsoon,16,8,24,0.67,OK
BLR017,2025-07-15 19:00:00,monsoon,18,6,24,0.75,OK
BLR017,2025-07-15 20:00:00,monsoon,19,5,24,0.79,OK
BLR017,2025-07-15 21:00:00,monsoon,19,5,24,0.79,OK
BLR017,2025-07-15 22:00:00,monsoon,18,6,24,0.75,OK
BLR017,2025-07-15 23:00:00,monsoon,18,6,24,0.75,OK
BLR017,2025-07-16 00:00:00,monsoon,18,6,24,0.75,OK
BLR017,2025-07-16 01:00:00,monsoon,18,6,24,0.75,OK
BLR017,2025-07-16 02:00:00,monsoon,18,6,24,0.75,OK
BLR017,2025-07-16 03:00:00,monsoon,18,6,24,0.75,OK
BLR017,2025-07-16 04:00:00,monsoon,18,6,24,0.75,OK
BLR017,2025-07-16 05:00:00,monsoon,17,7,24,0.71,OK
BLR017,2025-07-16 06:00:00,monsoon,18,6,24,0.75,OK
BLR017,2025-07-16 07:00:00,monsoon,17,7,24,0.71,OK
BLR017,2025-07-16 08:00:00,monsoon,16,8,24,0.67,OK
BLR017,2025-07-16 09:00:00,monsoon,16,8,24,0.67,OK
BLR017,2025-07-16 10:00:00,monsoon,16,8,24,0.67,OK
BLR017,2025-07-16 11:00:00,monsoon,17,7,24,0.71,OK
BLR017,2025-07-16 12:00:00,monsoon,17,7,24,0.71,OK
BLR017,2025-07-16 13:00:00,monsoon,17,7,24,0.71,OK
BLR017,2025-07-16 14:00:00,monsoon,18,6,24,0.75,OK
BLR017,2025-07-16 15:00:00,monsoon,18,6,24,0.75,OK
BLR017,2025-07-16 16:00:00,monsoon,17,7,24,0.71,OK
BLR017,2025-07-16 17:00:00,monsoon,21,3,24,0.88,OK
BLR017,2025-07-16 18:00:00,monsoon,23,1,24,0.96,Overstocked
BLR017,2025-07-16 19:00:00,monsoon,23,1,24,0.96,Overstocked
BLR017,2025-07-16 20:00:00,monsoon,23,1,24,0.96,Overstocked
BLR017,2025-07-16 21:00:00,monsoon,22,2,24,0.92,Overstocked
BLR017,2025-07-16 22:00:00,monsoon,22,2,24,0.92,Overstocked
BLR017,2025-07-16 23:00:00,monsoon,22,2,24,0.92,Overstocked
BLR017,2025-07-17 00:00:00,monsoon,22,2,24,0.92,Overstocked
BLR017,2025-07-17 01:00:00,monsoon,21,3,24,0.88,OK
BLR017,2025-07-17 02:00:00,monsoon,21,3,24,0.88,OK
BLR017,2025-07-17 03:00:00,monsoon,21,3,24,0.88,OK
BLR017,2025-07-17 04:00:00,monsoon,20,4,24,0.83,OK
BLR017,2025-07-17 05:00:00,monsoon,20,4,24,0.83,OK
BLR017,2025-07-17 06:00:00,monsoon,19,5,24,0.79,OK
BLR017,2025-07-17 07:00:00,monsoon,19,5,24,0.79,OK
BLR017,2025-07-17 08:00:00,monsoon,19,5,24,0.79,OK
BLR017,2025-07-17 09:00:00,monsoon,17,7,24,0.71,OK
BLR017,2025-07-17 10:00:00,monsoon,15,9,24,0.62,OK
BLR017,2025-07-17 11:00:00,monsoon,15,9,24,0.62,OK
BLR017,2025-07-17 12:00:00,monsoon,15,9,24,0.62,OK
BLR017,2025-07-17 13:00:00,monsoon,15,9,24,0.62,OK
BLR017,2025-07-17 14:00:00,monsoon,15,9,24,0.62,OK
BLR017,2025-07-17 15:00:00,monsoon,15,9,24,0.62,OK
BLR017,2025-07-17 16:00:00,monsoon,14,10,24,0.58,OK
BLR017,2025-07-17 17:00:00,monsoon,16,8,24,0.67,OK
BLR017,2025-07-17 18:00:00,monsoon,17,7,24,0.71,OK
BLR017,2025-07-17 19:00:00,monsoon,17,7,24,0.71,OK
BLR017,2025-07-17 20:00:00,monsoon,18,6,24,0.75,OK
BLR017,2025-07-17 21:00:00,monsoon,19,5,24,0.79,OK
BLR017,2025-07-17 22:00:00,monsoon,20,4,24,0.83,OK
BLR017,2025-07-17 23:00:00,monsoon,21,3,24,0.88,OK
BLR017,2025-07-18 00:00:00,monsoon,21,3,24,0.88,OK
BLR017,2025-07-18 01:00:00,monsoon,20,4,24,0.83,OK
BLR017,2025-07-18 02:00:00,monsoon,20,4,24,0.83,OK
BLR017,2025-07-18 03:00:00,monsoon,20,4,24,0.83,OK
BLR017,2025-07-18 04:00:00,monsoon,20,4,24,0.83,OK
BLR017,2025-07-18 05:00:00,monsoon,19,5,24,0.79,OK
BLR017,2025-07-18 06:00:00,monsoon,18,6,24,0.75,OK
BLR017,2025-07-18 07:00:00,monsoon,17,7,24,0.71,OK
BLR017,2025-07-18 08:00:00,monsoon,16,8,24,0.67,OK
BLR017,2025-07-18 09:00:00,monsoon,15,9,24,0.62,OK
BLR017,2025-07-18 10:00:00,monsoon,13,11,24,0.54,OK
BLR017,2025-07-18 11:00:00,monsoon,14,10,24,0.58,OK
BLR017,2025-07-18 12:00:00,monsoon,14,10,24,0.58,OK
BLR017,2025-07-18 13:00:00,monsoon,13,11,24,0.54,OK
BLR017,2025-07-18 14:00:00,monsoon,12,12,24,0.5,OK
BLR017,2025-07-18 15:00:00,monsoon,12,12,24,0.5,OK
BLR017,2025-07-18 16:00:00,monsoon,13,11,24,0.54,OK
BLR017,2025-07-18 17:00:00,monsoon,13,11,24,0.54,OK
BLR017,2025-07-18 18:00:00,monsoon,14,10,24,0.58,OK
BLR017,2025-07-18 19:00:00,monsoon,16,8,24,0.67,OK
BLR017,2025-07-18 20:00:00,monsoon,16,8,24,0.67,OK
BLR017,2025-07-18 21:00:00,monsoon,15,9,24,0.62,OK
BLR017,2025-07-18 22:00:00,monsoon,15,9,24,0.62,OK
BLR017,2025-07-18 23:00:00,monsoon,16,8,24,0.67,OK
BLR017,2025-07-19 00:00:00,monsoon,16,8,24,0.67,OK
BLR017,2025-07-19 01:00:00,monsoon,16,8,24,0.67,OK
BLR017,2025-07-19 02:00:00,monsoon,15,9,24,0.62,OK
BLR017,2025-07-19 03:00:00,monsoon,16,8,24,0.67,OK
BLR017,2025-07-19 04:00:00,monsoon,15,9,24,0.62,OK
BLR017,2025-07-19 05:00:00,monsoon,15,9,24,0.62,OK
BLR017,2025-07-19 06:00:00,monsoon,15,9,24,0.62,OK
BLR017,2025-07-19 07:00:00,monsoon,15,9,24,0.62,OK
BLR017,2025-07-19 08:00:00,monsoon,15,9,24,0.62,OK
BLR017,2025-07-19 09:00:00,monsoon,15,9,24,0.62,OK
BLR017,2025-07-19 10:00:00,monsoon,15,9,24,0.62,OK
BLR017,2025-07-19 11:00:00,monsoon,14,10,24,0.58,OK
BLR017,2025-07-19 12:00:00,monsoon,14,10,24,0.58,OK
BLR017,2025-07-19 13:00:00,monsoon,14,10,24,0.58,OK
BLR017,2025-07-19 14:00:00,monsoon,14,10,24,0.58,OK
BLR017,2025-07-19 15:00:00,monsoon,14,10,24,0.58,OK
BLR017,2025-07-19 16:00:00,monsoon,15,9,24,0.62,OK
BLR017,2025-07-19 17:00:00,monsoon,16,8,24,0.67,OK
BLR017,2025-07-19 18:00:00,monsoon,16,8,24,0.67,OK
BLR017,2025-07-19 19:00:00,monsoon,17,7,24,0.71,OK
BLR017,2025-07-19 20:00:00,monsoon,18,6,24,0.75,OK
BLR017,2025-07-19 21:00:00,monsoon,18,6,24,0.75,OK
BLR017,2025-07-19 22:00:00,monsoon,17,7,24,0.71,OK
BLR017,2025-07-19 23:00:00,monsoon,18,6,24,0.75,OK
BLR017,2025-07-20 00:00:00,monsoon,18,6,24,0.75,OK
BLR017,2025-07-20 01:00:00,monsoon,18,6,24,0.75,OK
BLR017,2025-07-20 02:00:00,monsoon,17,7,24,0.71,OK
BLR017,2025-07-20 03:00:00,monsoon,17,7,24,0.71,OK
BLR017,2025-07-20 04:00:00,monsoon,18,6,24,0.75,OK
BLR017,2025-07-20 05:00:00,monsoon,19,5,24,0.79,OK
BLR017,2025-07-20 06:00:00,monsoon,19,5,24,0.79,OK
BLR017,2025-07-20 07:00:00,monsoon,18,6,24,0.75,OK
BLR017,2025-07-20 08:00:00,monsoon,18,6,24,0.75,OK
BLR017,2025-07-20 09:00:00,monsoon,18,6,24,0.75,OK
BLR017,2025-07-20 10:00:00,monsoon,18,6,24,0.75,OK
BLR017,2025-07-20 11:00:00,monsoon,19,5,24,0.79,OK
BLR017,2025-07-20 12:00:00,monsoon,19,5,24,0.79,OK
BLR017,2025-07-20 13:00:00,monsoon,20,4,24,0.83,OK
BLR017,2025-07-20 14:00:00,monsoon,20,4,24,0.83,OK
BLR017,2025-07-20 15:00:00,monsoon,19,5,24,0.79,OK
BLR017,2025-07-20 16:00:00,monsoon,20,4,24,0.83,OK
BLR017,2025-07-20 17:00:00,monsoon,21,3,24,0.88,OK
BLR017,2025-07-20 18:00:00,monsoon,22,2,24,0.92,Overstocked
BLR017,2025-07-20 19:00:00,monsoon,24,0,24,1.0,Overstocked
BLR017,2025-07-20 20:00:00,monsoon,24,0,24,1.0,Overstocked
BLR017,2025-07-20 21:00:00,monsoon,24,0,24,1.0,Overstocked
BLR017,2025-07-20 22:00:00,monsoon,24,0,24,1.0,Overstocked
BLR017,2025-07-20 23:00:00,monsoon,24,0,24,1.0,Overstocked
BLR018,2025-07-14 00:00:00,monsoon,9,11,20,0.45,OK
BLR018,2025-07-14 01:00:00,monsoon,9,11,20,0.45,OK
BLR018,2025-07-14 02:00:00,monsoon,8,12,20,0.4,OK
BLR018,2025-07-14 03:00:00,monsoon,8,12,20,0.4,OK
BLR018,2025-07-14 04:00:00,monsoon,8,12,20,0.4,OK
BLR018,2025-07-14 05:00:00,monsoon,8,12,20,0.4,OK
BLR018,2025-07-14 06:00:00,monsoon,8,12,20,0.4,OK
BLR018,2025-07-14 07:00:00,monsoon,6,14,20,0.3,OK
BLR018,2025-07-14 08:00:00,monsoon,2,18,20,0.1,Understocked
BLR018,2025-07-14 09:00:00,monsoon,0,20,20,0.0,Understocked
BLR018,2025-07-14 10:00:00,monsoon,0,20,20,0.0,Understocked
BLR018,2025-07-14 11:00:00,monsoon,0,20,20,0.0,Understocked
BLR018,2025-07-14 12:00:00,monsoon,0,20,20,0.0,Understocked
BLR018,2025-07-14 13:00:00,monsoon,0,20,20,0.0,Understocked
BLR018,2025-07-14 14:00:00,monsoon,0,20,20,0.0,Understocked
BLR018,2025-07-14 15:00:00,monsoon,0,20,20,0.0,Understocked
BLR018,2025-07-14 16:00:00,monsoon,0,20,20,0.0,Understocked
BLR018,2025-07-14 17:00:00,monsoon,2,18,20,0.1,Understocked
BLR018,2025-07-14 18:00:00,monsoon,7,13,20,0.35,OK
BLR018,2025-07-14 19:00:00,monsoon,12,8,20,0.6,OK
BLR018,2025-07-14 20:00:00,monsoon,13,7,20,0.65,OK
BLR018,2025-07-14 21:00:00,monsoon,13,7,20,0.65,OK
BLR018,2025-07-14 22:00:00,monsoon,13,7,20,0.65,OK
BLR018,2025-07-14 23:00:00,monsoon,13,7,20,0.65,OK
BLR018,2025-07-15 00:00:00,monsoon,14,6,20,0.7,OK
BLR018,2025-07-15 01:00:00,monsoon,13,7,20,0.65,OK
BLR018,2025-07-15 02:00:00,monsoon,12,8,20,0.6,OK
BLR018,2025-07-15 03:00:00,monsoon,12,8,20,0.6,OK
BLR018,2025-07-15 04:00:00,monsoon,12,8,20,0.6,OK
BLR018,2025-07-15 05:00:00,monsoon,11,9,20,0.55,OK
BLR018,2025-07-15 06:00:00,monsoon,10,10,20,0.5,OK
BLR018,2025-07-15 07:00:00,monsoon,10,10,20,0.5,OK
BLR018,2025-07-15 08:00:00,monsoon,9,11,20,0.45,OK
BLR018,2025-07-15 09:00:00,monsoon,8,12,20,0.4,OK
BLR018,2025-07-15 10:00:00,monsoon,6,14,20,0.3,OK
BLR018,2025-07-15 11:00:00,monsoon,6,14,20,0.3,OK
BLR018,2025-07-15 12:00:00,monsoon,6,14,20,0.3,OK
BLR018,2025-07-15 13:00:00,monsoon,7,13,20,0.35,OK
BLR018,2025-07-15 14:00:00,monsoon,8,12,20,0.4,OK
BLR018,2025-07-15 15:00:00,monsoon,7,13,20,0.35,OK
BLR018,2025-07-15 16:00:00,monsoon,7,13,20,0.35,OK
BLR018,2025-07-15 17:00:00,monsoon,8,12,20,0.4,OK
BLR018,2025-07-15 18:00:00,monsoon,11,9,20,0.55,OK
BLR018,2025-07-15 19:00:00,monsoon,11,9,20,0.55,OK
BLR018,2025-07-15 20:00:00,monsoon,13,7,20,0.65,OK
BLR018,2025-07-15 21:00:00,monsoon,14,6,20,0.7,OK
BLR018,2025-07-15 22:00:00,monsoon,14,6,20,0.7,OK
BLR018,2025-07-15 23:00:00,monsoon,14,6,20,0.7,OK
BLR018,2025-07-16 00:00:00,monsoon,15,5,20,0.75,OK
BLR018,2025-07-16 01:00:00,monsoon,15,5,20,0.75,OK
BLR018,2025-07-16 02:00:00,monsoon,15,5,20,0.75,OK
BLR018,2025-07-16 03:00:00,monsoon,15,5,20,0.75,OK
BLR018,2025-07-16 04:00:00,monsoon,15,5,20,0.75,OK
BLR018,2025-07-16 05:00:00,monsoon,16,4,20,0.8,OK
BLR018,2025-07-16 06:00:00,monsoon,16,4,20,0.8,OK
BLR018,2025-07-16 07:00:00,monsoon,14,6,20,0.7,OK
BLR018,2025-07-16 08:00:00,monsoon,13,7,20,0.65,OK
BLR018,2025-07-16 09:00:00,monsoon,12,8,20,0.6,OK
BLR018,2025-07-16 10:00:00,monsoon,12,8,20,0.6,OK
BLR018,2025-07-16 11:00:00,monsoon,12,8,20,0.6,OK
BLR018,2025-07-16 12:00:00,monsoon,12,8,20,0.6,OK
BLR018,2025-07-16 13:00:00,monsoon,12,8,20,0.6,OK
BLR018,2025-07-16 14:00:00,monsoon,13,7,20,0.65,OK
BLR018,2025-07-16 15:00:00,monsoon,13,7,20,0.65,OK
BLR018,2025-07-16 16:00:00,monsoon,13,7,20,0.65,OK
BLR018,2025-07-16 17:00:00,monsoon,14,6,20,0.7,OK
BLR018,2025-07-16 18:00:00,monsoon,14,6,20,0.7,OK
BLR018,2025-07-16 19:00:00,monsoon,14,6,20,0.7,OK
BLR018,2025-07-16 20:00:00,monsoon,16,4,20,0.8,OK
BLR018,2025-07-16 21:00:00,monsoon,16,4,20,0.8,OK
BLR018,2025-07-16 22:00:00,monsoon,15,5,20,0.75,OK
BLR018,2025-07-16 23:00:00,monsoon,15,5,20,0.75,OK
BLR018,2025-07-17 00:00:00,monsoon,16,4,20,0.8,OK
BLR018,2025-07-17 01:00:00,monsoon,15,5,20,0.75,OK
BLR018,2025-07-17 02:00:00,monsoon,14,6,20,0.7,OK
BLR018,2025-07-17 03:00:00,monsoon,14,6,20,0.7,OK
BLR018,2025-07-17 04:00:00,monsoon,14,6,20,0.7,OK
BLR018,2025-07-17 05:00:00,monsoon,14,6,20,0.7,OK
BLR018,2025-07-17 06:00:00,monsoon,14,6,20,0.7,OK
BLR018,2025-07-17 07:00:00,monsoon,13,7,20,0.65,OK
BLR018,2025-07-17 08:00:00,monsoon,10,10,20,0.5,OK
BLR018,2025-07-17 09:00:00,monsoon,10,10,20,0.5,OK
BLR018,2025-07-17 10:00:00,monsoon,10,10,20,0.5,OK
BLR018,2025-07-17 11:00:00,monsoon,10,10,20,0.5,OK
BLR018,2025-07-17 12:00:00,monsoon,10,10,20,0.5,OK
BLR018,2025-07-17 13:00:00,monsoon,10,10,20,0.5,OK
BLR018,2025-07-17 14:00:00,monsoon,10,10,20,0.5,OK
BLR018,2025-07-17 15:00:00,monsoon,10,10,20,0.5,OK
BLR018,2025-07-17 16:00:00,monsoon,10,10,20,0.5,OK
BLR018,2025-07-17 17:00:00,monsoon,11,9,20,0.55,OK
BLR018,2025-07-17 18:00:00,monsoon,12,8,20,0.6,OK
BLR018,2025-07-17 19:00:00,monsoon,15,5,20,0.75,OK
BLR018,2025-07-17 20:00:00,monsoon,15,5,20,0.75,OK
BLR018,2025-07-17 21:00:00,monsoon,14,6,20,0.7,OK
BLR018,2025-07-17 22:00:00,monsoon,14,6,20,0.7,OK
BLR018,2025-07-17 23:00:00,monsoon,15,5,20,0.75,OK
BLR018,2025-07-18 00:00:00,monsoon,14,6,20,0.7,OK
BLR018,2025-07-18 01:00:00,monsoon,14,6,20,0.7,OK
BLR018,2025-07-18 02:00:00,monsoon,15,5,20,0.75,OK
BLR018,2025-07-18 03:00:00,monsoon,15,5,20,0.75,OK
BLR018,2025-07-18 04:00:00,monsoon,15,5,20,0.75,OK
BLR018,2025-07-18 05:00:00,monsoon,15,5,20,0.75,OK
BLR018,2025-07-18 06:00:00,monsoon,16,4,20,0.8,OK
BLR018,2025-07-18 07:00:00,monsoon,13,7,20,0.65,OK
BLR018,2025-07-18 08:00:00,monsoon,10,10,20,0.5,OK
BLR018,2025-07-18 09:00:00,monsoon,10,10,20,0.5,OK
BLR018,2025-07-18 10:00:00,monsoon,9,11,20,0.45,OK
BLR018,2025-07-18 11:00:00,monsoon,9,11,20,0.45,OK
BLR018,2025-07-18 12:00:00,monsoon,9,11,20,0.45,OK
BLR018,2025-07-18 13:00:00,monsoon,10,10,20,0.5,OK
BLR018,2025-07-18 14:00:00,monsoon,11,9,20,0.55,OK
BLR018,2025-07-18 15:00:00,monsoon,12,8,20,0.6,OK
BLR018,2025-07-18 16:00:00,monsoon,13,7,20,0.65,OK
BLR018,2025-07-18 17:00:00,monsoon,16,4,20,0.8,OK
BLR018,2025-07-18 18:00:00,monsoon,18,2,20,0.9,Overstocked
BLR018,2025-07-18 19:00:00,monsoon,19,1,20,0.95,Overstocked
BLR018,2025-07-18 20:00:00,monsoon,20,0,20,1.0,Overstocked
BLR018,2025-07-18 21:00:00,monsoon,20,0,20,1.0,Overstocked
BLR018,2025-07-18 22:00:00,monsoon,20,0,20,1.0,Overstocked
BLR018,2025-07-18 23:00:00,monsoon,20,0,20,1.0,Overstocked
BLR018,2025-07-19 00:00:00,monsoon,20,0,20,1.0,Overstocked
BLR018,2025-07-19 01:00:00,monsoon,19,1,20,0.95,Overstocked
BLR018,2025-07-19 02:00:00,monsoon,18,2,20,0.9,Overstocked
BLR018,2025-07-19 03:00:00,monsoon,18,2,20,0.9,Overstocked
BLR018,2025-07-19 04:00:00,monsoon,19,1,20,0.95,Overstocked
BLR018,2025-07-19 05:00:00,monsoon,19,1,20,0.95,Overstocked
BLR018,2025-07-19 06:00:00,monsoon,19,1,20,0.95,Overstocked
BLR018,2025-07-19 07:00:00,monsoon,19,1,20,0.95,Overstocked
BLR018,2025-07-19 08:00:00,monsoon,19,1,20,0.95,Overstocked
BLR018,2025-07-19 09:00:00,monsoon,19,1,20,0.95,Overstocked
BLR018,2025-07-19 10:00:00,monsoon,18,2,20,0.9,Overstocked
BLR018,2025-07-19 11:00:00,monsoon,18,2,20,0.9,Overstocked
BLR018,2025-07-19 12:00:00,monsoon,18,2,20,0.9,Overstocked
BLR018,2025-07-19 13:00:00,monsoon,17,3,20,0.85,OK
BLR018,2025-07-19 14:00:00,monsoon,17,3,20,0.85,OK
BLR018,2025-07-19 15:00:00,monsoon,17,3,20,0.85,OK
BLR018,2025-07-19 16:00:00,monsoon,17,3,20,0.85,OK
BLR018,2025-07-19 17:00:00,monsoon,18,2,20,0.9,Overstocked
BLR018,2025-07-19 18:00:00,monsoon,19,1,20,0.95,Overstocked
BLR018,2025-07-19 19:00:00,monsoon,20,0,20,1.0,Overstocked
BLR018,2025-07-19 20:00:00,monsoon,20,0,20,1.0,Overstocked
BLR018,2025-07-19 21:00:00,monsoon,20,0,20,1.0,Overstocked
BLR018,2025-07-19 22:00:00,monsoon,20,0,20,1.0,Overstocked
BLR018,2025-07-19 23:00:00,monsoon,20,0,20,1.0,Overstocked
BLR018,2025-07-20 00:00:00,monsoon,20,0,20,1.0,Overstocked
BLR018,2025-07-20 01:00:00,monsoon,20,0,20,1.0,Overstocked
BLR018,2025-07-20 02:00:00,monsoon,19,1,20,0.95,Overstocked
BLR018,2025-07-20 03:00:00,monsoon,19,1,20,0.95,Overstocked
BLR018,2025-07-20 04:00:00,monsoon,19,1,20,0.95,Overstocked
BLR018,2025-07-20 05:00:00,monsoon,20,0,20,1.0,Overstocked
BLR018,2025-07-20 06:00:00,monsoon,20,0,20,1.0,Overstocked
BLR018,2025-07-20 07:00:00,monsoon,20,0,20,1.0,Overstocked
BLR018,2025-07-20 08:00:00,monsoon,20,0,20,1.0,Overstocked
BLR018,2025-07-20 09:00:00,monsoon,20,0,20,1.0,Overstocked
BLR018,2025-07-20 10:00:00,monsoon,19,1,20,0.95,Overstocked
BLR018,2025-07-20 11:00:00,monsoon,18,2,20,0.9,Overstocked
BLR018,2025-07-20 12:00:00,monsoon,18,2,20,0.9,Overstocked
BLR018,2025-07-20 13:00:00,monsoon,18,2,20,0.9,Overstocked
BLR018,2025-07-20 14:00:00,monsoon,18,2,20,0.9,Overstocked
BLR018,2025-07-20 15:00:00,monsoon,17,3,20,0.85,OK
BLR018,2025-07-20 16:00:00,monsoon,17,3,20,0.85,OK
BLR018,2025-07-20 17:00:00,monsoon,19,1,20,0.95,Overstocked
BLR018,2025-07-20 18:00:00,monsoon,19,1,20,0.95,Overstocked
BLR018,2025-07-20 19:00:00,monsoon,20,0,20,1.0,Overstocked
BLR018,2025-07-20 20:00:00,monsoon,20,0,20,1.0,Overstocked
BLR018,2025-07-20 21:00:00,monsoon,20,0,20,1.0,Overstocked
BLR018,2025-07-20 22:00:00,monsoon,20,0,20,1.0,Overstocked
BLR018,2025-07-20 23:00:00,monsoon,19,1,20,0.95,Overstocked
BLR019,2025-07-14 00:00:00,monsoon,6,14,20,0.3,OK
BLR019,2025-07-14 01:00:00,monsoon,6,14,20,0.3,OK
BLR019,2025-07-14 02:00:00,monsoon,6,14,20,0.3,OK
BLR019,2025-07-14 03:00:00,monsoon,6,14,20,0.3,OK
BLR019,2025-07-14 04:00:00,monsoon,6,14,20,0.3,OK
BLR019,2025-07-14 05:00:00,monsoon,6,14,20,0.3,OK
BLR019,2025-07-14 06:00:00,monsoon,6,14,20,0.3,OK
BLR019,2025-07-14 07:00:00,monsoon,5,15,20,0.25,OK
BLR019,2025-07-14 08:00:00,monsoon,3,17,20,0.15,OK
BLR019,2025-07-14 09:00:00,monsoon,0,20,20,0.0,Understocked
BLR019,2025-07-14 10:00:00,monsoon,0,20,20,0.0,Understocked
BLR019,2025-07-14 11:00:00,monsoon,1,19,20,0.05,Understocked
BLR019,2025-07-14 12:00:00,monsoon,1,19,20,0.05,Understocked
BLR019,2025-07-14 13:00:00,monsoon,1,19,20,0.05,Understocked
BLR019,2025-07-14 14:00:00,monsoon,1,19,20,0.05,Understocked
BLR019,2025-07-14 15:00:00,monsoon,1,19,20,0.05,Understocked
BLR019,2025-07-14 16:00:00,monsoon,1,19,20,0.05,Understocked
BLR019,2025-07-14 17:00:00,monsoon,3,17,20,0.15,OK
BLR019,2025-07-14 18:00:00,monsoon,4,16,20,0.2,OK
BLR019,2025-07-14 19:00:00,monsoon,5,15,20,0.25,OK
BLR019,2025-07-14 20:00:00,monsoon,6,14,20,0.3,OK
BLR019,2025-07-14 21:00:00,monsoon,6,14,20,0.3,OK
BLR019,2025-07-14 22:00:00,monsoon,6,14,20,0.3,OK
BLR019,2025-07-14 23:00:00,monsoon,6,14,20,0.3,OK
BLR019,2025-07-15 00:00:00,monsoon,7,13,20,0.35,OK
BLR019,2025-07-15 01:00:00,monsoon,7,13,20,0.35,OK
BLR019,2025-07-15 02:00:00,monsoon,8,12,20,0.4,OK
BLR019,2025-07-15 03:00:00,monsoon,7,13,20,0.35,OK
BLR019,2025-07-15 04:00:00,monsoon,6,14,20,0.3,OK
BLR019,2025-07-15 05:00:00,monsoon,6,14,20,0.3,OK
BLR019,2025-07-15 06:00:00,monsoon,7,13,20,0.35,OK
BLR019,2025-07-15 07:00:00,monsoon,6,14,20,0.3,OK
BLR019,2025-07-15 08:00:00,monsoon,5,15,20,0.25,OK
BLR019,2025-07-15 09:00:00,monsoon,4,16,20,0.2,OK
BLR019,2025-07-15 10:00:00,monsoon,2,18,20,0.1,Understocked
BLR019,2025-07-15 11:00:00,monsoon,2,18,20,0.1,Understocked
BLR019,2025-07-15 12:00:00,monsoon,2,18,20,0.1,Understocked
BLR019,2025-07-15 13:00:00,monsoon,3,17,20,0.15,OK
BLR019,2025-07-15 14:00:00,monsoon,3,17,20,0.15,OK
BLR019,2025-07-15 15:00:00,monsoon,3,17,20,0.15,OK
BLR019,2025-07-15 16:00:00,monsoon,3,17,20,0.15,OK
BLR019,2025-07-15 17:00:00,monsoon,4,16,20,0.2,OK
BLR019,2025-07-15 18:00:00,monsoon,7,13,20,0.35,OK
BLR019,2025-07-15 19:00:00,monsoon,9,11,20,0.45,OK
BLR019,2025-07-15 20:00:00,monsoon,11,9,20,0.55,OK
BLR019,2025-07-15 21:00:00,monsoon,12,8,20,0.6,OK
BLR019,2025-07-15 22:00:00,monsoon,12,8,20,0.6,OK
BLR019,2025-07-15 23:00:00,monsoon,12,8,20,0.6,OK
BLR019,2025-07-16 00:00:00,monsoon,11,9,20,0.55,OK
BLR019,2025-07-16 01:00:00,monsoon,11,9,20,0.55,OK
BLR019,2025-07-16 02:00:00,monsoon,11,9,20,0.55,OK
BLR019,2025-07-16 03:00:00,monsoon,11,9,20,0.55,OK
BLR019,2025-07-16 04:00:00,monsoon,11,9,20,0.55,OK
BLR019,2025-07-16 05:00:00,monsoon,11,9,20,0.55,OK
BLR019,2025-07-16 06:00:00,monsoon,11,9,20,0.55,OK
BLR019,2025-07-16 07:00:00,monsoon,11,9,20,0.55,OK
BLR019,2025-07-16 08:00:00,monsoon,8,12,20,0.4,OK
BLR019,2025-07-16 09:00:00,monsoon,7,13,20,0.35,OK
BLR019,2025-07-16 10:00:00,monsoon,6,14,20,0.3,OK
BLR019,2025-07-16 11:00:00,monsoon,5,15,20,0.25,OK
BLR019,2025-07-16 12:00:00,monsoon,5,15,20,0.25,OK
BLR019,2025-07-16 13:00:00,monsoon,5,15,20,0.25,OK
BLR019,2025-07-16 14:00:00,monsoon,5,15,20,0.25,OK
BLR019,2025-07-16 15:00:00,monsoon,4,16,20,0.2,OK
BLR019,2025-07-16 16:00:00,monsoon,3,17,20,0.15,OK
BLR019,2025-07-16 17:00:00,monsoon,4,16,20,0.2,OK
BLR019,2025-07-16 18:00:00,monsoon,5,15,20,0.25,OK
BLR019,2025-07-16 19:00:00,monsoon,6,14,20,0.3,OK
BLR019,2025-07-16 20:00:00,monsoon,7,13,20,0.35,OK
BLR019,2025-07-16 21:00:00,monsoon,7,13,20,0.35,OK
BLR019,2025-07-16 22:00:00,monsoon,8,12,20,0.4,OK
BLR019,2025-07-16 23:00:00,monsoon,8,12,20,0.4,OK
BLR019,2025-07-17 00:00:00,monsoon,9,11,20,0.45,OK
BLR019,2025-07-17 01:00:00,monsoon,9,11,20,0.45,OK
BLR019,2025-07-17 02:00:00,monsoon,10,10,20,0.5,OK
BLR019,2025-07-17 03:00:00,monsoon,10,10,20,0.5,OK
BLR019,2025-07-17 04:00:00,monsoon,11,9,20,0.55,OK
BLR019,2025-07-17 05:00:00,monsoon,11,9,20,0.55,OK
BLR019,2025-07-17 06:00:00,monsoon,11,9,20,0.55,OK
BLR019,2025-07-17 07:00:00,monsoon,9,11,20,0.45,OK
BLR019,2025-07-17 08:00:00,monsoon,6,14,20,0.3,OK
BLR019,2025-07-17 09:00:00,monsoon,4,16,20,0.2,OK
BLR019,2025-07-17 10:00:00,monsoon,4,16,20,0.2,OK
BLR019,2025-07-17 11:00:00,monsoon,5,15,20,0.25,OK
BLR019,2025-07-17 12:00:00,monsoon,6,14,20,0.3,OK
BLR019,2025-07-17 13:00:00,monsoon,6,14,20,0.3,OK
BLR019,2025-07-17 14:00:00,monsoon,6,14,20,0.3,OK
BLR019,2025-07-17 15:00:00,monsoon,6,14,20,0.3,OK
BLR019,2025-07-17 16:00:00,monsoon,5,15,20,0.25,OK
BLR019,2025-07-17 17:00:00,monsoon,5,15,20,0.25,OK
BLR019,2025-07-17 18:00:00,monsoon,6,14,20,0.3,OK
BLR019,2025-07-17 19:00:00,monsoon,6,14,20,0.3,OK
BLR019,2025-07-17 20:00:00,monsoon,7,13,20,0.35,OK
BLR019,2025-07-17 21:00:00,monsoon,7,13,20,0.35,OK
BLR019,2025-07-17 22:00:00,monsoon,7,13,20,0.35,OK
BLR019,2025-07-17 23:00:00,monsoon,7,13,20,0.35,OK
BLR019,2025-07-18 00:00:00,monsoon,8,12,20,0.4,OK
BLR019,2025-07-18 01:00:00,monsoon,8,12,20,0.4,OK
BLR019,2025-07-18 02:00:00,monsoon,8,12,20,0.4,OK
BLR019,2025-07-18 03:00:00,monsoon,9,11,20,0.45,OK
BLR019,2025-07-18 04:00:00,monsoon,10,10,20,0.5,OK
BLR019,2025-07-18 05:00:00,monsoon,10,10,20,0.5,OK
BLR019,2025-07-18 06:00:00,monsoon,11,9,20,0.55,OK
BLR019,2025-07-18 07:00:00,monsoon,10,10,20,0.5,OK
BLR019,2025-07-18 08:00:00,monsoon,5,15,20,0.25,OK
BLR019,2025-07-18 09:00:00,monsoon,5,15,20,0.25,OK
BLR019,2025-07-18 10:00:00,monsoon,5,15,20,0.25,OK
BLR019,2025-07-18 11:00:00,monsoon,5,15,20,0.25,OK
BLR019,2025-07-18 12:00:00,monsoon,5,15,20,0.25,OK
BLR019,2025-07-18 13:00:00,monsoon,4,16,20,0.2,OK
BLR019,2025-07-18 14:00:00,monsoon,4,16,20,0.2,OK
BLR019,2025-07-18 15:00:00,monsoon,4,16,20,0.2,OK
BLR019,2025-07-18 16:00:00,monsoon,5,15,20,0.25,OK
BLR019,2025-07-18 17:00:00,monsoon,6,14,20,0.3,OK
BLR019,2025-07-18 18:00:00,monsoon,8,12,20,0.4,OK
BLR019,2025-07-18 19:00:00,monsoon,9,11,20,0.45,OK
BLR019,2025-07-18 20:00:00,monsoon,9,11,20,0.45,OK
BLR019,2025-07-18 21:00:00,monsoon,10,10,20,0.5,OK
BLR019,2025-07-18 22:00:00,monsoon,10,10,20,0.5,OK
BLR019,2025-07-18 23:00:00,monsoon,10,10,20,0.5,OK
BLR019,2025-07-19 00:00:00,monsoon,10,10,20,0.5,OK
BLR019,2025-07-19 01:00:00,monsoon,10,10,20,0.5,OK
BLR019,2025-07-19 02:00:00,monsoon,11,9,20,0.55,OK
BLR019,2025-07-19 03:00:00,monsoon,11,9,20,0.55,OK
BLR019,2025-07-19 04:00:00,monsoon,11,9,20,0.55,OK
BLR019,2025-07-19 05:00:00,monsoon,12,8,20,0.6,OK
BLR019,2025-07-19 06:00:00,monsoon,11,9,20,0.55,OK
BLR019,2025-07-19 07:00:00,monsoon,10,10,20,0.5,OK
BLR019,2025-07-19 08:00:00,monsoon,10,10,20,0.5,OK
BLR019,2025-07-19 09:00:00,monsoon,10,10,20,0.5,OK
BLR019,2025-07-19 10:00:00,monsoon,9,11,20,0.45,OK
BLR019,2025-07-19 11:00:00,monsoon,9,11,20,0.45,OK
BLR019,2025-07-19 12:00:00,monsoon,8,12,20,0.4,OK
BLR019,2025-07-19 13:00:00,monsoon,8,12,20,0.4,OK
BLR019,2025-07-19 14:00:00,monsoon,8,12,20,0.4,OK
BLR019,2025-07-19 15:00:00,monsoon,9,11,20,0.45,OK
BLR019,2025-07-19 16:00:00,monsoon,9,11,20,0.45,OK
BLR019,2025-07-19 17:00:00,monsoon,11,9,20,0.55,OK
BLR019,2025-07-19 18:00:00,monsoon,14,6,20,0.7,OK
BLR019,2025-07-19 19:00:00,monsoon,15,5,20,0.75,OK
BLR019,2025-07-19 20:00:00,monsoon,16,4,20,0.8,OK
BLR019,2025-07-19 21:00:00,monsoon,17,3,20,0.85,OK
BLR019,2025-07-19 22:00:00,monsoon,17,3,20,0.85,OK
BLR019,2025-07-19 23:00:00,monsoon,17,3,20,0.85,OK
BLR019,2025-07-20 00:00:00,monsoon,17,3,20,0.85,OK
BLR019,2025-07-20 01:00:00,monsoon,17,3,20,0.85,OK
BLR019,2025-07-20 02:00:00,monsoon,17,3,20,0.85,OK
BLR019,2025-07-20 03:00:00,monsoon,17,3,20,0.85,OK
BLR019,2025-07-20 04:00:00,monsoon,17,3,20,0.85,OK
BLR019,2025-07-20 05:00:00,monsoon,17,3,20,0.85,OK
BLR019,2025-07-20 06:00:00,monsoon,17,3,20,0.85,OK
BLR019,2025-07-20 07:00:00,monsoon,17,3,20,0.85,OK
BLR019,2025-07-20 08:00:00,monsoon,17,3,20,0.85,OK
BLR019,2025-07-20 09:00:00,monsoon,17,3,20,0.85,OK
BLR019,2025-07-20 10:00:00,monsoon,16,4,20,0.8,OK
BLR019,2025-07-20 11:00:00,monsoon,16,4,20,0.8,OK
BLR019,2025-07-20 12:00:00,monsoon,17,3,20,0.85,OK
BLR019,2025-07-20 13:00:00,monsoon,18,2,20,0.9,Overstocked
BLR019,2025-07-20 14:00:00,monsoon,19,1,20,0.95,Overstocked
BLR019,2025-07-20 15:00:00,monsoon,20,0,20,1.0,Overstocked
BLR019,2025-07-20 16:00:00,monsoon,19,1,20,0.95,Overstocked
BLR019,2025-07-20 17:00:00,monsoon,20,0,20,1.0,Overstocked
BLR019,2025-07-20 18:00:00,monsoon,20,0,20,1.0,Overstocked
BLR019,2025-07-20 19:00:00,monsoon,20,0,20,1.0,Overstocked
BLR019,2025-07-20 20:00:00,monsoon,20,0,20,1.0,Overstocked
BLR019,2025-07-20 21:00:00,monsoon,20,0,20,1.0,Overstocked
BLR019,2025-07-20 22:00:00,monsoon,20,0,20,1.0,Overstocked
BLR019,2025-07-20 23:00:00,monsoon,20,0,20,1.0,Overstocked
BLR020,2025-07-14 00:00:00,monsoon,10,20,30,0.33,OK
BLR020,2025-07-14 01:00:00,monsoon,11,19,30,0.37,OK
BLR020,2025-07-14 02:00:00,monsoon,10,20,30,0.33,OK
BLR020,2025-07-14 03:00:00,monsoon,10,20,30,0.33,OK
BLR020,2025-07-14 04:00:00,monsoon,10,20,30,0.33,OK
BLR020,2025-07-14 05:00:00,monsoon,10,20,30,0.33,OK
BLR020,2025-07-14 06:00:00,monsoon,9,21,30,0.3,OK
BLR020,2025-07-14 07:00:00,monsoon,10,20,30,0.33,OK
BLR020,2025-07-14 08:00:00,monsoon,11,19,30,0.37,OK
BLR020,2025-07-14 09:00:00,monsoon,12,18,30,0.4,OK
BLR020,2025-07-14 10:00:00,monsoon,12,18,30,0.4,OK
BLR020,2025-07-14 11:00:00,monsoon,12,18,30,0.4,OK
BLR020,2025-07-14 12:00:00,monsoon,11,19,30,0.37,OK
BLR020,2025-07-14 13:00:00,monsoon,11,19,30,0.37,OK
BLR020,2025-07-14 14:00:00,monsoon,10,20,30,0.33,OK
BLR020,2025-07-14 15:00:00,monsoon,10,20,30,0.33,OK
BLR020,2025-07-14 16:00:00,monsoon,10,20,30,0.33,OK
BLR020,2025-07-14 17:00:00,monsoon,9,21,30,0.3,OK
BLR020,2025-07-14 18:00:00,monsoon,8,22,30,0.27,OK
BLR020,2025-07-14 19:00:00,monsoon,6,24,30,0.2,OK
BLR020,2025-07-14 20:00:00,monsoon,5,25,30,0.17,OK
BLR020,2025-07-14 21:00:00,monsoon,5,25,30,0.17,OK
BLR020,2025-07-14 22:00:00,monsoon,5,25,30,0.17,OK
BLR020,2025-07-14 23:00:00,monsoon,5,25,30,0.17,OK
BLR020,2025-07-15 00:00:00,monsoon,5,25,30,0.17,OK
BLR020,2025-07-15 01:00:00,monsoon,5,25,30,0.17,OK
BLR020,2025-07-15 02:00:00,monsoon,5,25,30,0.17,OK
BLR020,2025-07-15 03:00:00,monsoon,5,25,30,0.17,OK
BLR020,2025-07-15 04:00:00,monsoon,4,26,30,0.13,OK
BLR020,2025-07-15 05:00:00,monsoon,4,26,30,0.13,OK
BLR020,2025-07-15 06:00:00,monsoon,3,27,30,0.1,Understocked
BLR020,2025-07-15 07:00:00,monsoon,4,26,30,0.13,OK
BLR020,2025-07-15 08:00:00,monsoon,4,26,30,0.13,OK
BLR020,2025-07-15 09:00:00,monsoon,4,26,30,0.13,OK
BLR020,2025-07-15 10:00:00,monsoon,5,25,30,0.17,OK
BLR020,2025-07-15 11:00:00,monsoon,6,24,30,0.2,OK
BLR020,2025-07-15 12:00:00,monsoon,6,24,30,0.2,OK
BLR020,2025-07-15 13:00:00,monsoon,6,24,30,0.2,OK
BLR020,2025-07-15 14:00:00,monsoon,6,24,30,0.2,OK
BLR020,2025-07-15 15:00:00,monsoon,5,25,30,0.17,OK
BLR020,2025-07-15 16:00:00,monsoon,5,25,30,0.17,OK
BLR020,2025-07-15 17:00:00,monsoon,5,25,30,0.17,OK
BLR020,2025-07-15 18:00:00,monsoon,4,26,30,0.13,OK
BLR020,2025-07-15 19:00:00,monsoon,2,28,30,0.07,Understocked
BLR020,2025-07-15 20:00:00,monsoon,2,28,30,0.07,Understocked
BLR020,2025-07-15 21:00:00,monsoon,2,28,30,0.07,Understocked
BLR020,2025-07-15 22:00:00,monsoon,2,28,30,0.07,Understocked
BLR020,2025-07-15 23:00:00,monsoon,1,29,30,0.03,Understocked
BLR020,2025-07-16 00:00:00,monsoon,2,28,30,0.07,Understocked
BLR020,2025-07-16 01:00:00,monsoon,1,29,30,0.03,Understocked
BLR020,2025-07-16 02:00:00,monsoon,1,29,30,0.03,Understocked
BLR020,2025-07-16 03:00:00,monsoon,1,29,30,0.03,Understocked
BLR020,2025-07-16 04:00:00,monsoon,0,30,30,0.0,Understocked
BLR020,2025-07-16 05:00:00,monsoon,0,30,30,0.0,Understocked
BLR020,2025-07-16 06:00:00,monsoon,0,30,30,0.0,Understocked
BLR020,2025-07-16 07:00:00,monsoon,0,30,30,0.0,Understocked
BLR020,2025-07-16 08:00:00,monsoon,0,30,30,0.0,Understocked
BLR020,2025-07-16 09:00:00,monsoon,1,29,30,0.03,Understocked
BLR020,2025-07-16 10:00:00,monsoon,1,29,30,0.03,Understocked
BLR020,2025-07-16 11:00:00,monsoon,0,30,30,0.0,Understocked
BLR020,2025-07-16 12:00:00,monsoon,0,30,30,0.0,Understocked
BLR020,2025-07-16 13:00:00,monsoon,0,30,30,0.0,Understocked
BLR020,2025-07-16 14:00:00,monsoon,0,30,30,0.0,Understocked
BLR020,2025-07-16 15:00:00,monsoon,0,30,30,0.0,Understocked
BLR020,2025-07-16 16:00:00,monsoon,1,29,30,0.03,Understocked
BLR020,2025-07-16 17:00:00,monsoon,1,29,30,0.03,Understocked
BLR020,2025-07-16 18:00:00,monsoon,1,29,30,0.03,Understocked
BLR020,2025-07-16 19:00:00,monsoon,1,29,30,0.03,Understocked
BLR020,2025-07-16 20:00:00,monsoon,0,30,30,0.0,Understocked
BLR020,2025-07-16 21:00:00,monsoon,0,30,30,0.0,Understocked
BLR020,2025-07-16 22:00:00,monsoon,0,30,30,0.0,Understocked
BLR020,2025-07-16 23:00:00,monsoon,0,30,30,0.0,Understocked
BLR020,2025-07-17 00:00:00,monsoon,1,29,30,0.03,Understocked
BLR020,2025-07-17 01:00:00,monsoon,0,30,30,0.0,Understocked
BLR020,2025-07-17 02:00:00,monsoon,0,30,30,0.0,Understocked
BLR020,2025-07-17 03:00:00,monsoon,1,29,30,0.03,Understocked
BLR020,2025-07-17 04:00:00,monsoon,1,29,30,0.03,Understocked
BLR020,2025-07-17 05:00:00,monsoon,1,29,30,0.03,Understocked
BLR020,2025-07-17 06:00:00,monsoon,2,28,30,0.07,Understocked
BLR020,2025-07-17 07:00:00,monsoon,2,28,30,0.07,Understocked
BLR020,2025-07-17 08:00:00,monsoon,4,26,30,0.13,OK
BLR020,2025-07-17 09:00:00,monsoon,5,25,30,0.17,OK
BLR020,2025-07-17 10:00:00,monsoon,6,24,30,0.2,OK
BLR020,2025-07-17 11:00:00,monsoon,5,25,30,0.17,OK
BLR020,2025-07-17 12:00:00,monsoon,5,25,30,0.17,OK
BLR020,2025-07-17 13:00:00,monsoon,5,25,30,0.17,OK
BLR020,2025-07-17 14:00:00,monsoon,6,24,30,0.2,OK
BLR020,2025-07-17 15:00:00,monsoon,6,24,30,0.2,OK
BLR020,2025-07-17 16:00:00,monsoon,5,25,30,0.17,OK
BLR020,2025-07-17 17:00:00,monsoon,3,27,30,0.1,Understocked
BLR020,2025-07-17 18:00:00,monsoon,3,27,30,0.1,Understocked
BLR020,2025-07-17 19:00:00,monsoon,1,29,30,0.03,Understocked
BLR020,2025-07-17 20:00:00,monsoon,1,29,30,0.03,Understocked
BLR020,2025-07-17 21:00:00,monsoon,2,28,30,0.07,Understocked
BLR020,2025-07-17 22:00:00,monsoon,2,28,30,0.07,Understocked
BLR020,2025-07-17 23:00:00,monsoon,1,29,30,0.03,Understocked
BLR020,2025-07-18 00:00:00,monsoon,2,28,30,0.07,Understocked
BLR020,2025-07-18 01:00:00,monsoon,3,27,30,0.1,Understocked
BLR020,2025-07-18 02:00:00,monsoon,3,27,30,0.1,Understocked
BLR020,2025-07-18 03:00:00,monsoon,3,27,30,0.1,Understocked
BLR020,2025-07-18 04:00:00,monsoon,4,26,30,0.13,OK
BLR020,2025-07-18 05:00:00,monsoon,4,26,30,0.13,OK
BLR020,2025-07-18 06:00:00,monsoon,4,26,30,0.13,OK
BLR020,2025-07-18 07:00:00,monsoon,5,25,30,0.17,OK
BLR020,2025-07-18 08:00:00,monsoon,7,23,30,0.23,OK
BLR020,2025-07-18 09:00:00,monsoon,7,23,30,0.23,OK
BLR020,2025-07-18 10:00:00,monsoon,7,23,30,0.23,OK
BLR020,2025-07-18 11:00:00,monsoon,7,23,30,0.23,OK
BLR020,2025-07-18 12:00:00,monsoon,7,23,30,0.23,OK
BLR020,2025-07-18 13:00:00,monsoon,7,23,30,0.23,OK
BLR020,2025-07-18 14:00:00,monsoon,6,24,30,0.2,OK
BLR020,2025-07-18 15:00:00,monsoon,6,24,30,0.2,OK
BLR020,2025-07-18 16:00:00,monsoon,5,25,30,0.17,OK
BLR020,2025-07-18 17:00:00,monsoon,4,26,30,0.13,OK
BLR020,2025-07-18 18:00:00,monsoon,4,26,30,0.13,OK
BLR020,2025-07-18 19:00:00,monsoon,2,28,30,0.07,Understocked
BLR020,2025-07-18 20:00:00,monsoon,2,28,30,0.07,Understocked
BLR020,2025-07-18 21:00:00,monsoon,2,28,30,0.07,Understocked
BLR020,2025-07-18 22:00:00,monsoon,2,28,30,0.07,Understocked
BLR020,2025-07-18 23:00:00,monsoon,3,27,30,0.1,Understocked
BLR020,2025-07-19 00:00:00,monsoon,4,26,30,0.13,OK
BLR020,2025-07-19 01:00:00,monsoon,4,26,30,0.13,OK
BLR020,2025-07-19 02:00:00,monsoon,3,27,30,0.1,Understocked
BLR020,2025-07-19 03:00:00,monsoon,4,26,30,0.13,OK
BLR020,2025-07-19 04:00:00,monsoon,4,26,30,0.13,OK
BLR020,2025-07-19 05:00:00,monsoon,4,26,30,0.13,OK
BLR020,2025-07-19 06:00:00,monsoon,5,25,30,0.17,OK
BLR020,2025-07-19 07:00:00,monsoon,5,25,30,0.17,OK
BLR020,2025-07-19 08:00:00,monsoon,5,25,30,0.17,OK
BLR020,2025-07-19 09:00:00,monsoon,5,25,30,0.17,OK
BLR020,2025-07-19 10:00:00,monsoon,5,25,30,0.17,OK
BLR020,2025-07-19 11:00:00,monsoon,4,26,30,0.13,OK
BLR020,2025-07-19 12:00:00,monsoon,4,26,30,0.13,OK
BLR020,2025-07-19 13:00:00,monsoon,4,26,30,0.13,OK
BLR020,2025-07-19 14:00:00,monsoon,4,26,30,0.13,OK
BLR020,2025-07-19 15:00:00,monsoon,5,25,30,0.17,OK
BLR020,2025-07-19 16:00:00,monsoon,5,25,30,0.17,OK
BLR020,2025-07-19 17:00:00,monsoon,4,26,30,0.13,OK
BLR020,2025-07-19 18:00:00,monsoon,3,27,30,0.1,Understocked
BLR020,2025-07-19 19:00:00,monsoon,2,28,30,0.07,Understocked
BLR020,2025-07-19 20:00:00,monsoon,2,28,30,0.07,Understocked
BLR020,2025-07-19 21:00:00,monsoon,3,27,30,0.1,Understocked
BLR020,2025-07-19 22:00:00,monsoon,4,26,30,0.13,OK
BLR020,2025-07-19 23:00:00,monsoon,4,26,30,0.13,OK
BLR020,2025-07-20 00:00:00,monsoon,3,27,30,0.1,Understocked
BLR020,2025-07-20 01:00:00,monsoon,3,27,30,0.1,Understocked
BLR020,2025-07-20 02:00:00,monsoon,2,28,30,0.07,Understocked
BLR020,2025-07-20 03:00:00,monsoon,2,28,30,0.07,Understocked
BLR020,2025-07-20 04:00:00,monsoon,2,28,30,0.07,Understocked
BLR020,2025-07-20 05:00:00,monsoon,2,28,30,0.07,Understocked
BLR020,2025-07-20 06:00:00,monsoon,2,28,30,0.07,Understocked
BLR020,2025-07-20 07:00:00,monsoon,2,28,30,0.07,Understocked
BLR020,2025-07-20 08:00:00,monsoon,2,28,30,0.07,Understocked
BLR020,2025-07-20 09:00:00,monsoon,2,28,30,0.07,Understocked
BLR020,2025-07-20 10:00:00,monsoon,3,27,30,0.1,Understocked
BLR020,2025-07-20 11:00:00,monsoon,3,27,30,0.1,Understocked
BLR020,2025-07-20 12:00:00,monsoon,2,28,30,0.07,Understocked
BLR020,2025-07-20 13:00:00,monsoon,2,28,30,0.07,Understocked
BLR020,2025-07-20 14:00:00,monsoon,1,29,30,0.03,Understocked
BLR020,2025-07-20 15:00:00,monsoon,1,29,30,0.03,Understocked
BLR020,2025-07-20 16:00:00,monsoon,2,28,30,0.07,Understocked
BLR020,2025-07-20 17:00:00,monsoon,0,30,30,0.0,Understocked
BLR020,2025-07-20 18:00:00,monsoon,0,30,30,0.0,Understocked
BLR020,2025-07-20 19:00:00,monsoon,0,30,30,0.0,Understocked
BLR020,2025-07-20 20:00:00,monsoon,0,30,30,0.0,Understocked
BLR020,2025-07-20 21:00:00,monsoon,0,30,30,0.0,Understocked
BLR020,2025-07-20 22:00:00,monsoon,0,30,30,0.0,Understocked
BLR020,2025-07-20 23:00:00,monsoon,0,30,30,0.0,Understocked
BLR021,2025-07-14 00:00:00,monsoon,8,8,16,0.5,OK
BLR021,2025-07-14 01:00:00,monsoon,8,8,16,0.5,OK
BLR021,2025-07-14 02:00:00,monsoon,8,8,16,0.5,OK
BLR021,2025-07-14 03:00:00,monsoon,7,9,16,0.44,OK
BLR021,2025-07-14 04:00:00,monsoon,7,9,16,0.44,OK
BLR021,2025-07-14 05:00:00,monsoon,7,9,16,0.44,OK
BLR021,2025-07-14 06:00:00,monsoon,6,10,16,0.38,OK
BLR021,2025-07-14 07:00:00,monsoon,6,10,16,0.38,OK
BLR021,2025-07-14 08:00:00,monsoon,3,13,16,0.19,OK
BLR021,2025-07-14 09:00:00,monsoon,2,14,16,0.12,OK
BLR021,2025-07-14 10:00:00,monsoon,2,14,16,0.12,OK
BLR021,2025-07-14 11:00:00,monsoon,2,14,16,0.12,OK
BLR021,2025-07-14 12:00:00,monsoon,2,14,16,0.12,OK
BLR021,2025-07-14 13:00:00,monsoon,1,15,16,0.06,Understocked
BLR021,2025-07-14 14:00:00,monsoon,1,15,16,0.06,Understocked
BLR021,2025-07-14 15:00:00,monsoon,1,15,16,0.06,Understocked
BLR021,2025-07-14 16:00:00,monsoon,1,15,16,0.06,Understocked
BLR021,2025-07-14 17:00:00,monsoon,5,11,16,0.31,OK
BLR021,2025-07-14 18:00:00,monsoon,5,11,16,0.31,OK
BLR021,2025-07-14 19:00:00,monsoon,13,3,16,0.81,OK
BLR021,2025-07-14 20:00:00,monsoon,15,1,16,0.94,Overstocked
BLR021,2025-07-14 21:00:00,monsoon,15,1,16,0.94,Overstocked
BLR021,2025-07-14 22:00:00,monsoon,16,0,16,1.0,Overstocked
BLR021,2025-07-14 23:00:00,monsoon,16,0,16,1.0,Overstocked
BLR021,2025-07-15 00:00:00,monsoon,16,0,16,1.0,Overstocked
BLR021,2025-07-15 01:00:00,monsoon,16,0,16,1.0,Overstocked
BLR021,2025-07-15 02:00:00,monsoon,16,0,16,1.0,Overstocked
BLR021,2025-07-15 03:00:00,monsoon,16,0,16,1.0,Overstocked
BLR021,2025-07-15 04:00:00,monsoon,16,0,16,1.0,Overstocked
BLR021,2025-07-15 05:00:00,monsoon,16,0,16,1.0,Overstocked
BLR021,2025-07-15 06:00:00,monsoon,16,0,16,1.0,Overstocked
BLR021,2025-07-15 07:00:00,monsoon,15,1,16,0.94,Overstocked
BLR021,2025-07-15 08:00:00,monsoon,13,3,16,0.81,OK
BLR021,2025-07-15 09:00:00,monsoon,13,3,16,0.81,OK
BLR021,2025-07-15 10:00:00,monsoon,6,10,16,0.38,OK
BLR021,2025-07-15 11:00:00,monsoon,6,10,16,0.38,OK
BLR021,2025-07-15 12:00:00,monsoon,7,9,16,0.44,OK
BLR021,2025-07-15 13:00:00,monsoon,7,9,16,0.44,OK
BLR021,2025-07-15 14:00:00,monsoon,7,9,16,0.44,OK
BLR021,2025-07-15 15:00:00,monsoon,7,9,16,0.44,OK
BLR021,2025-07-15 16:00:00,monsoon,8,8,16,0.5,OK
BLR021,2025-07-15 17:00:00,monsoon,10,6,16,0.62,OK
BLR021,2025-07-15 18:00:00,monsoon,12,4,16,0.75,OK
BLR021,2025-07-15 19:00:00,monsoon,13,3,16,0.81,OK
BLR021,2025-07-15 20:00:00,monsoon,13,3,16,0.81,OK
BLR021,2025-07-15 21:00:00,monsoon,13,3,16,0.81,OK
BLR021,2025-07-15 22:00:00,monsoon,13,3,16,0.81,OK
BLR021,2025-07-15 23:00:00,monsoon,12,4,16,0.75,OK
BLR021,2025-07-16 00:00:00,monsoon,12,4,16,0.75,OK
BLR021,2025-07-16 01:00:00,monsoon,13,3,16,0.81,OK
BLR021,2025-07-16 02:00:00,monsoon,13,3,16,0.81,OK
BLR021,2025-07-16 03:00:00,monsoon,13,3,16,0.81,OK
BLR021,2025-07-16 04:00:00,monsoon,12,4,16,0.75,OK
BLR021,2025-07-16 05:00:00,monsoon,12,4,16,0.75,OK
BLR021,2025-07-16 06:00:00,monsoon,12,4,16,0.75,OK
BLR021,2025-07-16 07:00:00,monsoon,9,7,16,0.56,OK
BLR021,2025-07-16 08:00:00,monsoon,7,9,16,0.44,OK
BLR021,2025-07-16 09:00:00,monsoon,7,9,16,0.44,OK
BLR021,2025-07-16 10:00:00,monsoon,7,9,16,0.44,OK
BLR021,2025-07-16 11:00:00,monsoon,7,9,16,0.44,OK
BLR021,2025-07-16 12:00:00,monsoon,7,9,16,0.44,OK
BLR021,2025-07-16 13:00:00,monsoon,8,8,16,0.5,OK
BLR021,2025-07-16 14:00:00,monsoon,8,8,16,0.5,OK
BLR021,2025-07-16 15:00:00,monsoon,8,8,16,0.5,OK
BLR021,2025-07-16 16:00:00,monsoon,8,8,16,0.5,OK
BLR021,2025-07-16 17:00:00,monsoon,9,7,16,0.56,OK
BLR021,2025-07-16 18:00:00,monsoon,12,4,16,0.75,OK
BLR021,2025-07-16 19:00:00,monsoon,13,3,16,0.81,OK
BLR021,2025-07-16 20:00:00,monsoon,15,1,16,0.94,Overstocked
BLR021,2025-07-16 21:00:00,monsoon,16,0,16,1.0,Overstocked
BLR021,2025-07-16 22:00:00,monsoon,16,0,16,1.0,Overstocked
BLR021,2025-07-16 23:00:00,monsoon,16,0,16,1.0,Overstocked
BLR021,2025-07-17 00:00:00,monsoon,15,1,16,0.94,Overstocked
BLR021,2025-07-17 01:00:00,monsoon,15,1,16,0.94,Overstocked
BLR021,2025-07-17 02:00:00,monsoon,15,1,16,0.94,Overstocked
BLR021,2025-07-17 03:00:00,monsoon,16,0,16,1.0,Overstocked
BLR021,2025-07-17 04:00:00,monsoon,15,1,16,0.94,Overstocked
BLR021,2025-07-17 05:00:00,monsoon,16,0,16,1.0,Overstocked
BLR021,2025-07-17 06:00:00,monsoon,16,0,16,1.0,Overstocked
BLR021,2025-07-17 07:00:00,monsoon,14,2,16,0.88,OK
BLR021,2025-07-17 08:00:00,monsoon,13,3,16,0.81,OK
BLR021,2025-07-17 09:00:00,monsoon,13,3,16,0.81,OK
BLR021,2025-07-17 10:00:00,monsoon,11,5,16,0.69,OK
BLR021,2025-07-17 11:00:00,monsoon,11,5,16,0.69,OK
BLR021,2025-07-17 12:00:00,monsoon,11,5,16,0.69,OK
BLR021,2025-07-17 13:00:00,monsoon,11,5,16,0.69,OK
BLR021,2025-07-17 14:00:00,monsoon,12,4,16,0.75,OK
BLR021,2025-07-17 15:00:00,monsoon,13,3,16,0.81,OK
BLR021,2025-07-17 16:00:00,monsoon,14,2,16,0.88,OK
BLR021,2025-07-17 17:00:00,monsoon,16,0,16,1.0,Overstocked
BLR021,2025-07-17 18:00:00,monsoon,16,0,16,1.0,Overstocked
BLR021,2025-07-17 19:00:00,monsoon,16,0,16,1.0,Overstocked
BLR021,2025-07-17 20:00:00,monsoon,16,0,16,1.0,Overstocked
BLR021,2025-07-17 21:00:00,monsoon,16,0,16,1.0,Overstocked
BLR021,2025-07-17 22:00:00,monsoon,16,0,16,1.0,Overstocked
BLR021,2025-07-17 23:00:00,monsoon,16,0,16,1.0,Overstocked
BLR021,2025-07-18 00:00:00,monsoon,16,0,16,1.0,Overstocked
BLR021,2025-07-18 01:00:00,monsoon,16,0,16,1.0,Overstocked
BLR021,2025-07-18 02:00:00,monsoon,15,1,16,0.94,Overstocked
BLR021,2025-07-18 03:00:00,monsoon,16,0,16,1.0,Overstocked
BLR021,2025-07-18 04:00:00,monsoon,16,0,16,1.0,Overstocked
BLR021,2025-07-18 05:00:00,monsoon,16,0,16,1.0,Overstocked
BLR021,2025-07-18 06:00:00,monsoon,16,0,16,1.0,Overstocked
BLR021,2025-07-18 07:00:00,monsoon,15,1,16,0.94,Overstocked
BLR021,2025-07-18 08:00:00,monsoon,14,2,16,0.88,OK
BLR021,2025-07-18 09:00:00,monsoon,10,6,16,0.62,OK
BLR021,2025-07-18 10:00:00,monsoon,10,6,16,0.62,OK
BLR021,2025-07-18 11:00:00,monsoon,11,5,16,0.69,OK
BLR021,2025-07-18 12:00:00,monsoon,11,5,16,0.69,OK
BLR021,2025-07-18 13:00:00,monsoon,12,4,16,0.75,OK
BLR021,2025-07-18 14:00:00,monsoon,13,3,16,0.81,OK
BLR021,2025-07-18 15:00:00,monsoon,13,3,16,0.81,OK
BLR021,2025-07-18 16:00:00,monsoon,13,3,16,0.81,OK
BLR021,2025-07-18 17:00:00,monsoon,13,3,16,0.81,OK
BLR021,2025-07-18 18:00:00,monsoon,15,1,16,0.94,Overstocked
BLR021,2025-07-18 19:00:00,monsoon,16,0,16,1.0,Overstocked
BLR021,2025-07-18 20:00:00,monsoon,16,0,16,1.0,Overstocked
BLR021,2025-07-18 21:00:00,monsoon,16,0,16,1.0,Overstocked
BLR021,2025-07-18 22:00:00,monsoon,15,1,16,0.94,Overstocked
BLR021,2025-07-18 23:00:00,monsoon,15,1,16,0.94,Overstocked
BLR021,2025-07-19 00:00:00,monsoon,16,0,16,1.0,Overstocked
BLR021,2025-07-19 01:00:00,monsoon,16,0,16,1.0,Overstocked
BLR021,2025-07-19 02:00:00,monsoon,16,0,16,1.0,Overstocked
BLR021,2025-07-19 03:00:00,monsoon,16,0,16,1.0,Overstocked
BLR021,2025-07-19 04:00:00,monsoon,16,0,16,1.0,Overstocked
BLR021,2025-07-19 05:00:00,monsoon,15,1,16,0.94,Overstocked
BLR021,2025-07-19 06:00:00,monsoon,14,2,16,0.88,OK
BLR021,2025-07-19 07:00:00,monsoon,14,2,16,0.88,OK
BLR021,2025-07-19 08:00:00,monsoon,14,2,16,0.88,OK
BLR021,2025-07-19 09:00:00,monsoon,13,3,16,0.81,OK
BLR021,2025-07-19 10:00:00,monsoon,12,4,16,0.75,OK
BLR021,2025-07-19 11:00:00,monsoon,12,4,16,0.75,OK
BLR021,2025-07-19 12:00:00,monsoon,11,5,16,0.69,OK
BLR021,2025-07-19 13:00:00,monsoon,12,4,16,0.75,OK
BLR021,2025-07-19 14:00:00,monsoon,11,5,16,0.69,OK
BLR021,2025-07-19 15:00:00,monsoon,12,4,16,0.75,OK
BLR021,2025-07-19 16:00:00,monsoon,12,4,16,0.75,OK
BLR021,2025-07-19 17:00:00,monsoon,14,2,16,0.88,OK
BLR021,2025-07-19 18:00:00,monsoon,16,0,16,1.0,Overstocked
BLR021,2025-07-19 19:00:00,monsoon,16,0,16,1.0,Overstocked
BLR021,2025-07-19 20:00:00,monsoon,16,0,16,1.0,Overstocked
BLR021,2025-07-19 21:00:00,monsoon,16,0,16,1.0,Overstocked
BLR021,2025-07-19 22:00:00,monsoon,16,0,16,1.0,Overstocked
BLR021,2025-07-19 23:00:00,monsoon,16,0,16,1.0,Overstocked
BLR021,2025-07-20 00:00:00,monsoon,15,1,16,0.94,Overstocked
BLR021,2025-07-20 01:00:00,monsoon,15,1,16,0.94,Overstocked
BLR021,2025-07-20 02:00:00,monsoon,15,1,16,0.94,Overstocked
BLR021,2025-07-20 03:00:00,monsoon,15,1,16,0.94,Overstocked
BLR021,2025-07-20 04:00:00,monsoon,15,1,16,0.94,Overstocked
BLR021,2025-07-20 05:00:00,monsoon,16,0,16,1.0,Overstocked
BLR021,2025-07-20 06:00:00,monsoon,16,0,16,1.0,Overstocked
BLR021,2025-07-20 07:00:00,monsoon,16,0,16,1.0,Overstocked
BLR021,2025-07-20 08:00:00,monsoon,16,0,16,1.0,Overstocked
BLR021,2025-07-20 09:00:00,monsoon,16,0,16,1.0,Overstocked
BLR021,2025-07-20 10:00:00,monsoon,16,0,16,1.0,Overstocked
BLR021,2025-07-20 11:00:00,monsoon,16,0,16,1.0,Overstocked
BLR021,2025-07-20 12:00:00,monsoon,16,0,16,1.0,Overstocked
BLR021,2025-07-20 13:00:00,monsoon,16,0,16,1.0,Overstocked
BLR021,2025-07-20 14:00:00,monsoon,16,0,16,1.0,Overstocked
BLR021,2025-07-20 15:00:00,monsoon,15,1,16,0.94,Overstocked
BLR021,2025-07-20 16:00:00,monsoon,14,2,16,0.88,OK
BLR021,2025-07-20 17:00:00,monsoon,16,0,16,1.0,Overstocked
BLR021,2025-07-20 18:00:00,monsoon,16,0,16,1.0,Overstocked
BLR021,2025-07-20 19:00:00,monsoon,16,0,16,1.0,Overstocked
BLR021,2025-07-20 20:00:00,monsoon,16,0,16,1.0,Overstocked
BLR021,2025-07-20 21:00:00,monsoon,16,0,16,1.0,Overstocked
BLR021,2025-07-20 22:00:00,monsoon,16,0,16,1.0,Overstocked
BLR021,2025-07-20 23:00:00,monsoon,16,0,16,1.0,Overstocked
BLR022,2025-07-14 00:00:00,monsoon,7,5,12,0.58,OK
BLR022,2025-07-14 01:00:00,monsoon,7,5,12,0.58,OK
BLR022,2025-07-14 02:00:00,monsoon,8,4,12,0.67,OK
BLR022,2025-07-14 03:00:00,monsoon,7,5,12,0.58,OK
BLR022,2025-07-14 04:00:00,monsoon,7,5,12,0.58,OK
BLR022,2025-07-14 05:00:00,monsoon,6,6,12,0.5,OK
BLR022,2025-07-14 06:00:00,monsoon,6,6,12,0.5,OK
BLR022,2025-07-14 07:00:00,monsoon,5,7,12,0.42,OK
BLR022,2025-07-14 08:00:00,monsoon,4,8,12,0.33,OK
BLR022,2025-07-14 09:00:00,monsoon,3,9,12,0.25,OK
BLR022,2025-07-14 10:00:00,monsoon,2,10,12,0.17,OK
BLR022,2025-07-14 11:00:00,monsoon,2,10,12,0.17,OK
BLR022,2025-07-14 12:00:00,monsoon,3,9,12,0.25,OK
BLR022,2025-07-14 13:00:00,monsoon,4,8,12,0.33,OK
BLR022,2025-07-14 14:00:00,monsoon,4,8,12,0.33,OK
BLR022,2025-07-14 15:00:00,monsoon,4,8,12,0.33,OK
BLR022,2025-07-14 16:00:00,monsoon,4,8,12,0.33,OK
BLR022,2025-07-14 17:00:00,monsoon,4,8,12,0.33,OK
BLR022,2025-07-14 18:00:00,monsoon,5,7,12,0.42,OK
BLR022,2025-07-14 19:00:00,monsoon,10,2,12,0.83,OK
BLR022,2025-07-14 20:00:00,monsoon,11,1,12,0.92,Overstocked
BLR022,2025-07-14 21:00:00,monsoon,11,1,12,0.92,Overstocked
BLR022,2025-07-14 22:00:00,monsoon,11,1,12,0.92,Overstocked
BLR022,2025-07-14 23:00:00,monsoon,11,1,12,0.92,Overstocked
BLR022,2025-07-15 00:00:00,monsoon,11,1,12,0.92,Overstocked
BLR022,2025-07-15 01:00:00,monsoon,11,1,12,0.92,Overstocked
BLR022,2025-07-15 02:00:00,monsoon,10,2,12,0.83,OK
BLR022,2025-07-15 03:00:00,monsoon,9,3,12,0.75,OK
BLR022,2025-07-15 04:00:00,monsoon,10,2,12,0.83,OK
BLR022,2025-07-15 05:00:00,monsoon,9,3,12,0.75,OK
BLR022,2025-07-15 06:00:00,monsoon,8,4,12,0.67,OK
BLR022,2025-07-15 07:00:00,monsoon,7,5,12,0.58,OK
BLR022,2025-07-15 08:00:00,monsoon,5,7,12,0.42,OK
BLR022,2025-07-15 09:00:00,monsoon,4,8,12,0.33,OK
BLR022,2025-07-15 10:00:00,monsoon,3,9,12,0.25,OK
BLR022,2025-07-15 11:00:00,monsoon,4,8,12,0.33,OK
BLR022,2025-07-15 12:00:00,monsoon,4,8,12,0.33,OK
BLR022,2025-07-15 13:00:00,monsoon,4,8,12,0.33,OK
BLR022,2025-07-15 14:00:00,monsoon,5,7,12,0.42,OK
BLR022,2025-07-15 15:00:00,monsoon,6,6,12,0.5,OK
BLR022,2025-07-15 16:00:00,monsoon,5,7,12,0.42,OK
BLR022,2025-07-15 17:00:00,monsoon,5,7,12,0.42,OK
BLR022,2025-07-15 18:00:00,monsoon,8,4,12,0.67,OK
BLR022,2025-07-15 19:00:00,monsoon,9,3,12,0.75,OK
BLR022,2025-07-15 20:00:00,monsoon,11,1,12,0.92,Overstocked
BLR022,2025-07-15 21:00:00,monsoon,10,2,12,0.83,OK
BLR022,2025-07-15 22:00:00,monsoon,10,2,12,0.83,OK
BLR022,2025-07-15 23:00:00,monsoon,11,1,12,0.92,Overstocked
BLR022,2025-07-16 00:00:00,monsoon,11,1,12,0.92,Overstocked
BLR022,2025-07-16 01:00:00,monsoon,11,1,12,0.92,Overstocked
BLR022,2025-07-16 02:00:00,monsoon,11,1,12,0.92,Overstocked
BLR022,2025-07-16 03:00:00,monsoon,11,1,12,0.92,Overstocked
BLR022,2025-07-16 04:00:00,monsoon,12,0,12,1.0,Overstocked
BLR022,2025-07-16 05:00:00,monsoon,12,0,12,1.0,Overstocked
BLR022,2025-07-16 06:00:00,monsoon,12,0,12,1.0,Overstocked
BLR022,2025-07-16 07:00:00,monsoon,12,0,12,1.0,Overstocked
BLR022,2025-07-16 08:00:00,monsoon,11,1,12,0.92,Overstocked
BLR022,2025-07-16 09:00:00,monsoon,10,2,12,0.83,OK
BLR022,2025-07-16 10:00:00,monsoon,10,2,12,0.83,OK
BLR022,2025-07-16 11:00:00,monsoon,9,3,12,0.75,OK
BLR022,2025-07-16 12:00:00,monsoon,8,4,12,0.67,OK
BLR022,2025-07-16 13:00:00,monsoon,8,4,12,0.67,OK
BLR022,2025-07-16 14:00:00,monsoon,9,3,12,0.75,OK
BLR022,2025-07-16 15:00:00,monsoon,9,3,12,0.75,OK
BLR022,2025-07-16 16:00:00,monsoon,9,3,12,0.75,OK
BLR022,2025-07-16 17:00:00,monsoon,11,1,12,0.92,Overstocked
BLR022,2025-07-16 18:00:00,monsoon,11,1,12,0.92,Overstocked
BLR022,2025-07-16 19:00:00,monsoon,12,0,12,1.0,Overstocked
BLR022,2025-07-16 20:00:00,monsoon,12,0,12,1.0,Overstocked
BLR022,2025-07-16 21:00:00,monsoon,12,0,12,1.0,Overstocked
BLR022,2025-07-16 22:00:00,monsoon,12,0,12,1.0,Overstocked
BLR022,2025-07-16 23:00:00,monsoon,12,0,12,1.0,Overstocked
BLR022,2025-07-17 00:00:00,monsoon,11,1,12,0.92,Overstocked
BLR022,2025-07-17 01:00:00,monsoon,11,1,12,0.92,Overstocked
BLR022,2025-07-17 02:00:00,monsoon,12,0,12,1.0,Overstocked
BLR022,2025-07-17 03:00:00,monsoon,12,0,12,1.0,Overstocked
BLR022,2025-07-17 04:00:00,monsoon,11,1,12,0.92,Overstocked
BLR022,2025-07-17 05:00:00,monsoon,11,1,12,0.92,Overstocked
BLR022,2025-07-17 06:00:00,monsoon,12,0,12,1.0,Overstocked
BLR022,2025-07-17 07:00:00,monsoon,10,2,12,0.83,OK
BLR022,2025-07-17 08:00:00,monsoon,10,2,12,0.83,OK
BLR022,2025-07-17 09:00:00,monsoon,9,3,12,0.75,OK
BLR022,2025-07-17 10:00:00,monsoon,7,5,12,0.58,OK
BLR022,2025-07-17 11:00:00,monsoon,7,5,12,0.58,OK
BLR022,2025-07-17 12:00:00,monsoon,7,5,12,0.58,OK
BLR022,2025-07-17 13:00:00,monsoon,6,6,12,0.5,OK
BLR022,2025-07-17 14:00:00,monsoon,7,5,12,0.58,OK
BLR022,2025-07-17 15:00:00,monsoon,8,4,12,0.67,OK
BLR022,2025-07-17 16:00:00,monsoon,8,4,12,0.67,OK
BLR022,2025-07-17 17:00:00,monsoon,10,2,12,0.83,OK
BLR022,2025-07-17 18:00:00,monsoon,12,0,12,1.0,Overstocked
BLR022,2025-07-17 19:00:00,monsoon,12,0,12,1.0,Overstocked
BLR022,2025-07-17 20:00:00,monsoon,12,0,12,1.0,Overstocked
BLR022,2025-07-17 21:00:00,monsoon,12,0,12,1.0,Overstocked
BLR022,2025-07-17 22:00:00,monsoon,12,0,12,1.0,Overstocked
BLR022,2025-07-17 23:00:00,monsoon,12,0,12,1.0,Overstocked
BLR022,2025-07-18 00:00:00,monsoon,11,1,12,0.92,Overstocked
BLR022,2025-07-18 01:00:00,monsoon,12,0,12,1.0,Overstocked
BLR022,2025-07-18 02:00:00,monsoon,12,0,12,1.0,Overstocked
BLR022,2025-07-18 03:00:00,monsoon,12,0,12,1.0,Overstocked
BLR022,2025-07-18 04:00:00,monsoon,12,0,12,1.0,Overstocked
BLR022,2025-07-18 05:00:00,monsoon,12,0,12,1.0,Overstocked
BLR022,2025-07-18 06:00:00,monsoon,12,0,12,1.0,Overstocked
BLR022,2025-07-18 07:00:00,monsoon,12,0,12,1.0,Overstocked
BLR022,2025-07-18 08:00:00,monsoon,12,0,12,1.0,Overstocked
BLR022,2025-07-18 09:00:00,monsoon,12,0,12,1.0,Overstocked
BLR022,2025-07-18 10:00:00,monsoon,12,0,12,1.0,Overstocked
BLR022,2025-07-18 11:00:00,monsoon,12,0,12,1.0,Overstocked
BLR022,2025-07-18 12:00:00,monsoon,12,0,12,1.0,Overstocked
BLR022,2025-07-18 13:00:00,monsoon,12,0,12,1.0,Overstocked
BLR022,2025-07-18 14:00:00,monsoon,12,0,12,1.0,Overstocked
BLR022,2025-07-18 15:00:00,monsoon,12,0,12,1.0,Overstocked
BLR022,2025-07-18 16:00:00,monsoon,12,0,12,1.0,Overstocked
BLR022,2025-07-18 17:00:00,monsoon,12,0,12,1.0,Overstocked
BLR022,2025-07-18 18:00:00,monsoon,12,0,12,1.0,Overstocked
BLR022,2025-07-18 19:00:00,monsoon,12,0,12,1.0,Overstocked
BLR022,2025-07-18 20:00:00,monsoon,12,0,12,1.0,Overstocked
BLR022,2025-07-18 21:00:00,monsoon,12,0,12,1.0,Overstocked
BLR022,2025-07-18 22:00:00,monsoon,12,0,12,1.0,Overstocked
BLR022,2025-07-18 23:00:00,monsoon,12,0,12,1.0,Overstocked
BLR022,2025-07-19 00:00:00,monsoon,12,0,12,1.0,Overstocked
BLR022,2025-07-19 01:00:00,monsoon,12,0,12,1.0,Overstocked
BLR022,2025-07-19 02:00:00,monsoon,12,0,12,1.0,Overstocked
BLR022,2025-07-19 03:00:00,monsoon,12,0,12,1.0,Overstocked
BLR022,2025-07-19 04:00:00,monsoon,11,1,12,0.92,Overstocked
BLR022,2025-07-19 05:00:00,monsoon,10,2,12,0.83,OK
BLR022,2025-07-19 06:00:00,monsoon,10,2,12,0.83,OK
BLR022,2025-07-19 07:00:00,monsoon,10,2,12,0.83,OK
BLR022,2025-07-19 08:00:00,monsoon,10,2,12,0.83,OK
BLR022,2025-07-19 09:00:00,monsoon,10,2,12,0.83,OK
BLR022,2025-07-19 10:00:00,monsoon,10,2,12,0.83,OK
BLR022,2025-07-19 11:00:00,monsoon,10,2,12,0.83,OK
BLR022,2025-07-19 12:00:00,monsoon,11,1,12,0.92,Overstocked
BLR022,2025-07-19 13:00:00,monsoon,11,1,12,0.92,Overstocked
BLR022,2025-07-19 14:00:00,monsoon,10,2,12,0.83,OK
BLR022,2025-07-19 15:00:00,monsoon,11,1,12,0.92,Overstocked
BLR022,2025-07-19 16:00:00,monsoon,10,2,12,0.83,OK
BLR022,2025-07-19 17:00:00,monsoon,11,1,12,0.92,Overstocked
BLR022,2025-07-19 18:00:00,monsoon,12,0,12,1.0,Overstocked
BLR022,2025-07-19 19:00:00,monsoon,12,0,12,1.0,Overstocked
BLR022,2025-07-19 20:00:00,monsoon,12,0,12,1.0,Overstocked
BLR022,2025-07-19 21:00:00,monsoon,12,0,12,1.0,Overstocked
BLR022,2025-07-19 22:00:00,monsoon,11,1,12,0.92,Overstocked
BLR022,2025-07-19 23:00:00,monsoon,10,2,12,0.83,OK
BLR022,2025-07-20 00:00:00,monsoon,10,2,12,0.83,OK
BLR022,2025-07-20 01:00:00,monsoon,10,2,12,0.83,OK
BLR022,2025-07-20 02:00:00,monsoon,11,1,12,0.92,Overstocked
BLR022,2025-07-20 03:00:00,monsoon,12,0,12,1.0,Overstocked
BLR022,2025-07-20 04:00:00,monsoon,12,0,12,1.0,Overstocked
BLR022,2025-07-20 05:00:00,monsoon,12,0,12,1.0,Overstocked
BLR022,2025-07-20 06:00:00,monsoon,12,0,12,1.0,Overstocked
BLR022,2025-07-20 07:00:00,monsoon,12,0,12,1.0,Overstocked
BLR022,2025-07-20 08:00:00,monsoon,11,1,12,0.92,Overstocked
BLR022,2025-07-20 09:00:00,monsoon,10,2,12,0.83,OK
BLR022,2025-07-20 10:00:00,monsoon,6,6,12,0.5,OK
BLR022,2025-07-20 11:00:00,monsoon,6,6,12,0.5,OK
BLR022,2025-07-20 12:00:00,monsoon,6,6,12,0.5,OK
BLR022,2025-07-20 13:00:00,monsoon,5,7,12,0.42,OK
BLR022,2025-07-20 14:00:00,monsoon,5,7,12,0.42,OK
BLR022,2025-07-20 15:00:00,monsoon,5,7,12,0.42,OK
BLR022,2025-07-20 16:00:00,monsoon,5,7,12,0.42,OK
BLR022,2025-07-20 17:00:00,monsoon,6,6,12,0.5,OK
BLR022,2025-07-20 18:00:00,monsoon,7,5,12,0.58,OK
BLR022,2025-07-20 19:00:00,monsoon,8,4,12,0.67,OK
BLR022,2025-07-20 20:00:00,monsoon,12,0,12,1.0,Overstocked
BLR022,2025-07-20 21:00:00,monsoon,12,0,12,1.0,Overstocked
BLR022,2025-07-20 22:00:00,monsoon,12,0,12,1.0,Overstocked
BLR022,2025-07-20 23:00:00,monsoon,12,0,12,1.0,Overstocked
BLR023,2025-07-14 00:00:00,monsoon,7,17,24,0.29,OK
BLR023,2025-07-14 01:00:00,monsoon,7,17,24,0.29,OK
BLR023,2025-07-14 02:00:00,monsoon,8,16,24,0.33,OK
BLR023,2025-07-14 03:00:00,monsoon,7,17,24,0.29,OK
BLR023,2025-07-14 04:00:00,monsoon,7,17,24,0.29,OK
BLR023,2025-07-14 05:00:00,monsoon,7,17,24,0.29,OK
BLR023,2025-07-14 06:00:00,monsoon,7,17,24,0.29,OK
BLR023,2025-07-14 07:00:00,monsoon,6,18,24,0.25,OK
BLR023,2025-07-14 08:00:00,monsoon,6,18,24,0.25,OK
BLR023,2025-07-14 09:00:00,monsoon,5,19,24,0.21,OK
BLR023,2025-07-14 10:00:00,monsoon,4,20,24,0.17,OK
BLR023,2025-07-14 11:00:00,monsoon,3,21,24,0.12,OK
BLR023,2025-07-14 12:00:00,monsoon,2,22,24,0.08,Understocked
BLR023,2025-07-14 13:00:00,monsoon,2,22,24,0.08,Understocked
BLR023,2025-07-14 14:00:00,monsoon,2,22,24,0.08,Understocked
BLR023,2025-07-14 15:00:00,monsoon,3,21,24,0.12,OK
BLR023,2025-07-14 16:00:00,monsoon,3,21,24,0.12,OK
BLR023,2025-07-14 17:00:00,monsoon,3,21,24,0.12,OK
BLR023,2025-07-14 18:00:00,monsoon,4,20,24,0.17,OK
BLR023,2025-07-14 19:00:00,monsoon,4,20,24,0.17,OK
BLR023,2025-07-14 20:00:00,monsoon,4,20,24,0.17,OK
BLR023,2025-07-14 21:00:00,monsoon,5,19,24,0.21,OK
BLR023,2025-07-14 22:00:00,monsoon,5,19,24,0.21,OK
BLR023,2025-07-14 23:00:00,monsoon,5,19,24,0.21,OK
BLR023,2025-07-15 00:00:00,monsoon,4,20,24,0.17,OK
BLR023,2025-07-15 01:00:00,monsoon,4,20,24,0.17,OK
BLR023,2025-07-15 02:00:00,monsoon,3,21,24,0.12,OK
BLR023,2025-07-15 03:00:00,monsoon,3,21,24,0.12,OK
BLR023,2025-07-15 04:00:00,monsoon,3,21,24,0.12,OK
BLR023,2025-07-15 05:00:00,monsoon,3,21,24,0.12,OK
BLR023,2025-07-15 06:00:00,monsoon,3,21,24,0.12,OK
BLR023,2025-07-15 07:00:00,monsoon,3,21,24,0.12,OK
BLR023,2025-07-15 08:00:00,monsoon,2,22,24,0.08,Understocked
BLR023,2025-07-15 09:00:00,monsoon,1,23,24,0.04,Understocked
BLR023,2025-07-15 10:00:00,monsoon,0,24,24,0.0,Understocked
BLR023,2025-07-15 11:00:00,monsoon,0,24,24,0.0,Understocked
BLR023,2025-07-15 12:00:00,monsoon,1,23,24,0.04,Understocked
BLR023,2025-07-15 13:00:00,monsoon,2,22,24,0.08,Understocked
BLR023,2025-07-15 14:00:00,monsoon,1,23,24,0.04,Understocked
BLR023,2025-07-15 15:00:00,monsoon,1,23,24,0.04,Understocked
BLR023,2025-07-15 16:00:00,monsoon,1,23,24,0.04,Understocked
BLR023,2025-07-15 17:00:00,monsoon,1,23,24,0.04,Understocked
BLR023,2025-07-15 18:00:00,monsoon,3,21,24,0.12,OK
BLR023,2025-07-15 19:00:00,monsoon,3,21,24,0.12,OK
BLR023,2025-07-15 20:00:00,monsoon,3,21,24,0.12,OK
BLR023,2025-07-15 21:00:00,monsoon,3,21,24,0.12,OK
BLR023,2025-07-15 22:00:00,monsoon,3,21,24,0.12,OK
BLR023,2025-07-15 23:00:00,monsoon,4,20,24,0.17,OK
BLR023,2025-07-16 00:00:00,monsoon,4,20,24,0.17,OK
BLR023,2025-07-16 01:00:00,monsoon,4,20,24,0.17,OK
BLR023,2025-07-16 02:00:00,monsoon,4,20,24,0.17,OK
BLR023,2025-07-16 03:00:00,monsoon,5,19,24,0.21,OK
BLR023,2025-07-16 04:00:00,monsoon,5,19,24,0.21,OK
BLR023,2025-07-16 05:00:00,monsoon,4,20,24,0.17,OK
BLR023,2025-07-16 06:00:00,monsoon,4,20,24,0.17,OK
BLR023,2025-07-16 07:00:00,monsoon,3,21,24,0.12,OK
BLR023,2025-07-16 08:00:00,monsoon,0,24,24,0.0,Understocked
BLR023,2025-07-16 09:00:00,monsoon,0,24,24,0.0,Understocked
BLR023,2025-07-16 10:00:00,monsoon,0,24,24,0.0,Understocked
BLR023,2025-07-16 11:00:00,monsoon,0,24,24,0.0,Understocked
BLR023,2025-07-16 12:00:00,monsoon,0,24,24,0.0,Understocked
BLR023,2025-07-16 13:00:00,monsoon,0,24,24,0.0,Understocked
BLR023,2025-07-16 14:00:00,monsoon,1,23,24,0.04,Understocked
BLR023,2025-07-16 15:00:00,monsoon,1,23,24,0.04,Understocked
BLR023,2025-07-16 16:00:00,monsoon,1,23,24,0.04,Understocked
BLR023,2025-07-16 17:00:00,monsoon,1,23,24,0.04,Understocked
BLR023,2025-07-16 18:00:00,monsoon,1,23,24,0.04,Understocked
BLR023,2025-07-16 19:00:00,monsoon,2,22,24,0.08,Understocked
BLR023,2025-07-16 20:00:00,monsoon,4,20,24,0.17,OK
BLR023,2025-07-16 21:00:00,monsoon,4,20,24,0.17,OK
BLR023,2025-07-16 22:00:00,monsoon,4,20,24,0.17,OK
BLR023,2025-07-16 23:00:00,monsoon,4,20,24,0.17,OK
BLR023,2025-07-17 00:00:00,monsoon,5,19,24,0.21,OK
BLR023,2025-07-17 01:00:00,monsoon,5,19,24,0.21,OK
BLR023,2025-07-17 02:00:00,monsoon,4,20,24,0.17,OK
BLR023,2025-07-17 03:00:00,monsoon,3,21,24,0.12,OK
BLR023,2025-07-17 04:00:00,monsoon,4,20,24,0.17,OK
BLR023,2025-07-17 05:00:00,monsoon,3,21,24,0.12,OK
BLR023,2025-07-17 06:00:00,monsoon,2,22,24,0.08,Understocked
BLR023,2025-07-17 07:00:00,monsoon,1,23,24,0.04,Understocked
BLR023,2025-07-17 08:00:00,monsoon,0,24,24,0.0,Understocked
BLR023,2025-07-17 09:00:00,monsoon,0,24,24,0.0,Understocked
BLR023,2025-07-17 10:00:00,monsoon,0,24,24,0.0,Understocked
BLR023,2025-07-17 11:00:00,monsoon,0,24,24,0.0,Understocked
BLR023,2025-07-17 12:00:00,monsoon,0,24,24,0.0,Understocked
BLR023,2025-07-17 13:00:00,monsoon,0,24,24,0.0,Understocked
BLR023,2025-07-17 14:00:00,monsoon,0,24,24,0.0,Understocked
BLR023,2025-07-17 15:00:00,monsoon,0,24,24,0.0,Understocked
BLR023,2025-07-17 16:00:00,monsoon,0,24,24,0.0,Understocked
BLR023,2025-07-17 17:00:00,monsoon,2,22,24,0.08,Understocked
BLR023,2025-07-17 18:00:00,monsoon,3,21,24,0.12,OK
BLR023,2025-07-17 19:00:00,monsoon,4,20,24,0.17,OK
BLR023,2025-07-17 20:00:00,monsoon,7,17,24,0.29,OK
BLR023,2025-07-17 21:00:00,monsoon,7,17,24,0.29,OK
BLR023,2025-07-17 22:00:00,monsoon,7,17,24,0.29,OK
BLR023,2025-07-17 23:00:00,monsoon,6,18,24,0.25,OK
BLR023,2025-07-18 00:00:00,monsoon,6,18,24,0.25,OK
BLR023,2025-07-18 01:00:00,monsoon,5,19,24,0.21,OK
BLR023,2025-07-18 02:00:00,monsoon,4,20,24,0.17,OK
BLR023,2025-07-18 03:00:00,monsoon,5,19,24,0.21,OK
BLR023,2025-07-18 04:00:00,monsoon,6,18,24,0.25,OK
BLR023,2025-07-18 05:00:00,monsoon,5,19,24,0.21,OK
BLR023,2025-07-18 06:00:00,monsoon,5,19,24,0.21,OK
BLR023,2025-07-18 07:00:00,monsoon,1,23,24,0.04,Understocked
BLR023,2025-07-18 08:00:00,monsoon,0,24,24,0.0,Understocked
BLR023,2025-07-18 09:00:00,monsoon,0,24,24,0.0,Understocked
BLR023,2025-07-18 10:00:00,monsoon,0,24,24,0.0,Understocked
BLR023,2025-07-18 11:00:00,monsoon,0,24,24,0.0,Understocked
BLR023,2025-07-18 12:00:00,monsoon,0,24,24,0.0,Understocked
BLR023,2025-07-18 13:00:00,monsoon,0,24,24,0.0,Understocked
BLR023,2025-07-18 14:00:00,monsoon,0,24,24,0.0,Understocked
BLR023,2025-07-18 15:00:00,monsoon,0,24,24,0.0,Understocked
BLR023,2025-07-18 16:00:00,monsoon,0,24,24,0.0,Understocked
BLR023,2025-07-18 17:00:00,monsoon,1,23,24,0.04,Understocked
BLR023,2025-07-18 18:00:00,monsoon,2,22,24,0.08,Understocked
BLR023,2025-07-18 19:00:00,monsoon,4,20,24,0.17,OK
BLR023,2025-07-18 20:00:00,monsoon,6,18,24,0.25,OK
BLR023,2025-07-18 21:00:00,monsoon,6,18,24,0.25,OK
BLR023,2025-07-18 22:00:00,monsoon,6,18,24,0.25,OK
BLR023,2025-07-18 23:00:00,monsoon,7,17,24,0.29,OK
BLR023,2025-07-19 00:00:00,monsoon,8,16,24,0.33,OK
BLR023,2025-07-19 01:00:00,monsoon,9,15,24,0.38,OK
BLR023,2025-07-19 02:00:00,monsoon,9,15,24,0.38,OK
BLR023,2025-07-19 03:00:00,monsoon,10,14,24,0.42,OK
BLR023,2025-07-19 04:00:00,monsoon,10,14,24,0.42,OK
BLR023,2025-07-19 05:00:00,monsoon,11,13,24,0.46,OK
BLR023,2025-07-19 06:00:00,monsoon,11,13,24,0.46,OK
BLR023,2025-07-19 07:00:00,monsoon,11,13,24,0.46,OK
BLR023,2025-07-19 08:00:00,monsoon,11,13,24,0.46,OK
BLR023,2025-07-19 09:00:00,monsoon,10,14,24,0.42,OK
BLR023,2025-07-19 10:00:00,monsoon,10,14,24,0.42,OK
BLR023,2025-07-19 11:00:00,monsoon,9,15,24,0.38,OK
BLR023,2025-07-19 12:00:00,monsoon,9,15,24,0.38,OK
BLR023,2025-07-19 13:00:00,monsoon,9,15,24,0.38,OK
BLR023,2025-07-19 14:00:00,monsoon,9,15,24,0.38,OK
BLR023,2025-07-19 15:00:00,monsoon,10,14,24,0.42,OK
BLR023,2025-07-19 16:00:00,monsoon,10,14,24,0.42,OK
BLR023,2025-07-19 17:00:00,monsoon,11,13,24,0.46,OK
BLR023,2025-07-19 18:00:00,monsoon,12,12,24,0.5,OK
BLR023,2025-07-19 19:00:00,monsoon,12,12,24,0.5,OK
BLR023,2025-07-19 20:00:00,monsoon,13,11,24,0.54,OK
BLR023,2025-07-19 21:00:00,monsoon,13,11,24,0.54,OK
BLR023,2025-07-19 22:00:00,monsoon,12,12,24,0.5,OK
BLR023,2025-07-19 23:00:00,monsoon,12,12,24,0.5,OK
BLR023,2025-07-20 00:00:00,monsoon,13,11,24,0.54,OK
BLR023,2025-07-20 01:00:00,monsoon,13,11,24,0.54,OK
BLR023,2025-07-20 02:00:00,monsoon,14,10,24,0.58,OK
BLR023,2025-07-20 03:00:00,monsoon,14,10,24,0.58,OK
BLR023,2025-07-20 04:00:00,monsoon,14,10,24,0.58,OK
BLR023,2025-07-20 05:00:00,monsoon,15,9,24,0.62,OK
BLR023,2025-07-20 06:00:00,monsoon,14,10,24,0.58,OK
BLR023,2025-07-20 07:00:00,monsoon,14,10,24,0.58,OK
BLR023,2025-07-20 08:00:00,monsoon,14,10,24,0.58,OK
BLR023,2025-07-20 09:00:00,monsoon,12,12,24,0.5,OK
BLR023,2025-07-20 10:00:00,monsoon,12,12,24,0.5,OK
BLR023,2025-07-20 11:00:00,monsoon,12,12,24,0.5,OK
BLR023,2025-07-20 12:00:00,monsoon,12,12,24,0.5,OK
BLR023,2025-07-20 13:00:00,monsoon,12,12,24,0.5,OK
BLR023,2025-07-20 14:00:00,monsoon,12,12,24,0.5,OK
BLR023,2025-07-20 15:00:00,monsoon,12,12,24,0.5,OK
BLR023,2025-07-20 16:00:00,monsoon,11,13,24,0.46,OK
BLR023,2025-07-20 17:00:00,monsoon,11,13,24,0.46,OK
BLR023,2025-07-20 18:00:00,monsoon,12,12,24,0.5,OK
BLR023,2025-07-20 19:00:00,monsoon,12,12,24,0.5,OK
BLR023,2025-07-20 20:00:00,monsoon,12,12,24,0.5,OK
BLR023,2025-07-20 21:00:00,monsoon,11,13,24,0.46,OK
BLR023,2025-07-20 22:00:00,monsoon,11,13,24,0.46,OK
BLR023,2025-07-20 23:00:00,monsoon,11,13,24,0.46,OK
BLR024,2025-07-14 00:00:00,monsoon,8,8,16,0.5,OK
BLR024,2025-07-14 01:00:00,monsoon,8,8,16,0.5,OK
BLR024,2025-07-14 02:00:00,monsoon,8,8,16,0.5,OK
BLR024,2025-07-14 03:00:00,monsoon,8,8,16,0.5,OK
BLR024,2025-07-14 04:00:00,monsoon,7,9,16,0.44,OK
BLR024,2025-07-14 05:00:00,monsoon,7,9,16,0.44,OK
BLR024,2025-07-14 06:00:00,monsoon,8,8,16,0.5,OK
BLR024,2025-07-14 07:00:00,monsoon,8,8,16,0.5,OK
BLR024,2025-07-14 08:00:00,monsoon,7,9,16,0.44,OK
BLR024,2025-07-14 09:00:00,monsoon,7,9,16,0.44,OK
BLR024,2025-07-14 10:00:00,monsoon,6,10,16,0.38,OK
BLR024,2025-07-14 11:00:00,monsoon,5,11,16,0.31,OK
BLR024,2025-07-14 12:00:00,monsoon,5,11,16,0.31,OK
BLR024,2025-07-14 13:00:00,monsoon,4,12,16,0.25,OK
BLR024,2025-07-14 14:00:00,monsoon,4,12,16,0.25,OK
BLR024,2025-07-14 15:00:00,monsoon,4,12,16,0.25,OK
BLR024,2025-07-14 16:00:00,monsoon,4,12,16,0.25,OK
BLR024,2025-07-14 17:00:00,monsoon,5,11,16,0.31,OK
BLR024,2025-07-14 18:00:00,monsoon,6,10,16,0.38,OK
BLR024,2025-07-14 19:00:00,monsoon,6,10,16,0.38,OK
BLR024,2025-07-14 20:00:00,monsoon,7,9,16,0.44,OK
BLR024,2025-07-14 21:00:00,monsoon,8,8,16,0.5,OK
BLR024,2025-07-14 22:00:00,monsoon,8,8,16,0.5,OK
BLR024,2025-07-14 23:00:00,monsoon,8,8,16,0.5,OK
BLR024,2025-07-15 00:00:00,monsoon,9,7,16,0.56,OK
BLR024,2025-07-15 01:00:00,monsoon,9,7,16,0.56,OK
BLR024,2025-07-15 02:00:00,monsoon,9,7,16,0.56,OK
BLR024,2025-07-15 03:00:00,monsoon,8,8,16,0.5,OK
BLR024,2025-07-15 04:00:00,monsoon,8,8,16,0.5,OK
BLR024,2025-07-15 05:00:00,monsoon,8,8,16,0.5,OK
BLR024,2025-07-15 06:00:00,monsoon,8,8,16,0.5,OK
BLR024,2025-07-15 07:00:00,monsoon,6,10,16,0.38,OK
BLR024,2025-07-15 08:00:00,monsoon,5,11,16,0.31,OK
BLR024,2025-07-15 09:00:00,monsoon,4,12,16,0.25,OK
BLR024,2025-07-15 10:00:00,monsoon,3,13,16,0.19,OK
BLR024,2025-07-15 11:00:00,monsoon,4,12,16,0.25,OK
BLR024,2025-07-15 12:00:00,monsoon,5,11,16,0.31,OK
BLR024,2025-07-15 13:00:00,monsoon,4,12,16,0.25,OK
BLR024,2025-07-15 14:00:00,monsoon,4,12,16,0.25,OK
BLR024,2025-07-15 15:00:00,monsoon,5,11,16,0.31,OK
BLR024,2025-07-15 16:00:00,monsoon,5,11,16,0.31,OK
BLR024,2025-07-15 17:00:00,monsoon,7,9,16,0.44,OK
BLR024,2025-07-15 18:00:00,monsoon,8,8,16,0.5,OK
BLR024,2025-07-15 19:00:00,monsoon,11,5,16,0.69,OK
BLR024,2025-07-15 20:00:00,monsoon,12,4,16,0.75,OK
BLR024,2025-07-15 21:00:00,monsoon,11,5,16,0.69,OK
BLR024,2025-07-15 22:00:00,monsoon,10,6,16,0.62,OK
BLR024,2025-07-15 23:00:00,monsoon,10,6,16,0.62,OK
BLR024,2025-07-16 00:00:00,monsoon,9,7,16,0.56,OK
BLR024,2025-07-16 01:00:00,monsoon,9,7,16,0.56,OK
BLR024,2025-07-16 02:00:00,monsoon,8,8,16,0.5,OK
BLR024,2025-07-16 03:00:00,monsoon,8,8,16,0.5,OK
BLR024,2025-07-16 04:00:00,monsoon,8,8,16,0.5,OK
BLR024,2025-07-16 05:00:00,monsoon,8,8,16,0.5,OK
BLR024,2025-07-16 06:00:00,monsoon,8,8,16,0.5,OK
BLR024,2025-07-16 07:00:00,monsoon,8,8,16,0.5,OK
BLR024,2025-07-16 08:00:00,monsoon,8,8,16,0.5,OK
BLR024,2025-07-16 09:00:00,monsoon,7,9,16,0.44,OK
BLR024,2025-07-16 10:00:00,monsoon,6,10,16,0.38,OK
BLR024,2025-07-16 11:00:00,monsoon,6,10,16,0.38,OK
BLR024,2025-07-16 12:00:00,monsoon,6,10,16,0.38,OK
BLR024,2025-07-16 13:00:00,monsoon,6,10,16,0.38,OK
BLR024,2025-07-16 14:00:00,monsoon,6,10,16,0.38,OK
BLR024,2025-07-16 15:00:00,monsoon,5,11,16,0.31,OK
BLR024,2025-07-16 16:00:00,monsoon,4,12,16,0.25,OK
BLR024,2025-07-16 17:00:00,monsoon,8,8,16,0.5,OK
BLR024,2025-07-16 18:00:00,monsoon,9,7,16,0.56,OK
BLR024,2025-07-16 19:00:00,monsoon,13,3,16,0.81,OK
BLR024,2025-07-16 20:00:00,monsoon,13,3,16,0.81,OK
BLR024,2025-07-16 21:00:00,monsoon,12,4,16,0.75,OK
BLR024,2025-07-16 22:00:00,monsoon,13,3,16,0.81,OK
BLR024,2025-07-16 23:00:00,monsoon,13,3,16,0.81,OK
BLR024,2025-07-17 00:00:00,monsoon,13,3,16,0.81,OK
BLR024,2025-07-17 01:00:00,monsoon,13,3,16,0.81,OK
BLR024,2025-07-17 02:00:00,monsoon,13,3,16,0.81,OK
BLR024,2025-07-17 03:00:00,monsoon,14,2,16,0.88,OK
BLR024,2025-07-17 04:00:00,monsoon,14,2,16,0.88,OK
BLR024,2025-07-17 05:00:00,monsoon,13,3,16,0.81,OK
BLR024,2025-07-17 06:00:00,monsoon,13,3,16,0.81,OK
BLR024,2025-07-17 07:00:00,monsoon,11,5,16,0.69,OK
BLR024,2025-07-17 08:00:00,monsoon,10,6,16,0.62,OK
BLR024,2025-07-17 09:00:00,monsoon,7,9,16,0.44,OK
BLR024,2025-07-17 10:00:00,monsoon,6,10,16,0.38,OK
BLR024,2025-07-17 11:00:00,monsoon,6,10,16,0.38,OK
BLR024,2025-07-17 12:00:00,monsoon,6,10,16,0.38,OK
BLR024,2025-07-17 13:00:00,monsoon,7,9,16,0.44,OK
BLR024,2025-07-17 14:00:00,monsoon,7,9,16,0.44,OK
BLR024,2025-07-17 15:00:00,monsoon,6,10,16,0.38,OK
BLR024,2025-07-17 16:00:00,monsoon,6,10,16,0.38,OK
BLR024,2025-07-17 17:00:00,monsoon,7,9,16,0.44,OK
BLR024,2025-07-17 18:00:00,monsoon,8,8,16,0.5,OK
BLR024,2025-07-17 19:00:00,monsoon,10,6,16,0.62,OK
BLR024,2025-07-17 20:00:00,monsoon,12,4,16,0.75,OK
BLR024,2025-07-17 21:00:00,monsoon,12,4,16,0.75,OK
BLR024,2025-07-17 22:00:00,monsoon,13,3,16,0.81,OK
BLR024,2025-07-17 23:00:00,monsoon,14,2,16,0.88,OK
BLR024,2025-07-18 00:00:00,monsoon,13,3,16,0.81,OK
BLR024,2025-07-18 01:00:00,monsoon,13,3,16,0.81,OK
BLR024,2025-07-18 02:00:00,monsoon,14,2,16,0.88,OK
BLR024,2025-07-18 03:00:00,monsoon,14,2,16,0.88,OK
BLR024,2025-07-18 04:00:00,monsoon,14,2,16,0.88,OK
BLR024,2025-07-18 05:00:00,monsoon,14,2,16,0.88,OK
BLR024,2025-07-18 06:00:00,monsoon,13,3,16,0.81,OK
BLR024,2025-07-18 07:00:00,monsoon,13,3,16,0.81,OK
BLR024,2025-07-18 08:00:00,monsoon,12,4,16,0.75,OK
BLR024,2025-07-18 09:00:00,monsoon,11,5,16,0.69,OK
BLR024,2025-07-18 10:00:00,monsoon,11,5,16,0.69,OK
BLR024,2025-07-18 11:00:00,monsoon,11,5,16,0.69,OK
BLR024,2025-07-18 12:00:00,monsoon,10,6,16,0.62,OK
BLR024,2025-07-18 13:00:00,monsoon,10,6,16,0.62,OK
BLR024,2025-07-18 14:00:00,monsoon,10,6,16,0.62,OK
BLR024,2025-07-18 15:00:00,monsoon,11,5,16,0.69,OK
BLR024,2025-07-18 16:00:00,monsoon,11,5,16,0.69,OK
BLR024,2025-07-18 17:00:00,monsoon,12,4,16,0.75,OK
BLR024,2025-07-18 18:00:00,monsoon,13,3,16,0.81,OK
BLR024,2025-07-18 19:00:00,monsoon,15,1,16,0.94,Overstocked
BLR024,2025-07-18 20:00:00,monsoon,16,0,16,1.0,Overstocked
BLR024,2025-07-18 21:00:00,monsoon,16,0,16,1.0,Overstocked
BLR024,2025-07-18 22:00:00,monsoon,16,0,16,1.0,Overstocked
BLR024,2025-07-18 23:00:00,monsoon,15,1,16,0.94,Overstocked
BLR024,2025-07-19 00:00:00,monsoon,14,2,16,0.88,OK
BLR024,2025-07-19 01:00:00,monsoon,15,1,16,0.94,Overstocked
BLR024,2025-07-19 02:00:00,monsoon,15,1,16,0.94,Overstocked
BLR024,2025-07-19 03:00:00,monsoon,15,1,16,0.94,Overstocked
BLR024,2025-07-19 04:00:00,monsoon,14,2,16,0.88,OK
BLR024,2025-07-19 05:00:00,monsoon,14,2,16,0.88,OK
BLR024,2025-07-19 06:00:00,monsoon,14,2,16,0.88,OK
BLR024,2025-07-19 07:00:00,monsoon,13,3,16,0.81,OK
BLR024,2025-07-19 08:00:00,monsoon,13,3,16,0.81,OK
BLR024,2025-07-19 09:00:00,monsoon,12,4,16,0.75,OK
BLR024,2025-07-19 10:00:00,monsoon,11,5,16,0.69,OK
BLR024,2025-07-19 11:00:00,monsoon,10,6,16,0.62,OK
BLR024,2025-07-19 12:00:00,monsoon,10,6,16,0.62,OK
BLR024,2025-07-19 13:00:00,monsoon,10,6,16,0.62,OK
BLR024,2025-07-19 14:00:00,monsoon,9,7,16,0.56,OK
BLR024,2025-07-19 15:00:00,monsoon,10,6,16,0.62,OK
BLR024,2025-07-19 16:00:00,monsoon,9,7,16,0.56,OK
BLR024,2025-07-19 17:00:00,monsoon,11,5,16,0.69,OK
BLR024,2025-07-19 18:00:00,monsoon,11,5,16,0.69,OK
BLR024,2025-07-19 19:00:00,monsoon,12,4,16,0.75,OK
BLR024,2025-07-19 20:00:00,monsoon,12,4,16,0.75,OK
BLR024,2025-07-19 21:00:00,monsoon,11,5,16,0.69,OK
BLR024,2025-07-19 22:00:00,monsoon,12,4,16,0.75,OK
BLR024,2025-07-19 23:00:00,monsoon,12,4,16,0.75,OK
BLR024,2025-07-20 00:00:00,monsoon,12,4,16,0.75,OK
BLR024,2025-07-20 01:00:00,monsoon,11,5,16,0.69,OK
BLR024,2025-07-20 02:00:00,monsoon,12,4,16,0.75,OK
BLR024,2025-07-20 03:00:00,monsoon,12,4,16,0.75,OK
BLR024,2025-07-20 04:00:00,monsoon,13,3,16,0.81,OK
BLR024,2025-07-20 05:00:00,monsoon,12,4,16,0.75,OK
BLR024,2025-07-20 06:00:00,monsoon,12,4,16,0.75,OK
BLR024,2025-07-20 07:00:00,monsoon,12,4,16,0.75,OK
BLR024,2025-07-20 08:00:00,monsoon,11,5,16,0.69,OK
BLR024,2025-07-20 09:00:00,monsoon,11,5,16,0.69,OK
BLR024,2025-07-20 10:00:00,monsoon,10,6,16,0.62,OK
BLR024,2025-07-20 11:00:00,monsoon,9,7,16,0.56,OK
BLR024,2025-07-20 12:00:00,monsoon,9,7,16,0.56,OK
BLR024,2025-07-20 13:00:00,monsoon,9,7,16,0.56,OK
BLR024,2025-07-20 14:00:00,monsoon,9,7,16,0.56,OK
BLR024,2025-07-20 15:00:00,monsoon,9,7,16,0.56,OK
BLR024,2025-07-20 16:00:00,monsoon,9,7,16,0.56,OK
BLR024,2025-07-20 17:00:00,monsoon,9,7,16,0.56,OK
BLR024,2025-07-20 18:00:00,monsoon,9,7,16,0.56,OK
BLR024,2025-07-20 19:00:00,monsoon,10,6,16,0.62,OK
BLR024,2025-07-20 20:00:00,monsoon,10,6,16,0.62,OK
BLR024,2025-07-20 21:00:00,monsoon,10,6,16,0.62,OK
BLR024,2025-07-20 22:00:00,monsoon,9,7,16,0.56,OK
BLR024,2025-07-20 23:00:00,monsoon,9,7,16,0.56,OK
BLR025,2025-07-14 00:00:00,monsoon,8,12,20,0.4,OK
BLR025,2025-07-14 01:00:00,monsoon,8,12,20,0.4,OK
BLR025,2025-07-14 02:00:00,monsoon,8,12,20,0.4,OK
BLR025,2025-07-14 03:00:00,monsoon,8,12,20,0.4,OK
BLR025,2025-07-14 04:00:00,monsoon,8,12,20,0.4,OK
BLR025,2025-07-14 05:00:00,monsoon,8,12,20,0.4,OK
BLR025,2025-07-14 06:00:00,monsoon,7,13,20,0.35,OK
BLR025,2025-07-14 07:00:00,monsoon,7,13,20,0.35,OK
BLR025,2025-07-14 08:00:00,monsoon,2,18,20,0.1,Understocked
BLR025,2025-07-14 09:00:00,monsoon,1,19,20,0.05,Understocked
BLR025,2025-07-14 10:00:00,monsoon,1,19,20,0.05,Understocked
BLR025,2025-07-14 11:00:00,monsoon,1,19,20,0.05,Understocked
BLR025,2025-07-14 12:00:00,monsoon,0,20,20,0.0,Understocked
BLR025,2025-07-14 13:00:00,monsoon,0,20,20,0.0,Understocked
BLR025,2025-07-14 14:00:00,monsoon,0,20,20,0.0,Understocked
BLR025,2025-07-14 15:00:00,monsoon,0,20,20,0.0,Understocked
BLR025,2025-07-14 16:00:00,monsoon,0,20,20,0.0,Understocked
BLR025,2025-07-14 17:00:00,monsoon,0,20,20,0.0,Understocked
BLR025,2025-07-14 18:00:00,monsoon,2,18,20,0.1,Understocked
BLR025,2025-07-14 19:00:00,monsoon,4,16,20,0.2,OK
BLR025,2025-07-14 20:00:00,monsoon,8,12,20,0.4,OK
BLR025,2025-07-14 21:00:00,monsoon,8,12,20,0.4,OK
BLR025,2025-07-14 22:00:00,monsoon,7,13,20,0.35,OK
BLR025,2025-07-14 23:00:00,monsoon,6,14,20,0.3,OK
BLR025,2025-07-15 00:00:00,monsoon,6,14,20,0.3,OK
BLR025,2025-07-15 01:00:00,monsoon,5,15,20,0.25,OK
BLR025,2025-07-15 02:00:00,monsoon,5,15,20,0.25,OK
BLR025,2025-07-15 03:00:00,monsoon,5,15,20,0.25,OK
BLR025,2025-07-15 04:00:00,monsoon,5,15,20,0.25,OK
BLR025,2025-07-15 05:00:00,monsoon,5,15,20,0.25,OK
BLR025,2025-07-15 06:00:00,monsoon,6,14,20,0.3,OK
BLR025,2025-07-15 07:00:00,monsoon,4,16,20,0.2,OK
BLR025,2025-07-15 08:00:00,monsoon,2,18,20,0.1,Understocked
BLR025,2025-07-15 09:00:00,monsoon,0,20,20,0.0,Understocked
BLR025,2025-07-15 10:00:00,monsoon,0,20,20,0.0,Understocked
BLR025,2025-07-15 11:00:00,monsoon,1,19,20,0.05,Understocked
BLR025,2025-07-15 12:00:00,monsoon,1,19,20,0.05,Understocked
BLR025,2025-07-15 13:00:00,monsoon,1,19,20,0.05,Understocked
BLR025,2025-07-15 14:00:00,monsoon,2,18,20,0.1,Understocked
BLR025,2025-07-15 15:00:00,monsoon,3,17,20,0.15,OK
BLR025,2025-07-15 16:00:00,monsoon,3,17,20,0.15,OK
BLR025,2025-07-15 17:00:00,monsoon,4,16,20,0.2,OK
BLR025,2025-07-15 18:00:00,monsoon,5,15,20,0.25,OK
BLR025,2025-07-15 19:00:00,monsoon,9,11,20,0.45,OK
BLR025,2025-07-15 20:00:00,monsoon,10,10,20,0.5,OK
BLR025,2025-07-15 21:00:00,monsoon,11,9,20,0.55,OK
BLR025,2025-07-15 22:00:00,monsoon,10,10,20,0.5,OK
BLR025,2025-07-15 23:00:00,monsoon,10,10,20,0.5,OK
BLR025,2025-07-16 00:00:00,monsoon,9,11,20,0.45,OK
BLR025,2025-07-16 01:00:00,monsoon,9,11,20,0.45,OK
BLR025,2025-07-16 02:00:00,monsoon,9,11,20,0.45,OK
BLR025,2025-07-16 03:00:00,monsoon,9,11,20,0.45,OK
BLR025,2025-07-16 04:00:00,monsoon,9,11,20,0.45,OK
BLR025,2025-07-16 05:00:00,monsoon,9,11,20,0.45,OK
BLR025,2025-07-16 06:00:00,monsoon,9,11,20,0.45,OK
BLR025,2025-07-16 07:00:00,monsoon,9,11,20,0.45,OK
BLR025,2025-07-16 08:00:00,monsoon,3,17,20,0.15,OK
BLR025,2025-07-16 09:00:00,monsoon,2,18,20,0.1,Understocked
BLR025,2025-07-16 10:00:00,monsoon,1,19,20,0.05,Understocked
BLR025,2025-07-16 11:00:00,monsoon,1,19,20,0.05,Understocked
BLR025,2025-07-16 12:00:00,monsoon,0,20,20,0.0,Understocked
BLR025,2025-07-16 13:00:00,monsoon,0,20,20,0.0,Understocked
BLR025,2025-07-16 14:00:00,monsoon,0,20,20,0.0,Understocked
BLR025,2025-07-16 15:00:00,monsoon,1,19,20,0.05,Understocked
BLR025,2025-07-16 16:00:00,monsoon,1,19,20,0.05,Understocked
BLR025,2025-07-16 17:00:00,monsoon,1,19,20,0.05,Understocked
BLR025,2025-07-16 18:00:00,monsoon,4,16,20,0.2,OK
BLR025,2025-07-16 19:00:00,monsoon,5,15,20,0.25,OK
BLR025,2025-07-16 20:00:00,monsoon,6,14,20,0.3,OK
BLR025,2025-07-16 21:00:00,monsoon,7,13,20,0.35,OK
BLR025,2025-07-16 22:00:00,monsoon,6,14,20,0.3,OK
BLR025,2025-07-16 23:00:00,monsoon,6,14,20,0.3,OK
BLR025,2025-07-17 00:00:00,monsoon,6,14,20,0.3,OK
BLR025,2025-07-17 01:00:00,monsoon,6,14,20,0.3,OK
BLR025,2025-07-17 02:00:00,monsoon,6,14,20,0.3,OK
BLR025,2025-07-17 03:00:00,monsoon,6,14,20,0.3,OK
BLR025,2025-07-17 04:00:00,monsoon,6,14,20,0.3,OK
BLR025,2025-07-17 05:00:00,monsoon,6,14,20,0.3,OK
BLR025,2025-07-17 06:00:00,monsoon,7,13,20,0.35,OK
BLR025,2025-07-17 07:00:00,monsoon,5,15,20,0.25,OK
BLR025,2025-07-17 08:00:00,monsoon,2,18,20,0.1,Understocked
BLR025,2025-07-17 09:00:00,monsoon,2,18,20,0.1,Understocked
BLR025,2025-07-17 10:00:00,monsoon,0,20,20,0.0,Understocked
BLR025,2025-07-17 11:00:00,monsoon,1,19,20,0.05,Understocked
BLR025,2025-07-17 12:00:00,monsoon,1,19,20,0.05,Understocked
BLR025,2025-07-17 13:00:00,monsoon,1,19,20,0.05,Understocked
BLR025,2025-07-17 14:00:00,monsoon,0,20,20,0.0,Understocked
BLR025,2025-07-17 15:00:00,monsoon,1,19,20,0.05,Understocked
BLR025,2025-07-17 16:00:00,monsoon,1,19,20,0.05,Understocked
BLR025,2025-07-17 17:00:00,monsoon,1,19,20,0.05,Understocked
BLR025,2025-07-17 18:00:00,monsoon,1,19,20,0.05,Understocked
BLR025,2025-07-17 19:00:00,monsoon,2,18,20,0.1,Understocked
BLR025,2025-07-17 20:00:00,monsoon,4,16,20,0.2,OK
BLR025,2025-07-17 21:00:00,monsoon,4,16,20,0.2,OK
BLR025,2025-07-17 22:00:00,monsoon,4,16,20,0.2,OK
BLR025,2025-07-17 23:00:00,monsoon,4,16,20,0.2,OK
BLR025,2025-07-18 00:00:00,monsoon,5,15,20,0.25,OK
BLR025,2025-07-18 01:00:00,monsoon,5,15,20,0.25,OK
BLR025,2025-07-18 02:00:00,monsoon,6,14,20,0.3,OK
BLR025,2025-07-18 03:00:00,monsoon,6,14,20,0.3,OK
BLR025,2025-07-18 04:00:00,monsoon,7,13,20,0.35,OK
BLR025,2025-07-18 05:00:00,monsoon,6,14,20,0.3,OK
BLR025,2025-07-18 06:00:00,monsoon,6,14,20,0.3,OK
BLR025,2025-07-18 07:00:00,monsoon,4,16,20,0.2,OK
BLR025,2025-07-18 08:00:00,monsoon,1,19,20,0.05,Understocked
BLR025,2025-07-18 09:00:00,monsoon,0,20,20,0.0,Understocked
BLR025,2025-07-18 10:00:00,monsoon,0,20,20,0.0,Understocked
BLR025,2025-07-18 11:00:00,monsoon,0,20,20,0.0,Understocked
BLR025,2025-07-18 12:00:00,monsoon,1,19,20,0.05,Understocked
BLR025,2025-07-18 13:00:00,monsoon,1,19,20,0.05,Understocked
BLR025,2025-07-18 14:00:00,monsoon,1,19,20,0.05,Understocked
BLR025,2025-07-18 15:00:00,monsoon,0,20,20,0.0,Understocked
BLR025,2025-07-18 16:00:00,monsoon,1,19,20,0.05,Understocked
BLR025,2025-07-18 17:00:00,monsoon,1,19,20,0.05,Understocked
BLR025,2025-07-18 18:00:00,monsoon,4,16,20,0.2,OK
BLR025,2025-07-18 19:00:00,monsoon,4,16,20,0.2,OK
BLR025,2025-07-18 20:00:00,monsoon,4,16,20,0.2,OK
BLR025,2025-07-18 21:00:00,monsoon,4,16,20,0.2,OK
BLR025,2025-07-18 22:00:00,monsoon,3,17,20,0.15,OK
BLR025,2025-07-18 23:00:00,monsoon,3,17,20,0.15,OK
BLR025,2025-07-19 00:00:00,monsoon,2,18,20,0.1,Understocked
BLR025,2025-07-19 01:00:00,monsoon,3,17,20,0.15,OK
BLR025,2025-07-19 02:00:00,monsoon,3,17,20,0.15,OK
BLR025,2025-07-19 03:00:00,monsoon,4,16,20,0.2,OK
BLR025,2025-07-19 04:00:00,monsoon,5,15,20,0.25,OK
BLR025,2025-07-19 05:00:00,monsoon,5,15,20,0.25,OK
BLR025,2025-07-19 06:00:00,monsoon,5,15,20,0.25,OK
BLR025,2025-07-19 07:00:00,monsoon,5,15,20,0.25,OK
BLR025,2025-07-19 08:00:00,monsoon,5,15,20,0.25,OK
BLR025,2025-07-19 09:00:00,monsoon,5,15,20,0.25,OK
BLR025,2025-07-19 10:00:00,monsoon,4,16,20,0.2,OK
BLR025,2025-07-19 11:00:00,monsoon,5,15,20,0.25,OK
BLR025,2025-07-19 12:00:00,monsoon,5,15,20,0.25,OK
BLR025,2025-07-19 13:00:00,monsoon,4,16,20,0.2,OK
BLR025,2025-07-19 14:00:00,monsoon,5,15,20,0.25,OK
BLR025,2025-07-19 15:00:00,monsoon,5,15,20,0.25,OK
BLR025,2025-07-19 16:00:00,monsoon,5,15,20,0.25,OK
BLR025,2025-07-19 17:00:00,monsoon,8,12,20,0.4,OK
BLR025,2025-07-19 18:00:00,monsoon,8,12,20,0.4,OK
BLR025,2025-07-19 19:00:00,monsoon,8,12,20,0.4,OK
BLR025,2025-07-19 20:00:00,monsoon,8,12,20,0.4,OK
BLR025,2025-07-19 21:00:00,monsoon,9,11,20,0.45,OK
BLR025,2025-07-19 22:00:00,monsoon,9,11,20,0.45,OK
BLR025,2025-07-19 23:00:00,monsoon,9,11,20,0.45,OK
BLR025,2025-07-20 00:00:00,monsoon,10,10,20,0.5,OK
BLR025,2025-07-20 01:00:00,monsoon,11,9,20,0.55,OK
BLR025,2025-07-20 02:00:00,monsoon,12,8,20,0.6,OK
BLR025,2025-07-20 03:00:00,monsoon,13,7,20,0.65,OK
BLR025,2025-07-20 04:00:00,monsoon,13,7,20,0.65,OK
BLR025,2025-07-20 05:00:00,monsoon,13,7,20,0.65,OK
BLR025,2025-07-20 06:00:00,monsoon,12,8,20,0.6,OK
BLR025,2025-07-20 07:00:00,monsoon,12,8,20,0.6,OK
BLR025,2025-07-20 08:00:00,monsoon,11,9,20,0.55,OK
BLR025,2025-07-20 09:00:00,monsoon,10,10,20,0.5,OK
BLR025,2025-07-20 10:00:00,monsoon,9,11,20,0.45,OK
BLR025,2025-07-20 11:00:00,monsoon,9,11,20,0.45,OK
BLR025,2025-07-20 12:00:00,monsoon,10,10,20,0.5,OK
BLR025,2025-07-20 13:00:00,monsoon,11,9,20,0.55,OK
BLR025,2025-07-20 14:00:00,monsoon,11,9,20,0.55,OK
BLR025,2025-07-20 15:00:00,monsoon,11,9,20,0.55,OK
BLR025,2025-07-20 16:00:00,monsoon,10,10,20,0.5,OK
BLR025,2025-07-20 17:00:00,monsoon,11,9,20,0.55,OK
BLR025,2025-07-20 18:00:00,monsoon,15,5,20,0.75,OK
BLR025,2025-07-20 19:00:00,monsoon,15,5,20,0.75,OK
BLR025,2025-07-20 20:00:00,monsoon,15,5,20,0.75,OK
BLR025,2025-07-20 21:00:00,monsoon,15,5,20,0.75,OK
BLR025,2025-07-20 22:00:00,monsoon,15,5,20,0.75,OK
BLR025,2025-07-20 23:00:00,monsoon,14,6,20,0.7,OK
BLR026,2025-07-14 00:00:00,monsoon,13,11,24,0.54,OK
BLR026,2025-07-14 01:00:00,monsoon,13,11,24,0.54,OK
BLR026,2025-07-14 02:00:00,monsoon,14,10,24,0.58,OK
BLR026,2025-07-14 03:00:00,monsoon,14,10,24,0.58,OK
BLR026,2025-07-14 04:00:00,monsoon,13,11,24,0.54,OK
BLR026,2025-07-14 05:00:00,monsoon,13,11,24,0.54,OK
BLR026,2025-07-14 06:00:00,monsoon,13,11,24,0.54,OK
BLR026,2025-07-14 07:00:00,monsoon,12,12,24,0.5,OK
BLR026,2025-07-14 08:00:00,monsoon,11,13,24,0.46,OK
BLR026,2025-07-14 09:00:00,monsoon,9,15,24,0.38,OK
BLR026,2025-07-14 10:00:00,monsoon,8,16,24,0.33,OK
BLR026,2025-07-14 11:00:00,monsoon,7,17,24,0.29,OK
BLR026,2025-07-14 12:00:00,monsoon,7,17,24,0.29,OK
BLR026,2025-07-14 13:00:00,monsoon,6,18,24,0.25,OK
BLR026,2025-07-14 14:00:00,monsoon,6,18,24,0.25,OK
BLR026,2025-07-14 15:00:00,monsoon,6,18,24,0.25,OK
BLR026,2025-07-14 16:00:00,monsoon,6,18,24,0.25,OK
BLR026,2025-07-14 17:00:00,monsoon,7,17,24,0.29,OK
BLR026,2025-07-14 18:00:00,monsoon,12,12,24,0.5,OK
BLR026,2025-07-14 19:00:00,monsoon,14,10,24,0.58,OK
BLR026,2025-07-14 20:00:00,monsoon,14,10,24,0.58,OK
BLR026,2025-07-14 21:00:00,monsoon,14,10,24,0.58,OK
BLR026,2025-07-14 22:00:00,monsoon,13,11,24,0.54,OK
BLR026,2025-07-14 23:00:00,monsoon,12,12,24,0.5,OK
BLR026,2025-07-15 00:00:00,monsoon,11,13,24,0.46,OK
BLR026,2025-07-15 01:00:00,monsoon,11,13,24,0.46,OK
BLR026,2025-07-15 02:00:00,monsoon,10,14,24,0.42,OK
BLR026,2025-07-15 03:00:00,monsoon,10,14,24,0.42,OK
BLR026,2025-07-15 04:00:00,monsoon,9,15,24,0.38,OK
BLR026,2025-07-15 05:00:00,monsoon,10,14,24,0.42,OK
BLR026,2025-07-15 06:00:00,monsoon,11,13,24,0.46,OK
BLR026,2025-07-15 07:00:00,monsoon,11,13,24,0.46,OK
BLR026,2025-07-15 08:00:00,monsoon,10,14,24,0.42,OK
BLR026,2025-07-15 09:00:00,monsoon,7,17,24,0.29,OK
BLR026,2025-07-15 10:00:00,monsoon,6,18,24,0.25,OK
BLR026,2025-07-15 11:00:00,monsoon,6,18,24,0.25,OK
BLR026,2025-07-15 12:00:00,monsoon,5,19,24,0.21,OK
BLR026,2025-07-15 13:00:00,monsoon,5,19,24,0.21,OK
BLR026,2025-07-15 14:00:00,monsoon,5,19,24,0.21,OK
BLR026,2025-07-15 15:00:00,monsoon,6,18,24,0.25,OK
BLR026,2025-07-15 16:00:00,monsoon,5,19,24,0.21,OK
BLR026,2025-07-15 17:00:00,monsoon,8,16,24,0.33,OK
BLR026,2025-07-15 18:00:00,monsoon,9,15,24,0.38,OK
BLR026,2025-07-15 19:00:00,monsoon,12,12,24,0.5,OK
BLR026,2025-07-15 20:00:00,monsoon,15,9,24,0.62,OK
BLR026,2025-07-15 21:00:00,monsoon,15,9,24,0.62,OK
BLR026,2025-07-15 22:00:00,monsoon,15,9,24,0.62,OK
BLR026,2025-07-15 23:00:00,monsoon,16,8,24,0.67,OK
BLR026,2025-07-16 00:00:00,monsoon,16,8,24,0.67,OK
BLR026,2025-07-16 01:00:00,monsoon,16,8,24,0.67,OK
BLR026,2025-07-16 02:00:00,monsoon,15,9,24,0.62,OK
BLR026,2025-07-16 03:00:00,monsoon,15,9,24,0.62,OK
BLR026,2025-07-16 04:00:00,monsoon,16,8,24,0.67,OK
BLR026,2025-07-16 05:00:00,monsoon,16,8,24,0.67,OK
BLR026,2025-07-16 06:00:00,monsoon,16,8,24,0.67,OK
BLR026,2025-07-16 07:00:00,monsoon,16,8,24,0.67,OK
BLR026,2025-07-16 08:00:00,monsoon,14,10,24,0.58,OK
BLR026,2025-07-16 09:00:00,monsoon,11,13,24,0.46,OK
BLR026,2025-07-16 10:00:00,monsoon,11,13,24,0.46,OK
BLR026,2025-07-16 11:00:00,monsoon,12,12,24,0.5,OK
BLR026,2025-07-16 12:00:00,monsoon,13,11,24,0.54,OK
BLR026,2025-07-16 13:00:00,monsoon,12,12,24,0.5,OK
BLR026,2025-07-16 14:00:00,monsoon,12,12,24,0.5,OK
BLR026,2025-07-16 15:00:00,monsoon,11,13,24,0.46,OK
BLR026,2025-07-16 16:00:00,monsoon,11,13,24,0.46,OK
BLR026,2025-07-16 17:00:00,monsoon,13,11,24,0.54,OK
BLR026,2025-07-16 18:00:00,monsoon,14,10,24,0.58,OK
BLR026,2025-07-16 19:00:00,monsoon,16,8,24,0.67,OK
BLR026,2025-07-16 20:00:00,monsoon,17,7,24,0.71,OK
BLR026,2025-07-16 21:00:00,monsoon,18,6,24,0.75,OK
BLR026,2025-07-16 22:00:00,monsoon,17,7,24,0.71,OK
BLR026,2025-07-16 23:00:00,monsoon,17,7,24,0.71,OK
BLR026,2025-07-17 00:00:00,monsoon,17,7,24,0.71,OK
BLR026,2025-07-17 01:00:00,monsoon,17,7,24,0.71,OK
BLR026,2025-07-17 02:00:00,monsoon,17,7,24,0.71,OK
BLR026,2025-07-17 03:00:00,monsoon,17,7,24,0.71,OK
BLR026,2025-07-17 04:00:00,monsoon,16,8,24,0.67,OK
BLR026,2025-07-17 05:00:00,monsoon,15,9,24,0.62,OK
BLR026,2025-07-17 06:00:00,monsoon,15,9,24,0.62,OK
BLR026,2025-07-17 07:00:00,monsoon,15,9,24,0.62,OK
BLR026,2025-07-17 08:00:00,monsoon,13,11,24,0.54,OK
BLR026,2025-07-17 09:00:00,monsoon,12,12,24,0.5,OK
BLR026,2025-07-17 10:00:00,monsoon,11,13,24,0.46,OK
BLR026,2025-07-17 11:00:00,monsoon,10,14,24,0.42,OK
BLR026,2025-07-17 12:00:00,monsoon,11,13,24,0.46,OK
BLR026,2025-07-17 13:00:00,monsoon,11,13,24,0.46,OK
BLR026,2025-07-17 14:00:00,monsoon,11,13,24,0.46,OK
BLR026,2025-07-17 15:00:00,monsoon,10,14,24,0.42,OK
BLR026,2025-07-17 16:00:00,monsoon,10,14,24,0.42,OK
BLR026,2025-07-17 17:00:00,monsoon,10,14,24,0.42,OK
BLR026,2025-07-17 18:00:00,monsoon,11,13,24,0.46,OK
BLR026,2025-07-17 19:00:00,monsoon,12,12,24,0.5,OK
BLR026,2025-07-17 20:00:00,monsoon,16,8,24,0.67,OK
BLR026,2025-07-17 21:00:00,monsoon,16,8,24,0.67,OK
BLR026,2025-07-17 22:00:00,monsoon,16,8,24,0.67,OK
BLR026,2025-07-17 23:00:00,monsoon,16,8,24,0.67,OK
BLR026,2025-07-18 00:00:00,monsoon,15,9,24,0.62,OK
BLR026,2025-07-18 01:00:00,monsoon,15,9,24,0.62,OK
BLR026,2025-07-18 02:00:00,monsoon,14,10,24,0.58,OK
BLR026,2025-07-18 03:00:00,monsoon,15,9,24,0.62,OK
BLR026,2025-07-18 04:00:00,monsoon,16,8,24,0.67,OK
BLR026,2025-07-18 05:00:00,monsoon,16,8,24,0.67,OK
BLR026,2025-07-18 06:00:00,monsoon,16,8,24,0.67,OK
BLR026,2025-07-18 07:00:00,monsoon,16,8,24,0.67,OK
BLR026,2025-07-18 08:00:00,monsoon,14,10,24,0.58,OK
BLR026,2025-07-18 09:00:00,monsoon,14,10,24,0.58,OK
BLR026,2025-07-18 10:00:00,monsoon,14,10,24,0.58,OK
BLR026,2025-07-18 11:00:00,monsoon,14,10,24,0.58,OK
BLR026,2025-07-18 12:00:00,monsoon,14,10,24,0.58,OK
BLR026,2025-07-18 13:00:00,monsoon,14,10,24,0.58,OK
BLR026,2025-07-18 14:00:00,monsoon,14,10,24,0.58,OK
BLR026,2025-07-18 15:00:00,monsoon,14,10,24,0.58,OK
BLR026,2025-07-18 16:00:00,monsoon,13,11,24,0.54,OK
BLR026,2025-07-18 17:00:00,monsoon,13,11,24,0.54,OK
BLR026,2025-07-18 18:00:00,monsoon,14,10,24,0.58,OK
BLR026,2025-07-18 19:00:00,monsoon,14,10,24,0.58,OK
BLR026,2025-07-18 20:00:00,monsoon,15,9,24,0.62,OK
BLR026,2025-07-18 21:00:00,monsoon,15,9,24,0.62,OK
BLR026,2025-07-18 22:00:00,monsoon,15,9,24,0.62,OK
BLR026,2025-07-18 23:00:00,monsoon,15,9,24,0.62,OK
BLR026,2025-07-19 00:00:00,monsoon,15,9,24,0.62,OK
BLR026,2025-07-19 01:00:00,monsoon,15,9,24,0.62,OK
BLR026,2025-07-19 02:00:00,monsoon,15,9,24,0.62,OK
BLR026,2025-07-19 03:00:00,monsoon,15,9,24,0.62,OK
BLR026,2025-07-19 04:00:00,monsoon,15,9,24,0.62,OK
BLR026,2025-07-19 05:00:00,monsoon,15,9,24,0.62,OK
BLR026,2025-07-19 06:00:00,monsoon,15,9,24,0.62,OK
BLR026,2025-07-19 07:00:00,monsoon,15,9,24,0.62,OK
BLR026,2025-07-19 08:00:00,monsoon,14,10,24,0.58,OK
BLR026,2025-07-19 09:00:00,monsoon,13,11,24,0.54,OK
BLR026,2025-07-19 10:00:00,monsoon,13,11,24,0.54,OK
BLR026,2025-07-19 11:00:00,monsoon,12,12,24,0.5,OK
BLR026,2025-07-19 12:00:00,monsoon,13,11,24,0.54,OK
BLR026,2025-07-19 13:00:00,monsoon,13,11,24,0.54,OK
BLR026,2025-07-19 14:00:00,monsoon,13,11,24,0.54,OK
BLR026,2025-07-19 15:00:00,monsoon,14,10,24,0.58,OK
BLR026,2025-07-19 16:00:00,monsoon,13,11,24,0.54,OK
BLR026,2025-07-19 17:00:00,monsoon,15,9,24,0.62,OK
BLR026,2025-07-19 18:00:00,monsoon,15,9,24,0.62,OK
BLR026,2025-07-19 19:00:00,monsoon,15,9,24,0.62,OK
BLR026,2025-07-19 20:00:00,monsoon,15,9,24,0.62,OK
BLR026,2025-07-19 21:00:00,monsoon,16,8,24,0.67,OK
BLR026,2025-07-19 22:00:00,monsoon,16,8,24,0.67,OK
BLR026,2025-07-19 23:00:00,monsoon,15,9,24,0.62,OK
BLR026,2025-07-20 00:00:00,monsoon,15,9,24,0.62,OK
BLR026,2025-07-20 01:00:00,monsoon,16,8,24,0.67,OK
BLR026,2025-07-20 02:00:00,monsoon,17,7,24,0.71,OK
BLR026,2025-07-20 03:00:00,monsoon,16,8,24,0.67,OK
BLR026,2025-07-20 04:00:00,monsoon,16,8,24,0.67,OK
BLR026,2025-07-20 05:00:00,monsoon,16,8,24,0.67,OK
BLR026,2025-07-20 06:00:00,monsoon,15,9,24,0.62,OK
BLR026,2025-07-20 07:00:00,monsoon,15,9,24,0.62,OK
BLR026,2025-07-20 08:00:00,monsoon,15,9,24,0.62,OK
BLR026,2025-07-20 09:00:00,monsoon,14,10,24,0.58,OK
BLR026,2025-07-20 10:00:00,monsoon,13,11,24,0.54,OK
BLR026,2025-07-20 11:00:00,monsoon,13,11,24,0.54,OK
BLR026,2025-07-20 12:00:00,monsoon,13,11,24,0.54,OK
BLR026,2025-07-20 13:00:00,monsoon,13,11,24,0.54,OK
BLR026,2025-07-20 14:00:00,monsoon,13,11,24,0.54,OK
BLR026,2025-07-20 15:00:00,monsoon,13,11,24,0.54,OK
BLR026,2025-07-20 16:00:00,monsoon,13,11,24,0.54,OK
BLR026,2025-07-20 17:00:00,monsoon,14,10,24,0.58,OK
BLR026,2025-07-20 18:00:00,monsoon,15,9,24,0.62,OK
BLR026,2025-07-20 19:00:00,monsoon,15,9,24,0.62,OK
BLR026,2025-07-20 20:00:00,monsoon,16,8,24,0.67,OK
BLR026,2025-07-20 21:00:00,monsoon,15,9,24,0.62,OK
BLR026,2025-07-20 22:00:00,monsoon,15,9,24,0.62,OK
BLR026,2025-07-20 23:00:00,monsoon,15,9,24,0.62,OK
BLR027,2025-07-14 00:00:00,monsoon,7,13,20,0.35,OK
BLR027,2025-07-14 01:00:00,monsoon,7,13,20,0.35,OK
BLR027,2025-07-14 02:00:00,monsoon,8,12,20,0.4,OK
BLR027,2025-07-14 03:00:00,monsoon,7,13,20,0.35,OK
BLR027,2025-07-14 04:00:00,monsoon,7,13,20,0.35,OK
BLR027,2025-07-14 05:00:00,monsoon,7,13,20,0.35,OK
BLR027,2025-07-14 06:00:00,monsoon,7,13,20,0.35,OK
BLR027,2025-07-14 07:00:00,monsoon,7,13,20,0.35,OK
BLR027,2025-07-14 08:00:00,monsoon,3,17,20,0.15,OK
BLR027,2025-07-14 09:00:00,monsoon,3,17,20,0.15,OK
BLR027,2025-07-14 10:00:00,monsoon,3,17,20,0.15,OK
BLR027,2025-07-14 11:00:00,monsoon,3,17,20,0.15,OK
BLR027,2025-07-14 12:00:00,monsoon,3,17,20,0.15,OK
BLR027,2025-07-14 13:00:00,monsoon,3,17,20,0.15,OK
BLR027,2025-07-14 14:00:00,monsoon,3,17,20,0.15,OK
BLR027,2025-07-14 15:00:00,monsoon,3,17,20,0.15,OK
BLR027,2025-07-14 16:00:00,monsoon,3,17,20,0.15,OK
BLR027,2025-07-14 17:00:00,monsoon,4,16,20,0.2,OK
BLR027,2025-07-14 18:00:00,monsoon,8,12,20,0.4,OK
BLR027,2025-07-14 19:00:00,monsoon,8,12,20,0.4,OK
BLR027,2025-07-14 20:00:00,monsoon,9,11,20,0.45,OK
BLR027,2025-07-14 21:00:00,monsoon,9,11,20,0.45,OK
BLR027,2025-07-14 22:00:00,monsoon,9,11,20,0.45,OK
BLR027,2025-07-14 23:00:00,monsoon,9,11,20,0.45,OK
BLR027,2025-07-15 00:00:00,monsoon,8,12,20,0.4,OK
BLR027,2025-07-15 01:00:00,monsoon,8,12,20,0.4,OK
BLR027,2025-07-15 02:00:00,monsoon,8,12,20,0.4,OK
BLR027,2025-07-15 03:00:00,monsoon,7,13,20,0.35,OK
BLR027,2025-07-15 04:00:00,monsoon,7,13,20,0.35,OK
BLR027,2025-07-15 05:00:00,monsoon,8,12,20,0.4,OK
BLR027,2025-07-15 06:00:00,monsoon,8,12,20,0.4,OK
BLR027,2025-07-15 07:00:00,monsoon,6,14,20,0.3,OK
BLR027,2025-07-15 08:00:00,monsoon,5,15,20,0.25,OK
BLR027,2025-07-15 09:00:00,monsoon,2,18,20,0.1,Understocked
BLR027,2025-07-15 10:00:00,monsoon,2,18,20,0.1,Understocked
BLR027,2025-07-15 11:00:00,monsoon,2,18,20,0.1,Understocked
BLR027,2025-07-15 12:00:00,monsoon,3,17,20,0.15,OK
BLR027,2025-07-15 13:00:00,monsoon,3,17,20,0.15,OK
BLR027,2025-07-15 14:00:00,monsoon,3,17,20,0.15,OK
BLR027,2025-07-15 15:00:00,monsoon,2,18,20,0.1,Understocked
BLR027,2025-07-15 16:00:00,monsoon,2,18,20,0.1,Understocked
BLR027,2025-07-15 17:00:00,monsoon,2,18,20,0.1,Understocked
BLR027,2025-07-15 18:00:00,monsoon,6,14,20,0.3,OK
BLR027,2025-07-15 19:00:00,monsoon,6,14,20,0.3,OK
BLR027,2025-07-15 20:00:00,monsoon,6,14,20,0.3,OK
BLR027,2025-07-15 21:00:00,monsoon,5,15,20,0.25,OK
BLR027,2025-07-15 22:00:00,monsoon,5,15,20,0.25,OK
BLR027,2025-07-15 23:00:00,monsoon,5,15,20,0.25,OK
BLR027,2025-07-16 00:00:00,monsoon,5,15,20,0.25,OK
BLR027,2025-07-16 01:00:00,monsoon,5,15,20,0.25,OK
BLR027,2025-07-16 02:00:00,monsoon,4,16,20,0.2,OK
BLR027,2025-07-16 03:00:00,monsoon,5,15,20,0.25,OK
BLR027,2025-07-16 04:00:00,monsoon,6,14,20,0.3,OK
BLR027,2025-07-16 05:00:00,monsoon,6,14,20,0.3,OK
BLR027,2025-07-16 06:00:00,monsoon,7,13,20,0.35,OK
BLR027,2025-07-16 07:00:00,monsoon,7,13,20,0.35,OK
BLR027,2025-07-16 08:00:00,monsoon,6,14,20,0.3,OK
BLR027,2025-07-16 09:00:00,monsoon,5,15,20,0.25,OK
BLR027,2025-07-16 10:00:00,monsoon,5,15,20,0.25,OK
BLR027,2025-07-16 11:00:00,monsoon,5,15,20,0.25,OK
BLR027,2025-07-16 12:00:00,monsoon,5,15,20,0.25,OK
BLR027,2025-07-16 13:00:00,monsoon,6,14,20,0.3,OK
BLR027,2025-07-16 14:00:00,monsoon,6,14,20,0.3,OK
BLR027,2025-07-16 15:00:00,monsoon,5,15,20,0.25,OK
BLR027,2025-07-16 16:00:00,monsoon,5,15,20,0.25,OK
BLR027,2025-07-16 17:00:00,monsoon,5,15,20,0.25,OK
BLR027,2025-07-16 18:00:00,monsoon,7,13,20,0.35,OK
BLR027,2025-07-16 19:00:00,monsoon,8,12,20,0.4,OK
BLR027,2025-07-16 20:00:00,monsoon,8,12,20,0.4,OK
BLR027,2025-07-16 21:00:00,monsoon,8,12,20,0.4,OK
BLR027,2025-07-16 22:00:00,monsoon,9,11,20,0.45,OK
BLR027,2025-07-16 23:00:00,monsoon,10,10,20,0.5,OK
BLR027,2025-07-17 00:00:00,monsoon,11,9,20,0.55,OK
BLR027,2025-07-17 01:00:00,monsoon,11,9,20,0.55,OK
BLR027,2025-07-17 02:00:00,monsoon,10,10,20,0.5,OK
BLR027,2025-07-17 03:00:00,monsoon,10,10,20,0.5,OK
BLR027,2025-07-17 04:00:00,monsoon,11,9,20,0.55,OK
BLR027,2025-07-17 05:00:00,monsoon,11,9,20,0.55,OK
BLR027,2025-07-17 06:00:00,monsoon,11,9,20,0.55,OK
BLR027,2025-07-17 07:00:00,monsoon,11,9,20,0.55,OK
BLR027,2025-07-17 08:00:00,monsoon,11,9,20,0.55,OK
BLR027,2025-07-17 09:00:00,monsoon,10,10,20,0.5,OK
BLR027,2025-07-17 10:00:00,monsoon,10,10,20,0.5,OK
BLR027,2025-07-17 11:00:00,monsoon,10,10,20,0.5,OK
BLR027,2025-07-17 12:00:00,monsoon,11,9,20,0.55,OK
BLR027,2025-07-17 13:00:00,monsoon,11,9,20,0.55,OK
BLR027,2025-07-17 14:00:00,monsoon,12,8,20,0.6,OK
BLR027,2025-07-17 15:00:00,monsoon,11,9,20,0.55,OK
BLR027,2025-07-17 16:00:00,monsoon,11,9,20,0.55,OK
BLR027,2025-07-17 17:00:00,monsoon,11,9,20,0.55,OK
BLR027,2025-07-17 18:00:00,monsoon,12,8,20,0.6,OK
BLR027,2025-07-17 19:00:00,monsoon,16,4,20,0.8,OK
BLR027,2025-07-17 20:00:00,monsoon,17,3,20,0.85,OK
BLR027,2025-07-17 21:00:00,monsoon,18,2,20,0.9,Overstocked
BLR027,2025-07-17 22:00:00,monsoon,18,2,20,0.9,Overstocked
BLR027,2025-07-17 23:00:00,monsoon,18,2,20,0.9,Overstocked
BLR027,2025-07-18 00:00:00,monsoon,18,2,20,0.9,Overstocked
BLR027,2025-07-18 01:00:00,monsoon,18,2,20,0.9,Overstocked
BLR027,2025-07-18 02:00:00,monsoon,19,1,20,0.95,Overstocked
BLR027,2025-07-18 03:00:00,monsoon,19,1,20,0.95,Overstocked
BLR027,2025-07-18 04:00:00,monsoon,20,0,20,1.0,Overstocked
BLR027,2025-07-18 05:00:00,monsoon,20,0,20,1.0,Overstocked
BLR027,2025-07-18 06:00:00,monsoon,20,0,20,1.0,Overstocked
BLR027,2025-07-18 07:00:00,monsoon,20,0,20,1.0,Overstocked
BLR027,2025-07-18 08:00:00,monsoon,18,2,20,0.9,Overstocked
BLR027,2025-07-18 09:00:00,monsoon,17,3,20,0.85,OK
BLR027,2025-07-18 10:00:00,monsoon,14,6,20,0.7,OK
BLR027,2025-07-18 11:00:00,monsoon,14,6,20,0.7,OK
BLR027,2025-07-18 12:00:00,monsoon,14,6,20,0.7,OK
BLR027,2025-07-18 13:00:00,monsoon,15,5,20,0.75,OK
BLR027,2025-07-18 14:00:00,monsoon,15,5,20,0.75,OK
BLR027,2025-07-18 15:00:00,monsoon,15,5,20,0.75,OK
BLR027,2025-07-18 16:00:00,monsoon,15,5,20,0.75,OK
BLR027,2025-07-18 17:00:00,monsoon,17,3,20,0.85,OK
BLR027,2025-07-18 18:00:00,monsoon,20,0,20,1.0,Overstocked
BLR027,2025-07-18 19:00:00,monsoon,20,0,20,1.0,Overstocked
BLR027,2025-07-18 20:00:00,monsoon,20,0,20,1.0,Overstocked
BLR027,2025-07-18 21:00:00,monsoon,19,1,20,0.95,Overstocked
BLR027,2025-07-18 22:00:00,monsoon,19,1,20,0.95,Overstocked
BLR027,2025-07-18 23:00:00,monsoon,20,0,20,1.0,Overstocked
BLR027,2025-07-19 00:00:00,monsoon,20,0,20,1.0,Overstocked
BLR027,2025-07-19 01:00:00,monsoon,20,0,20,1.0,Overstocked
BLR027,2025-07-19 02:00:00,monsoon,20,0,20,1.0,Overstocked
BLR027,2025-07-19 03:00:00,monsoon,20,0,20,1.0,Overstocked
BLR027,2025-07-19 04:00:00,monsoon,19,1,20,0.95,Overstocked
BLR027,2025-07-19 05:00:00,monsoon,18,2,20,0.9,Overstocked
BLR027,2025-07-19 06:00:00,monsoon,18,2,20,0.9,Overstocked
BLR027,2025-07-19 07:00:00,monsoon,18,2,20,0.9,Overstocked
BLR027,2025-07-19 08:00:00,monsoon,18,2,20,0.9,Overstocked
BLR027,2025-07-19 09:00:00,monsoon,18,2,20,0.9,Overstocked
BLR027,2025-07-19 10:00:00,monsoon,17,3,20,0.85,OK
BLR027,2025-07-19 11:00:00,monsoon,16,4,20,0.8,OK
BLR027,2025-07-19 12:00:00,monsoon,16,4,20,0.8,OK
BLR027,2025-07-19 13:00:00,monsoon,16,4,20,0.8,OK
BLR027,2025-07-19 14:00:00,monsoon,15,5,20,0.75,OK
BLR027,2025-07-19 15:00:00,monsoon,16,4,20,0.8,OK
BLR027,2025-07-19 16:00:00,monsoon,15,5,20,0.75,OK
BLR027,2025-07-19 17:00:00,monsoon,16,4,20,0.8,OK
BLR027,2025-07-19 18:00:00,monsoon,16,4,20,0.8,OK
BLR027,2025-07-19 19:00:00,monsoon,18,2,20,0.9,Overstocked
BLR027,2025-07-19 20:00:00,monsoon,18,2,20,0.9,Overstocked
BLR027,2025-07-19 21:00:00,monsoon,18,2,20,0.9,Overstocked
BLR027,2025-07-19 22:00:00,monsoon,19,1,20,0.95,Overstocked
BLR027,2025-07-19 23:00:00,monsoon,19,1,20,0.95,Overstocked
BLR027,2025-07-20 00:00:00,monsoon,20,0,20,1.0,Overstocked
BLR027,2025-07-20 01:00:00,monsoon,20,0,20,1.0,Overstocked
BLR027,2025-07-20 02:00:00,monsoon,20,0,20,1.0,Overstocked
BLR027,2025-07-20 03:00:00,monsoon,20,0,20,1.0,Overstocked
BLR027,2025-07-20 04:00:00,monsoon,20,0,20,1.0,Overstocked
BLR027,2025-07-20 05:00:00,monsoon,20,0,20,1.0,Overstocked
BLR027,2025-07-20 06:00:00,monsoon,20,0,20,1.0,Overstocked
BLR027,2025-07-20 07:00:00,monsoon,20,0,20,1.0,Overstocked
BLR027,2025-07-20 08:00:00,monsoon,20,0,20,1.0,Overstocked
BLR027,2025-07-20 09:00:00,monsoon,20,0,20,1.0,Overstocked
BLR027,2025-07-20 10:00:00,monsoon,20,0,20,1.0,Overstocked
BLR027,2025-07-20 11:00:00,monsoon,19,1,20,0.95,Overstocked
BLR027,2025-07-20 12:00:00,monsoon,19,1,20,0.95,Overstocked
BLR027,2025-07-20 13:00:00,monsoon,19,1,20,0.95,Overstocked
BLR027,2025-07-20 14:00:00,monsoon,19,1,20,0.95,Overstocked
BLR027,2025-07-20 15:00:00,monsoon,19,1,20,0.95,Overstocked
BLR027,2025-07-20 16:00:00,monsoon,19,1,20,0.95,Overstocked
BLR027,2025-07-20 17:00:00,monsoon,20,0,20,1.0,Overstocked
BLR027,2025-07-20 18:00:00,monsoon,20,0,20,1.0,Overstocked
BLR027,2025-07-20 19:00:00,monsoon,20,0,20,1.0,Overstocked
BLR027,2025-07-20 20:00:00,monsoon,20,0,20,1.0,Overstocked
BLR027,2025-07-20 21:00:00,monsoon,19,1,20,0.95,Overstocked
BLR027,2025-07-20 22:00:00,monsoon,19,1,20,0.95,Overstocked
BLR027,2025-07-20 23:00:00,monsoon,19,1,20,0.95,Overstocked
BLR028,2025-07-14 00:00:00,monsoon,14,16,30,0.47,OK
BLR028,2025-07-14 01:00:00,monsoon,15,15,30,0.5,OK
BLR028,2025-07-14 02:00:00,monsoon,15,15,30,0.5,OK
BLR028,2025-07-14 03:00:00,monsoon,15,15,30,0.5,OK
BLR028,2025-07-14 04:00:00,monsoon,15,15,30,0.5,OK
BLR028,2025-07-14 05:00:00,monsoon,15,15,30,0.5,OK
BLR028,2025-07-14 06:00:00,monsoon,15,15,30,0.5,OK
BLR028,2025-07-14 07:00:00,monsoon,13,17,30,0.43,OK
BLR028,2025-07-14 08:00:00,monsoon,12,18,30,0.4,OK
BLR028,2025-07-14 09:00:00,monsoon,10,20,30,0.33,OK
BLR028,2025-07-14 10:00:00,monsoon,7,23,30,0.23,OK
BLR028,2025-07-14 11:00:00,monsoon,6,24,30,0.2,OK
BLR028,2025-07-14 12:00:00,monsoon,6,24,30,0.2,OK
BLR028,2025-07-14 13:00:00,monsoon,6,24,30,0.2,OK
BLR028,2025-07-14 14:00:00,monsoon,5,25,30,0.17,OK
BLR028,2025-07-14 15:00:00,monsoon,5,25,30,0.17,OK
BLR028,2025-07-14 16:00:00,monsoon,5,25,30,0.17,OK
BLR028,2025-07-14 17:00:00,monsoon,5,25,30,0.17,OK
BLR028,2025-07-14 18:00:00,monsoon,6,24,30,0.2,OK
BLR028,2025-07-14 19:00:00,monsoon,6,24,30,0.2,OK
BLR028,2025-07-14 20:00:00,monsoon,6,24,30,0.2,OK
BLR028,2025-07-14 21:00:00,monsoon,6,24,30,0.2,OK
BLR028,2025-07-14 22:00:00,monsoon,6,24,30,0.2,OK
BLR028,2025-07-14 23:00:00,monsoon,6,24,30,0.2,OK
BLR028,2025-07-15 00:00:00,monsoon,6,24,30,0.2,OK
BLR028,2025-07-15 01:00:00,monsoon,6,24,30,0.2,OK
BLR028,2025-07-15 02:00:00,monsoon,7,23,30,0.23,OK
BLR028,2025-07-15 03:00:00,monsoon,6,24,30,0.2,OK
BLR028,2025-07-15 04:00:00,monsoon,6,24,30,0.2,OK
BLR028,2025-07-15 05:00:00,monsoon,6,24,30,0.2,OK
BLR028,2025-07-15 06:00:00,monsoon,7,23,30,0.23,OK
BLR028,2025-07-15 07:00:00,monsoon,5,25,30,0.17,OK
BLR028,2025-07-15 08:00:00,monsoon,5,25,30,0.17,OK
BLR028,2025-07-15 09:00:00,monsoon,4,26,30,0.13,OK
BLR028,2025-07-15 10:00:00,monsoon,3,27,30,0.1,Understocked
BLR028,2025-07-15 11:00:00,monsoon,3,27,30,0.1,Understocked
BLR028,2025-07-15 12:00:00,monsoon,3,27,30,0.1,Understocked
BLR028,2025-07-15 13:00:00,monsoon,3,27,30,0.1,Understocked
BLR028,2025-07-15 14:00:00,monsoon,4,26,30,0.13,OK
BLR028,2025-07-15 15:00:00,monsoon,5,25,30,0.17,OK
BLR028,2025-07-15 16:00:00,monsoon,4,26,30,0.13,OK
BLR028,2025-07-15 17:00:00,monsoon,6,24,30,0.2,OK
BLR028,2025-07-15 18:00:00,monsoon,11,19,30,0.37,OK
BLR028,2025-07-15 19:00:00,monsoon,12,18,30,0.4,OK
BLR028,2025-07-15 20:00:00,monsoon,12,18,30,0.4,OK
BLR028,2025-07-15 21:00:00,monsoon,13,17,30,0.43,OK
BLR028,2025-07-15 22:00:00,monsoon,13,17,30,0.43,OK
BLR028,2025-07-15 23:00:00,monsoon,13,17,30,0.43,OK
BLR028,2025-07-16 00:00:00,monsoon,13,17,30,0.43,OK
BLR028,2025-07-16 01:00:00,monsoon,13,17,30,0.43,OK
BLR028,2025-07-16 02:00:00,monsoon,13,17,30,0.43,OK
BLR028,2025-07-16 03:00:00,monsoon,14,16,30,0.47,OK
BLR028,2025-07-16 04:00:00,monsoon,14,16,30,0.47,OK
BLR028,2025-07-16 05:00:00,monsoon,14,16,30,0.47,OK
BLR028,2025-07-16 06:00:00,monsoon,14,16,30,0.47,OK
BLR028,2025-07-16 07:00:00,monsoon,12,18,30,0.4,OK
BLR028,2025-07-16 08:00:00,monsoon,12,18,30,0.4,OK
BLR028,2025-07-16 09:00:00,monsoon,11,19,30,0.37,OK
BLR028,2025-07-16 10:00:00,monsoon,9,21,30,0.3,OK
BLR028,2025-07-16 11:00:00,monsoon,8,22,30,0.27,OK
BLR028,2025-07-16 12:00:00,monsoon,8,22,30,0.27,OK
BLR028,2025-07-16 13:00:00,monsoon,8,22,30,0.27,OK
BLR028,2025-07-16 14:00:00,monsoon,8,22,30,0.27,OK
BLR028,2025-07-16 15:00:00,monsoon,9,21,30,0.3,OK
BLR028,2025-07-16 16:00:00,monsoon,9,21,30,0.3,OK
BLR028,2025-07-16 17:00:00,monsoon,9,21,30,0.3,OK
BLR028,2025-07-16 18:00:00,monsoon,10,20,30,0.33,OK
BLR028,2025-07-16 19:00:00,monsoon,10,20,30,0.33,OK
BLR028,2025-07-16 20:00:00,monsoon,10,20,30,0.33,OK
BLR028,2025-07-16 21:00:00,monsoon,10,20,30,0.33,OK
BLR028,2025-07-16 22:00:00,monsoon,10,20,30,0.33,OK
BLR028,2025-07-16 23:00:00,monsoon,10,20,30,0.33,OK
BLR028,2025-07-17 00:00:00,monsoon,10,20,30,0.33,OK
BLR028,2025-07-17 01:00:00,monsoon,10,20,30,0.33,OK
BLR028,2025-07-17 02:00:00,monsoon,9,21,30,0.3,OK
BLR028,2025-07-17 03:00:00,monsoon,8,22,30,0.27,OK
BLR028,2025-07-17 04:00:00,monsoon,8,22,30,0.27,OK
BLR028,2025-07-17 05:00:00,monsoon,8,22,30,0.27,OK
BLR028,2025-07-17 06:00:00,monsoon,8,22,30,0.27,OK
BLR028,2025-07-17 07:00:00,monsoon,8,22,30,0.27,OK
BLR028,2025-07-17 08:00:00,monsoon,8,22,30,0.27,OK
BLR028,2025-07-17 09:00:00,monsoon,3,27,30,0.1,Understocked
BLR028,2025-07-17 10:00:00,monsoon,2,28,30,0.07,Understocked
BLR028,2025-07-17 11:00:00,monsoon,2,28,30,0.07,Understocked
BLR028,2025-07-17 12:00:00,monsoon,1,29,30,0.03,Understocked
BLR028,2025-07-17 13:00:00,monsoon,1,29,30,0.03,Understocked
BLR028,2025-07-17 14:00:00,monsoon,1,29,30,0.03,Understocked
BLR028,2025-07-17 15:00:00,monsoon,1,29,30,0.03,Understocked
BLR028,2025-07-17 16:00:00,monsoon,1,29,30,0.03,Understocked
BLR028,2025-07-17 17:00:00,monsoon,4,26,30,0.13,OK
BLR028,2025-07-17 18:00:00,monsoon,4,26,30,0.13,OK
BLR028,2025-07-17 19:00:00,monsoon,5,25,30,0.17,OK
BLR028,2025-07-17 20:00:00,monsoon,6,24,30,0.2,OK
BLR028,2025-07-17 21:00:00,monsoon,5,25,30,0.17,OK
BLR028,2025-07-17 22:00:00,monsoon,5,25,30,0.17,OK
BLR028,2025-07-17 23:00:00,monsoon,6,24,30,0.2,OK
BLR028,2025-07-18 00:00:00,monsoon,6,24,30,0.2,OK
BLR028,2025-07-18 01:00:00,monsoon,6,24,30,0.2,OK
BLR028,2025-07-18 02:00:00,monsoon,6,24,30,0.2,OK
BLR028,2025-07-18 03:00:00,monsoon,5,25,30,0.17,OK
BLR028,2025-07-18 04:00:00,monsoon,6,24,30,0.2,OK
BLR028,2025-07-18 05:00:00,monsoon,6,24,30,0.2,OK
BLR028,2025-07-18 06:00:00,monsoon,6,24,30,0.2,OK
BLR028,2025-07-18 07:00:00,monsoon,5,25,30,0.17,OK
BLR028,2025-07-18 08:00:00,monsoon,4,26,30,0.13,OK
BLR028,2025-07-18 09:00:00,monsoon,4,26,30,0.13,OK
BLR028,2025-07-18 10:00:00,monsoon,4,26,30,0.13,OK
BLR028,2025-07-18 11:00:00,monsoon,4,26,30,0.13,OK
BLR028,2025-07-18 12:00:00,monsoon,4,26,30,0.13,OK
BLR028,2025-07-18 13:00:00,monsoon,3,27,30,0.1,Understocked
BLR028,2025-07-18 14:00:00,monsoon,3,27,30,0.1,Understocked
BLR028,2025-07-18 15:00:00,monsoon,4,26,30,0.13,OK
BLR028,2025-07-18 16:00:00,monsoon,5,25,30,0.17,OK
BLR028,2025-07-18 17:00:00,monsoon,5,25,30,0.17,OK
BLR028,2025-07-18 18:00:00,monsoon,7,23,30,0.23,OK
BLR028,2025-07-18 19:00:00,monsoon,13,17,30,0.43,OK
BLR028,2025-07-18 20:00:00,monsoon,14,16,30,0.47,OK
BLR028,2025-07-18 21:00:00,monsoon,14,16,30,0.47,OK
BLR028,2025-07-18 22:00:00,monsoon,14,16,30,0.47,OK
BLR028,2025-07-18 23:00:00,monsoon,13,17,30,0.43,OK
BLR028,2025-07-19 00:00:00,monsoon,13,17,30,0.43,OK
BLR028,2025-07-19 01:00:00,monsoon,14,16,30,0.47,OK
BLR028,2025-07-19 02:00:00,monsoon,15,15,30,0.5,OK
BLR028,2025-07-19 03:00:00,monsoon,15,15,30,0.5,OK
BLR028,2025-07-19 04:00:00,monsoon,14,16,30,0.47,OK
BLR028,2025-07-19 05:00:00,monsoon,13,17,30,0.43,OK
BLR028,2025-07-19 06:00:00,monsoon,14,16,30,0.47,OK
BLR028,2025-07-19 07:00:00,monsoon,13,17,30,0.43,OK
BLR028,2025-07-19 08:00:00,monsoon,12,18,30,0.4,OK
BLR028,2025-07-19 09:00:00,monsoon,11,19,30,0.37,OK
BLR028,2025-07-19 10:00:00,monsoon,11,19,30,0.37,OK
BLR028,2025-07-19 11:00:00,monsoon,11,19,30,0.37,OK
BLR028,2025-07-19 12:00:00,monsoon,11,19,30,0.37,OK
BLR028,2025-07-19 13:00:00,monsoon,11,19,30,0.37,OK
BLR028,2025-07-19 14:00:00,monsoon,12,18,30,0.4,OK
BLR028,2025-07-19 15:00:00,monsoon,12,18,30,0.4,OK
BLR028,2025-07-19 16:00:00,monsoon,11,19,30,0.37,OK
BLR028,2025-07-19 17:00:00,monsoon,11,19,30,0.37,OK
BLR028,2025-07-19 18:00:00,monsoon,12,18,30,0.4,OK
BLR028,2025-07-19 19:00:00,monsoon,14,16,30,0.47,OK
BLR028,2025-07-19 20:00:00,monsoon,15,15,30,0.5,OK
BLR028,2025-07-19 21:00:00,monsoon,15,15,30,0.5,OK
BLR028,2025-07-19 22:00:00,monsoon,15,15,30,0.5,OK
BLR028,2025-07-19 23:00:00,monsoon,16,14,30,0.53,OK
BLR028,2025-07-20 00:00:00,monsoon,16,14,30,0.53,OK
BLR028,2025-07-20 01:00:00,monsoon,15,15,30,0.5,OK
BLR028,2025-07-20 02:00:00,monsoon,14,16,30,0.47,OK
BLR028,2025-07-20 03:00:00,monsoon,14,16,30,0.47,OK
BLR028,2025-07-20 04:00:00,monsoon,14,16,30,0.47,OK
BLR028,2025-07-20 05:00:00,monsoon,14,16,30,0.47,OK
BLR028,2025-07-20 06:00:00,monsoon,15,15,30,0.5,OK
BLR028,2025-07-20 07:00:00,monsoon,15,15,30,0.5,OK
BLR028,2025-07-20 08:00:00,monsoon,15,15,30,0.5,OK
BLR028,2025-07-20 09:00:00,monsoon,15,15,30,0.5,OK
BLR028,2025-07-20 10:00:00,monsoon,15,15,30,0.5,OK
BLR028,2025-07-20 11:00:00,monsoon,16,14,30,0.53,OK
BLR028,2025-07-20 12:00:00,monsoon,16,14,30,0.53,OK
BLR028,2025-07-20 13:00:00,monsoon,17,13,30,0.57,OK
BLR028,2025-07-20 14:00:00,monsoon,17,13,30,0.57,OK
BLR028,2025-07-20 15:00:00,monsoon,18,12,30,0.6,OK
BLR028,2025-07-20 16:00:00,monsoon,18,12,30,0.6,OK
BLR028,2025-07-20 17:00:00,monsoon,18,12,30,0.6,OK
BLR028,2025-07-20 18:00:00,monsoon,18,12,30,0.6,OK
BLR028,2025-07-20 19:00:00,monsoon,18,12,30,0.6,OK
BLR028,2025-07-20 20:00:00,monsoon,18,12,30,0.6,OK
BLR028,2025-07-20 21:00:00,monsoon,18,12,30,0.6,OK
BLR028,2025-07-20 22:00:00,monsoon,18,12,30,0.6,OK
BLR028,2025-07-20 23:00:00,monsoon,17,13,30,0.57,OK
BLR029,2025-07-14 00:00:00,monsoon,8,12,20,0.4,OK
BLR029,2025-07-14 01:00:00,monsoon,8,12,20,0.4,OK
BLR029,2025-07-14 02:00:00,monsoon,7,13,20,0.35,OK
BLR029,2025-07-14 03:00:00,monsoon,8,12,20,0.4,OK
BLR029,2025-07-14 04:00:00,monsoon,8,12,20,0.4,OK
BLR029,2025-07-14 05:00:00,monsoon,8,12,20,0.4,OK
BLR029,2025-07-14 06:00:00,monsoon,8,12,20,0.4,OK
BLR029,2025-07-14 07:00:00,monsoon,7,13,20,0.35,OK
BLR029,2025-07-14 08:00:00,monsoon,7,13,20,0.35,OK
BLR029,2025-07-14 09:00:00,monsoon,6,14,20,0.3,OK
BLR029,2025-07-14 10:00:00,monsoon,5,15,20,0.25,OK
BLR029,2025-07-14 11:00:00,monsoon,6,14,20,0.3,OK
BLR029,2025-07-14 12:00:00,monsoon,5,15,20,0.25,OK
BLR029,2025-07-14 13:00:00,monsoon,5,15,20,0.25,OK
BLR029,2025-07-14 14:00:00,monsoon,4,16,20,0.2,OK
BLR029,2025-07-14 15:00:00,monsoon,4,16,20,0.2,OK
BLR029,2025-07-14 16:00:00,monsoon,4,16,20,0.2,OK
BLR029,2025-07-14 17:00:00,monsoon,7,13,20,0.35,OK
BLR029,2025-07-14 18:00:00,monsoon,8,12,20,0.4,OK
BLR029,2025-07-14 19:00:00,monsoon,8,12,20,0.4,OK
BLR029,2025-07-14 20:00:00,monsoon,8,12,20,0.4,OK
BLR029,2025-07-14 21:00:00,monsoon,9,11,20,0.45,OK
BLR029,2025-07-14 22:00:00,monsoon,9,11,20,0.45,OK
BLR029,2025-07-14 23:00:00,monsoon,9,11,20,0.45,OK
BLR029,2025-07-15 00:00:00,monsoon,9,11,20,0.45,OK
BLR029,2025-07-15 01:00:00,monsoon,9,11,20,0.45,OK
BLR029,2025-07-15 02:00:00,monsoon,8,12,20,0.4,OK
BLR029,2025-07-15 03:00:00,monsoon,7,13,20,0.35,OK
BLR029,2025-07-15 04:00:00,monsoon,7,13,20,0.35,OK
BLR029,2025-07-15 05:00:00,monsoon,8,12,20,0.4,OK
BLR029,2025-07-15 06:00:00,monsoon,9,11,20,0.45,OK
BLR029,2025-07-15 07:00:00,monsoon,8,12,20,0.4,OK
BLR029,2025-07-15 08:00:00,monsoon,7,13,20,0.35,OK
BLR029,2025-07-15 09:00:00,monsoon,6,14,20,0.3,OK
BLR029,2025-07-15 10:00:00,monsoon,2,18,20,0.1,Understocked
BLR029,2025-07-15 11:00:00,monsoon,2,18,20,0.1,Understocked
BLR029,2025-07-15 12:00:00,monsoon,2,18,20,0.1,Understocked
BLR029,2025-07-15 13:00:00,monsoon,2,18,20,0.1,Understocked
BLR029,2025-07-15 14:00:00,monsoon,2,18,20,0.1,Understocked
BLR029,2025-07-15 15:00:00,monsoon,2,18,20,0.1,Understocked
BLR029,2025-07-15 16:00:00,monsoon,1,19,20,0.05,Understocked
BLR029,2025-07-15 17:00:00,monsoon,2,18,20,0.1,Understocked
BLR029,2025-07-15 18:00:00,monsoon,4,16,20,0.2,OK
BLR029,2025-07-15 19:00:00,monsoon,6,14,20,0.3,OK
BLR029,2025-07-15 20:00:00,monsoon,7,13,20,0.35,OK
BLR029,2025-07-15 21:00:00,monsoon,6,14,20,0.3,OK
BLR029,2025-07-15 22:00:00,monsoon,6,14,20,0.3,OK
BLR029,2025-07-15 23:00:00,monsoon,6,14,20,0.3,OK
BLR029,2025-07-16 00:00:00,monsoon,6,14,20,0.3,OK
BLR029,2025-07-16 01:00:00,monsoon,6,14,20,0.3,OK
BLR029,2025-07-16 02:00:00,monsoon,6,14,20,0.3,OK
BLR029,2025-07-16 03:00:00,monsoon,6,14,20,0.3,OK
BLR029,2025-07-16 04:00:00,monsoon,5,15,20,0.25,OK
BLR029,2025-07-16 05:00:00,monsoon,4,16,20,0.2,OK
BLR029,2025-07-16 06:00:00,monsoon,3,17,20,0.15,OK
BLR029,2025-07-16 07:00:00,monsoon,2,18,20,0.1,Understocked
BLR029,2025-07-16 08:00:00,monsoon,2,18,20,0.1,Understocked
BLR029,2025-07-16 09:00:00,monsoon,0,20,20,0.0,Understocked
BLR029,2025-07-16 10:00:00,monsoon,0,20,20,0.0,Understocked
BLR029,2025-07-16 11:00:00,monsoon,0,20,20,0.0,Understocked
BLR029,2025-07-16 12:00:00,monsoon,0,20,20,0.0,Understocked
BLR029,2025-07-16 13:00:00,monsoon,0,20,20,0.0,Understocked
BLR029,2025-07-16 14:00:00,monsoon,0,20,20,0.0,Understocked
BLR029,2025-07-16 15:00:00,monsoon,0,20,20,0.0,Understocked
BLR029,2025-07-16 16:00:00,monsoon,0,20,20,0.0,Understocked
BLR029,2025-07-16 17:00:00,monsoon,2,18,20,0.1,Understocked
BLR029,2025-07-16 18:00:00,monsoon,4,16,20,0.2,OK
BLR029,2025-07-16 19:00:00,monsoon,4,16,20,0.2,OK
BLR029,2025-07-16 20:00:00,monsoon,4,16,20,0.2,OK
BLR029,2025-07-16 21:00:00,monsoon,5,15,20,0.25,OK
BLR029,2025-07-16 22:00:00,monsoon,6,14,20,0.3,OK
BLR029,2025-07-16 23:00:00,monsoon,6,14,20,0.3,OK
BLR029,2025-07-17 00:00:00,monsoon,7,13,20,0.35,OK
BLR029,2025-07-17 01:00:00,monsoon,7,13,20,0.35,OK
BLR029,2025-07-17 02:00:00,monsoon,7,13,20,0.35,OK
BLR029,2025-07-17 03:00:00,monsoon,7,13,20,0.35,OK
BLR029,2025-07-17 04:00:00,monsoon,7,13,20,0.35,OK
BLR029,2025-07-17 05:00:00,monsoon,7,13,20,0.35,OK
BLR029,2025-07-17 06:00:00,monsoon,8,12,20,0.4,OK
BLR029,2025-07-17 07:00:00,monsoon,8,12,20,0.4,OK
BLR029,2025-07-17 08:00:00,monsoon,4,16,20,0.2,OK
BLR029,2025-07-17 09:00:00,monsoon,3,17,20,0.15,OK
BLR029,2025-07-17 10:00:00,monsoon,0,20,20,0.0,Understocked
BLR029,2025-07-17 11:00:00,monsoon,0,20,20,0.0,Understocked
BLR029,2025-07-17 12:00:00,monsoon,0,20,20,0.0,Understocked
BLR029,2025-07-17 13:00:00,monsoon,0,20,20,0.0,Understocked
BLR029,2025-07-17 14:00:00,monsoon,0,20,20,0.0,Understocked
BLR029,2025-07-17 15:00:00,monsoon,0,20,20,0.0,Understocked
BLR029,2025-07-17 16:00:00,monsoon,1,19,20,0.05,Understocked
BLR029,2025-07-17 17:00:00,monsoon,1,19,20,0.05,Understocked
BLR029,2025-07-17 18:00:00,monsoon,4,16,20,0.2,OK
BLR029,2025-07-17 19:00:00,monsoon,4,16,20,0.2,OK
BLR029,2025-07-17 20:00:00,monsoon,4,16,20,0.2,OK
BLR029,2025-07-17 21:00:00,monsoon,3,17,20,0.15,OK
BLR029,2025-07-17 22:00:00,monsoon,3,17,20,0.15,OK
BLR029,2025-07-17 23:00:00,monsoon,4,16,20,0.2,OK
BLR029,2025-07-18 00:00:00,monsoon,5,15,20,0.25,OK
BLR029,2025-07-18 01:00:00,monsoon,5,15,20,0.25,OK
BLR029,2025-07-18 02:00:00,monsoon,5,15,20,0.25,OK
BLR029,2025-07-18 03:00:00,monsoon,5,15,20,0.25,OK
BLR029,2025-07-18 04:00:00,monsoon,5,15,20,0.25,OK
BLR029,2025-07-18 05:00:00,monsoon,6,14,20,0.3,OK
BLR029,2025-07-18 06:00:00,monsoon,6,14,20,0.3,OK
BLR029,2025-07-18 07:00:00,monsoon,6,14,20,0.3,OK
BLR029,2025-07-18 08:00:00,monsoon,6,14,20,0.3,OK
BLR029,2025-07-18 09:00:00,monsoon,4,16,20,0.2,OK
BLR029,2025-07-18 10:00:00,monsoon,4,16,20,0.2,OK
BLR029,2025-07-18 11:00:00,monsoon,4,16,20,0.2,OK
BLR029,2025-07-18 12:00:00,monsoon,3,17,20,0.15,OK
BLR029,2025-07-18 13:00:00,monsoon,3,17,20,0.15,OK
BLR029,2025-07-18 14:00:00,monsoon,2,18,20,0.1,Understocked
BLR029,2025-07-18 15:00:00,monsoon,2,18,20,0.1,Understocked
BLR029,2025-07-18 16:00:00,monsoon,2,18,20,0.1,Understocked
BLR029,2025-07-18 17:00:00,monsoon,4,16,20,0.2,OK
BLR029,2025-07-18 18:00:00,monsoon,5,15,20,0.25,OK
BLR029,2025-07-18 19:00:00,monsoon,7,13,20,0.35,OK
BLR029,2025-07-18 20:00:00,monsoon,7,13,20,0.35,OK
BLR029,2025-07-18 21:00:00,monsoon,8,12,20,0.4,OK
BLR029,2025-07-18 22:00:00,monsoon,9,11,20,0.45,OK
BLR029,2025-07-18 23:00:00,monsoon,10,10,20,0.5,OK
BLR029,2025-07-19 00:00:00,monsoon,10,10,20,0.5,OK
BLR029,2025-07-19 01:00:00,monsoon,10,10,20,0.5,OK
BLR029,2025-07-19 02:00:00,monsoon,10,10,20,0.5,OK
BLR029,2025-07-19 03:00:00,monsoon,9,11,20,0.45,OK
BLR029,2025-07-19 04:00:00,monsoon,10,10,20,0.5,OK
BLR029,2025-07-19 05:00:00,monsoon,10,10,20,0.5,OK
BLR029,2025-07-19 06:00:00,monsoon,10,10,20,0.5,OK
BLR029,2025-07-19 07:00:00,monsoon,10,10,20,0.5,OK
BLR029,2025-07-19 08:00:00,monsoon,9,11,20,0.45,OK
BLR029,2025-07-19 09:00:00,monsoon,9,11,20,0.45,OK
BLR029,2025-07-19 10:00:00,monsoon,8,12,20,0.4,OK
BLR029,2025-07-19 11:00:00,monsoon,9,11,20,0.45,OK
BLR029,2025-07-19 12:00:00,monsoon,10,10,20,0.5,OK
BLR029,2025-07-19 13:00:00,monsoon,10,10,20,0.5,OK
BLR029,2025-07-19 14:00:00,monsoon,10,10,20,0.5,OK
BLR029,2025-07-19 15:00:00,monsoon,11,9,20,0.55,OK
BLR029,2025-07-19 16:00:00,monsoon,11,9,20,0.55,OK
BLR029,2025-07-19 17:00:00,monsoon,12,8,20,0.6,OK
BLR029,2025-07-19 18:00:00,monsoon,13,7,20,0.65,OK
BLR029,2025-07-19 19:00:00,monsoon,14,6,20,0.7,OK
BLR029,2025-07-19 20:00:00,monsoon,15,5,20,0.75,OK
BLR029,2025-07-19 21:00:00,monsoon,15,5,20,0.75,OK
BLR029,2025-07-19 22:00:00,monsoon,16,4,20,0.8,OK
BLR029,2025-07-19 23:00:00,monsoon,16,4,20,0.8,OK
BLR029,2025-07-20 00:00:00,monsoon,17,3,20,0.85,OK
BLR029,2025-07-20 01:00:00,monsoon,17,3,20,0.85,OK
BLR029,2025-07-20 02:00:00,monsoon,17,3,20,0.85,OK
BLR029,2025-07-20 03:00:00,monsoon,17,3,20,0.85,OK
BLR029,2025-07-20 04:00:00,monsoon,17,3,20,0.85,OK
BLR029,2025-07-20 05:00:00,monsoon,17,3,20,0.85,OK
BLR029,2025-07-20 06:00:00,monsoon,17,3,20,0.85,OK
BLR029,2025-07-20 07:00:00,monsoon,17,3,20,0.85,OK
BLR029,2025-07-20 08:00:00,monsoon,17,3,20,0.85,OK
BLR029,2025-07-20 09:00:00,monsoon,17,3,20,0.85,OK
BLR029,2025-07-20 10:00:00,monsoon,15,5,20,0.75,OK
BLR029,2025-07-20 11:00:00,monsoon,14,6,20,0.7,OK
BLR029,2025-07-20 12:00:00,monsoon,14,6,20,0.7,OK
BLR029,2025-07-20 13:00:00,monsoon,14,6,20,0.7,OK
BLR029,2025-07-20 14:00:00,monsoon,14,6,20,0.7,OK
BLR029,2025-07-20 15:00:00,monsoon,15,5,20,0.75,OK
BLR029,2025-07-20 16:00:00,monsoon,15,5,20,0.75,OK
BLR029,2025-07-20 17:00:00,monsoon,15,5,20,0.75,OK
BLR029,2025-07-20 18:00:00,monsoon,15,5,20,0.75,OK
BLR029,2025-07-20 19:00:00,monsoon,16,4,20,0.8,OK
BLR029,2025-07-20 20:00:00,monsoon,18,2,20,0.9,Overstocked
BLR029,2025-07-20 21:00:00,monsoon,19,1,20,0.95,Overstocked
BLR029,2025-07-20 22:00:00,monsoon,20,0,20,1.0,Overstocked
BLR029,2025-07-20 23:00:00,monsoon,20,0,20,1.0,Overstocked
BLR030,2025-07-14 00:00:00,monsoon,3,9,12,0.25,OK
BLR030,2025-07-14 01:00:00,monsoon,3,9,12,0.25,OK
BLR030,2025-07-14 02:00:00,monsoon,4,8,12,0.33,OK
BLR030,2025-07-14 03:00:00,monsoon,4,8,12,0.33,OK
BLR030,2025-07-14 04:00:00,monsoon,4,8,12,0.33,OK
BLR030,2025-07-14 05:00:00,monsoon,3,9,12,0.25,OK
BLR030,2025-07-14 06:00:00,monsoon,3,9,12,0.25,OK
BLR030,2025-07-14 07:00:00,monsoon,1,11,12,0.08,Understocked
BLR030,2025-07-14 08:00:00,monsoon,0,12,12,0.0,Understocked
BLR030,2025-07-14 09:00:00,monsoon,0,12,12,0.0,Understocked
BLR030,2025-07-14 10:00:00,monsoon,0,12,12,0.0,Understocked
BLR030,2025-07-14 11:00:00,monsoon,0,12,12,0.0,Understocked
BLR030,2025-07-14 12:00:00,monsoon,0,12,12,0.0,Understocked
BLR030,2025-07-14 13:00:00,monsoon,0,12,12,0.0,Understocked
BLR030,2025-07-14 14:00:00,monsoon,0,12,12,0.0,Understocked
BLR030,2025-07-14 15:00:00,monsoon,0,12,12,0.0,Understocked
BLR030,2025-07-14 16:00:00,monsoon,0,12,12,0.0,Understocked
BLR030,2025-07-14 17:00:00,monsoon,0,12,12,0.0,Understocked
BLR030,2025-07-14 18:00:00,monsoon,1,11,12,0.08,Understocked
BLR030,2025-07-14 19:00:00,monsoon,3,9,12,0.25,OK
BLR030,2025-07-14 20:00:00,monsoon,4,8,12,0.33,OK
BLR030,2025-07-14 21:00:00,monsoon,4,8,12,0.33,OK
BLR030,2025-07-14 22:00:00,monsoon,4,8,12,0.33,OK
BLR030,2025-07-14 23:00:00,monsoon,4,8,12,0.33,OK
BLR030,2025-07-15 00:00:00,monsoon,4,8,12,0.33,OK
BLR030,2025-07-15 01:00:00,monsoon,3,9,12,0.25,OK
BLR030,2025-07-15 02:00:00,monsoon,3,9,12,0.25,OK
BLR030,2025-07-15 03:00:00,monsoon,3,9,12,0.25,OK
BLR030,2025-07-15 04:00:00,monsoon,4,8,12,0.33,OK
BLR030,2025-07-15 05:00:00,monsoon,4,8,12,0.33,OK
BLR030,2025-07-15 06:00:00,monsoon,5,7,12,0.42,OK
BLR030,2025-07-15 07:00:00,monsoon,4,8,12,0.33,OK
BLR030,2025-07-15 08:00:00,monsoon,4,8,12,0.33,OK
BLR030,2025-07-15 09:00:00,monsoon,3,9,12,0.25,OK
BLR030,2025-07-15 10:00:00,monsoon,2,10,12,0.17,OK
BLR030,2025-07-15 11:00:00,monsoon,2,10,12,0.17,OK
BLR030,2025-07-15 12:00:00,monsoon,2,10,12,0.17,OK
BLR030,2025-07-15 13:00:00,monsoon,2,10,12,0.17,OK
BLR030,2025-07-15 14:00:00,monsoon,2,10,12,0.17,OK
BLR030,2025-07-15 15:00:00,monsoon,1,11,12,0.08,Understocked
BLR030,2025-07-15 16:00:00,monsoon,2,10,12,0.17,OK
BLR030,2025-07-15 17:00:00,monsoon,2,10,12,0.17,OK
BLR030,2025-07-15 18:00:00,monsoon,3,9,12,0.25,OK
BLR030,2025-07-15 19:00:00,monsoon,4,8,12,0.33,OK
BLR030,2025-07-15 20:00:00,monsoon,4,8,12,0.33,OK
BLR030,2025-07-15 21:00:00,monsoon,4,8,12,0.33,OK
BLR030,2025-07-15 22:00:00,monsoon,4,8,12,0.33,OK
BLR030,2025-07-15 23:00:00,monsoon,4,8,12,0.33,OK
BLR030,2025-07-16 00:00:00,monsoon,4,8,12,0.33,OK
BLR030,2025-07-16 01:00:00,monsoon,3,9,12,0.25,OK
BLR030,2025-07-16 02:00:00,monsoon,3,9,12,0.25,OK
BLR030,2025-07-16 03:00:00,monsoon,3,9,12,0.25,OK
BLR030,2025-07-16 04:00:00,monsoon,2,10,12,0.17,OK
BLR030,2025-07-16 05:00:00,monsoon,2,10,12,0.17,OK
BLR030,2025-07-16 06:00:00,monsoon,3,9,12,0.25,OK
BLR030,2025-07-16 07:00:00,monsoon,2,10,12,0.17,OK
BLR030,2025-07-16 08:00:00,monsoon,0,12,12,0.0,Understocked
BLR030,2025-07-16 09:00:00,monsoon,0,12,12,0.0,Understocked
BLR030,2025-07-16 10:00:00,monsoon,0,12,12,0.0,Understocked
BLR030,2025-07-16 11:00:00,monsoon,1,11,12,0.08,Understocked
BLR030,2025-07-16 12:00:00,monsoon,2,10,12,0.17,OK
BLR030,2025-07-16 13:00:00,monsoon,2,10,12,0.17,OK
BLR030,2025-07-16 14:00:00,monsoon,3,9,12,0.25,OK
BLR030,2025-07-16 15:00:00,monsoon,4,8,12,0.33,OK
BLR030,2025-07-16 16:00:00,monsoon,5,7,12,0.42,OK
BLR030,2025-07-16 17:00:00,monsoon,6,6,12,0.5,OK
BLR030,2025-07-16 18:00:00,monsoon,7,5,12,0.58,OK
BLR030,2025-07-16 19:00:00,monsoon,8,4,12,0.67,OK
BLR030,2025-07-16 20:00:00,monsoon,8,4,12,0.67,OK
BLR030,2025-07-16 21:00:00,monsoon,7,5,12,0.58,OK
BLR030,2025-07-16 22:00:00,monsoon,7,5,12,0.58,OK
BLR030,2025-07-16 23:00:00,monsoon,7,5,12,0.58,OK
BLR030,2025-07-17 00:00:00,monsoon,7,5,12,0.58,OK
BLR030,2025-07-17 01:00:00,monsoon,7,5,12,0.58,OK
BLR030,2025-07-17 02:00:00,monsoon,7,5,12,0.58,OK
BLR030,2025-07-17 03:00:00,monsoon,8,4,12,0.67,OK
BLR030,2025-07-17 04:00:00,monsoon,9,3,12,0.75,OK
BLR030,2025-07-17 05:00:00,monsoon,8,4,12,0.67,OK
BLR030,2025-07-17 06:00:00,monsoon,8,4,12,0.67,OK
BLR030,2025-07-17 07:00:00,monsoon,7,5,12,0.58,OK
BLR030,2025-07-17 08:00:00,monsoon,4,8,12,0.33,OK
BLR030,2025-07-17 09:00:00,monsoon,3,9,12,0.25,OK
BLR030,2025-07-17 10:00:00,monsoon,3,9,12,0.25,OK
BLR030,2025-07-17 11:00:00,monsoon,4,8,12,0.33,OK
BLR030,2025-07-17 12:00:00,monsoon,5,7,12,0.42,OK
BLR030,2025-07-17 13:00:00,monsoon,5,7,12,0.42,OK
BLR030,2025-07-17 14:00:00,monsoon,6,6,12,0.5,OK
BLR030,2025-07-17 15:00:00,monsoon,6,6,12,0.5,OK
BLR030,2025-07-17 16:00:00,monsoon,5,7,12,0.42,OK
BLR030,2025-07-17 17:00:00,monsoon,8,4,12,0.67,OK
BLR030,2025-07-17 18:00:00,monsoon,9,3,12,0.75,OK
BLR030,2025-07-17 19:00:00,monsoon,11,1,12,0.92,Overstocked
BLR030,2025-07-17 20:00:00,monsoon,12,0,12,1.0,Overstocked
BLR030,2025-07-17 21:00:00,monsoon,12,0,12,1.0,Overstocked
BLR030,2025-07-17 22:00:00,monsoon,12,0,12,1.0,Overstocked
BLR030,2025-07-17 23:00:00,monsoon,12,0,12,1.0,Overstocked
BLR030,2025-07-18 00:00:00,monsoon,12,0,12,1.0,Overstocked
BLR030,2025-07-18 01:00:00,monsoon,11,1,12,0.92,Overstocked
BLR030,2025-07-18 02:00:00,monsoon,10,2,12,0.83,OK
BLR030,2025-07-18 03:00:00,monsoon,10,2,12,0.83,OK
BLR030,2025-07-18 04:00:00,monsoon,10,2,12,0.83,OK
BLR030,2025-07-18 05:00:00,monsoon,10,2,12,0.83,OK
BLR030,2025-07-18 06:00:00,monsoon,10,2,12,0.83,OK
BLR030,2025-07-18 07:00:00,monsoon,10,2,12,0.83,OK
BLR030,2025-07-18 08:00:00,monsoon,8,4,12,0.67,OK
BLR030,2025-07-18 09:00:00,monsoon,6,6,12,0.5,OK
BLR030,2025-07-18 10:00:00,monsoon,6,6,12,0.5,OK
BLR030,2025-07-18 11:00:00,monsoon,6,6,12,0.5,OK
BLR030,2025-07-18 12:00:00,monsoon,5,7,12,0.42,OK
BLR030,2025-07-18 13:00:00,monsoon,6,6,12,0.5,OK
BLR030,2025-07-18 14:00:00,monsoon,6,6,12,0.5,OK
BLR030,2025-07-18 15:00:00,monsoon,6,6,12,0.5,OK
BLR030,2025-07-18 16:00:00,monsoon,6,6,12,0.5,OK
BLR030,2025-07-18 17:00:00,monsoon,6,6,12,0.5,OK
BLR030,2025-07-18 18:00:00,monsoon,6,6,12,0.5,OK
BLR030,2025-07-18 19:00:00,monsoon,11,1,12,0.92,Overstocked
BLR030,2025-07-18 20:00:00,monsoon,12,0,12,1.0,Overstocked
BLR030,2025-07-18 21:00:00,monsoon,12,0,12,1.0,Overstocked
BLR030,2025-07-18 22:00:00,monsoon,12,0,12,1.0,Overstocked
BLR030,2025-07-18 23:00:00,monsoon,12,0,12,1.0,Overstocked
BLR030,2025-07-19 00:00:00,monsoon,11,1,12,0.92,Overstocked
BLR030,2025-07-19 01:00:00,monsoon,11,1,12,0.92,Overstocked
BLR030,2025-07-19 02:00:00,monsoon,11,1,12,0.92,Overstocked
BLR030,2025-07-19 03:00:00,monsoon,10,2,12,0.83,OK
BLR030,2025-07-19 04:00:00,monsoon,10,2,12,0.83,OK
BLR030,2025-07-19 05:00:00,monsoon,10,2,12,0.83,OK
BLR030,2025-07-19 06:00:00,monsoon,10,2,12,0.83,OK
BLR030,2025-07-19 07:00:00,monsoon,9,3,12,0.75,OK
BLR030,2025-07-19 08:00:00,monsoon,8,4,12,0.67,OK
BLR030,2025-07-19 09:00:00,monsoon,8,4,12,0.67,OK
BLR030,2025-07-19 10:00:00,monsoon,8,4,12,0.67,OK
BLR030,2025-07-19 11:00:00,monsoon,8,4,12,0.67,OK
BLR030,2025-07-19 12:00:00,monsoon,8,4,12,0.67,OK
BLR030,2025-07-19 13:00:00,monsoon,8,4,12,0.67,OK
BLR030,2025-07-19 14:00:00,monsoon,8,4,12,0.67,OK
BLR030,2025-07-19 15:00:00,monsoon,8,4,12,0.67,OK
BLR030,2025-07-19 16:00:00,monsoon,8,4,12,0.67,OK
BLR030,2025-07-19 17:00:00,monsoon,8,4,12,0.67,OK
BLR030,2025-07-19 18:00:00,monsoon,11,1,12,0.92,Overstocked
BLR030,2025-07-19 19:00:00,monsoon,11,1,12,0.92,Overstocked
BLR030,2025-07-19 20:00:00,monsoon,12,0,12,1.0,Overstocked
BLR030,2025-07-19 21:00:00,monsoon,11,1,12,0.92,Overstocked
BLR030,2025-07-19 22:00:00,monsoon,12,0,12,1.0,Overstocked
BLR030,2025-07-19 23:00:00,monsoon,12,0,12,1.0,Overstocked
BLR030,2025-07-20 00:00:00,monsoon,12,0,12,1.0,Overstocked
BLR030,2025-07-20 01:00:00,monsoon,11,1,12,0.92,Overstocked
BLR030,2025-07-20 02:00:00,monsoon,11,1,12,0.92,Overstocked
BLR030,2025-07-20 03:00:00,monsoon,11,1,12,0.92,Overstocked
BLR030,2025-07-20 04:00:00,monsoon,11,1,12,0.92,Overstocked
BLR030,2025-07-20 05:00:00,monsoon,12,0,12,1.0,Overstocked
BLR030,2025-07-20 06:00:00,monsoon,11,1,12,0.92,Overstocked
BLR030,2025-07-20 07:00:00,monsoon,11,1,12,0.92,Overstocked
BLR030,2025-07-20 08:00:00,monsoon,11,1,12,0.92,Overstocked
BLR030,2025-07-20 09:00:00,monsoon,9,3,12,0.75,OK
BLR030,2025-07-20 10:00:00,monsoon,8,4,12,0.67,OK
BLR030,2025-07-20 11:00:00,monsoon,8,4,12,0.67,OK
BLR030,2025-07-20 12:00:00,monsoon,9,3,12,0.75,OK
BLR030,2025-07-20 13:00:00,monsoon,9,3,12,0.75,OK
BLR030,2025-07-20 14:00:00,monsoon,9,3,12,0.75,OK
BLR030,2025-07-20 15:00:00,monsoon,8,4,12,0.67,OK
BLR030,2025-07-20 16:00:00,monsoon,9,3,12,0.75,OK
BLR030,2025-07-20 17:00:00,monsoon,10,2,12,0.83,OK
BLR030,2025-07-20 18:00:00,monsoon,12,0,12,1.0,Overstocked
BLR030,2025-07-20 19:00:00,monsoon,12,0,12,1.0,Overstocked
BLR030,2025-07-20 20:00:00,monsoon,12,0,12,1.0,Overstocked
BLR030,2025-07-20 21:00:00,monsoon,12,0,12,1.0,Overstocked
BLR030,2025-07-20 22:00:00,monsoon,12,0,12,1.0,Overstocked
BLR030,2025-07-20 23:00:00,monsoon,12,0,12,1.0,Overstocked
BLR031,2025-07-14 00:00:00,monsoon,14,6,20,0.7,OK
BLR031,2025-07-14 01:00:00,monsoon,15,5,20,0.75,OK
BLR031,2025-07-14 02:00:00,monsoon,15,5,20,0.75,OK
BLR031,2025-07-14 03:00:00,monsoon,16,4,20,0.8,OK
BLR031,2025-07-14 04:00:00,monsoon,16,4,20,0.8,OK
BLR031,2025-07-14 05:00:00,monsoon,16,4,20,0.8,OK
BLR031,2025-07-14 06:00:00,monsoon,16,4,20,0.8,OK
BLR031,2025-07-14 07:00:00,monsoon,16,4,20,0.8,OK
BLR031,2025-07-14 08:00:00,monsoon,12,8,20,0.6,OK
BLR031,2025-07-14 09:00:00,monsoon,11,9,20,0.55,OK
BLR031,2025-07-14 10:00:00,monsoon,11,9,20,0.55,OK
BLR031,2025-07-14 11:00:00,monsoon,11,9,20,0.55,OK
BLR031,2025-07-14 12:00:00,monsoon,12,8,20,0.6,OK
BLR031,2025-07-14 13:00:00,monsoon,11,9,20,0.55,OK
BLR031,2025-07-14 14:00:00,monsoon,11,9,20,0.55,OK
BLR031,2025-07-14 15:00:00,monsoon,11,9,20,0.55,OK
BLR031,2025-07-14 16:00:00,monsoon,10,10,20,0.5,OK
BLR031,2025-07-14 17:00:00,monsoon,10,10,20,0.5,OK
BLR031,2025-07-14 18:00:00,monsoon,11,9,20,0.55,OK
BLR031,2025-07-14 19:00:00,monsoon,13,7,20,0.65,OK
BLR031,2025-07-14 20:00:00,monsoon,14,6,20,0.7,OK
BLR031,2025-07-14 21:00:00,monsoon,13,7,20,0.65,OK
BLR031,2025-07-14 22:00:00,monsoon,12,8,20,0.6,OK
BLR031,2025-07-14 23:00:00,monsoon,12,8,20,0.6,OK
BLR031,2025-07-15 00:00:00,monsoon,12,8,20,0.6,OK
BLR031,2025-07-15 01:00:00,monsoon,13,7,20,0.65,OK
BLR031,2025-07-15 02:00:00,monsoon,13,7,20,0.65,OK
BLR031,2025-07-15 03:00:00,monsoon,13,7,20,0.65,OK
BLR031,2025-07-15 04:00:00,monsoon,13,7,20,0.65,OK
BLR031,2025-07-15 05:00:00,monsoon,13,7,20,0.65,OK
BLR031,2025-07-15 06:00:00,monsoon,12,8,20,0.6,OK
BLR031,2025-07-15 07:00:00,monsoon,12,8,20,0.6,OK
BLR031,2025-07-15 08:00:00,monsoon,12,8,20,0.6,OK
BLR031,2025-07-15 09:00:00,monsoon,12,8,20,0.6,OK
BLR031,2025-07-15 10:00:00,monsoon,12,8,20,0.6,OK
BLR031,2025-07-15 11:00:00,monsoon,12,8,20,0.6,OK
BLR031,2025-07-15 12:00:00,monsoon,13,7,20,0.65,OK
BLR031,2025-07-15 13:00:00,monsoon,13,7,20,0.65,OK
BLR031,2025-07-15 14:00:00,monsoon,14,6,20,0.7,OK
BLR031,2025-07-15 15:00:00,monsoon,14,6,20,0.7,OK
BLR031,2025-07-15 16:00:00,monsoon,13,7,20,0.65,OK
BLR031,2025-07-15 17:00:00,monsoon,14,6,20,0.7,OK
BLR031,2025-07-15 18:00:00,monsoon,14,6,20,0.7,OK
BLR031,2025-07-15 19:00:00,monsoon,14,6,20,0.7,OK
BLR031,2025-07-15 20:00:00,monsoon,15,5,20,0.75,OK
BLR031,2025-07-15 21:00:00,monsoon,16,4,20,0.8,OK
BLR031,2025-07-15 22:00:00,monsoon,16,4,20,0.8,OK
BLR031,2025-07-15 23:00:00,monsoon,16,4,20,0.8,OK
BLR031,2025-07-16 00:00:00,monsoon,16,4,20,0.8,OK
BLR031,2025-07-16 01:00:00,monsoon,16,4,20,0.8,OK
BLR031,2025-07-16 02:00:00,monsoon,16,4,20,0.8,OK
BLR031,2025-07-16 03:00:00,monsoon,15,5,20,0.75,OK
BLR031,2025-07-16 04:00:00,monsoon,15,5,20,0.75,OK
BLR031,2025-07-16 05:00:00,monsoon,16,4,20,0.8,OK
BLR031,2025-07-16 06:00:00,monsoon,16,4,20,0.8,OK
BLR031,2025-07-16 07:00:00,monsoon,14,6,20,0.7,OK
BLR031,2025-07-16 08:00:00,monsoon,13,7,20,0.65,OK
BLR031,2025-07-16 09:00:00,monsoon,13,7,20,0.65,OK
BLR031,2025-07-16 10:00:00,monsoon,12,8,20,0.6,OK
BLR031,2025-07-16 11:00:00,monsoon,13,7,20,0.65,OK
BLR031,2025-07-16 12:00:00,monsoon,12,8,20,0.6,OK
BLR031,2025-07-16 13:00:00,monsoon,12,8,20,0.6,OK
BLR031,2025-07-16 14:00:00,monsoon,13,7,20,0.65,OK
BLR031,2025-07-16 15:00:00,monsoon,12,8,20,0.6,OK
BLR031,2025-07-16 16:00:00,monsoon,12,8,20,0.6,OK
BLR031,2025-07-16 17:00:00,monsoon,12,8,20,0.6,OK
BLR031,2025-07-16 18:00:00,monsoon,13,7,20,0.65,OK
BLR031,2025-07-16 19:00:00,monsoon,13,7,20,0.65,OK
BLR031,2025-07-16 20:00:00,monsoon,18,2,20,0.9,Overstocked
BLR031,2025-07-16 21:00:00,monsoon,18,2,20,0.9,Overstocked
BLR031,2025-07-16 22:00:00,monsoon,19,1,20,0.95,Overstocked
BLR031,2025-07-16 23:00:00,monsoon,19,1,20,0.95,Overstocked
BLR031,2025-07-17 00:00:00,monsoon,19,1,20,0.95,Overstocked
BLR031,2025-07-17 01:00:00,monsoon,19,1,20,0.95,Overstocked
BLR031,2025-07-17 02:00:00,monsoon,19,1,20,0.95,Overstocked
BLR031,2025-07-17 03:00:00,monsoon,19,1,20,0.95,Overstocked
BLR031,2025-07-17 04:00:00,monsoon,19,1,20,0.95,Overstocked
BLR031,2025-07-17 05:00:00,monsoon,18,2,20,0.9,Overstocked
BLR031,2025-07-17 06:00:00,monsoon,18,2,20,0.9,Overstocked
BLR031,2025-07-17 07:00:00,monsoon,13,7,20,0.65,OK
BLR031,2025-07-17 08:00:00,monsoon,9,11,20,0.45,OK
BLR031,2025-07-17 09:00:00,monsoon,9,11,20,0.45,OK
BLR031,2025-07-17 10:00:00,monsoon,8,12,20,0.4,OK
BLR031,2025-07-17 11:00:00,monsoon,8,12,20,0.4,OK
BLR031,2025-07-17 12:00:00,monsoon,8,12,20,0.4,OK
BLR031,2025-07-17 13:00:00,monsoon,9,11,20,0.45,OK
BLR031,2025-07-17 14:00:00,monsoon,8,12,20,0.4,OK
BLR031,2025-07-17 15:00:00,monsoon,8,12,20,0.4,OK
BLR031,2025-07-17 16:00:00,monsoon,9,11,20,0.45,OK
BLR031,2025-07-17 17:00:00,monsoon,12,8,20,0.6,OK
BLR031,2025-07-17 18:00:00,monsoon,12,8,20,0.6,OK
BLR031,2025-07-17 19:00:00,monsoon,15,5,20,0.75,OK
BLR031,2025-07-17 20:00:00,monsoon,15,5,20,0.75,OK
BLR031,2025-07-17 21:00:00,monsoon,16,4,20,0.8,OK
BLR031,2025-07-17 22:00:00,monsoon,16,4,20,0.8,OK
BLR031,2025-07-17 23:00:00,monsoon,17,3,20,0.85,OK
BLR031,2025-07-18 00:00:00,monsoon,17,3,20,0.85,OK
BLR031,2025-07-18 01:00:00,monsoon,17,3,20,0.85,OK
BLR031,2025-07-18 02:00:00,monsoon,16,4,20,0.8,OK
BLR031,2025-07-18 03:00:00,monsoon,17,3,20,0.85,OK
BLR031,2025-07-18 04:00:00,monsoon,16,4,20,0.8,OK
BLR031,2025-07-18 05:00:00,monsoon,16,4,20,0.8,OK
BLR031,2025-07-18 06:00:00,monsoon,16,4,20,0.8,OK
BLR031,2025-07-18 07:00:00,monsoon,14,6,20,0.7,OK
BLR031,2025-07-18 08:00:00,monsoon,10,10,20,0.5,OK
BLR031,2025-07-18 09:00:00,monsoon,9,11,20,0.45,OK
BLR031,2025-07-18 10:00:00,monsoon,6,14,20,0.3,OK
BLR031,2025-07-18 11:00:00,monsoon,6,14,20,0.3,OK
BLR031,2025-07-18 12:00:00,monsoon,5,15,20,0.25,OK
BLR031,2025-07-18 13:00:00,monsoon,6,14,20,0.3,OK
BLR031,2025-07-18 14:00:00,monsoon,5,15,20,0.25,OK
BLR031,2025-07-18 15:00:00,monsoon,5,15,20,0.25,OK
BLR031,2025-07-18 16:00:00,monsoon,5,15,20,0.25,OK
BLR031,2025-07-18 17:00:00,monsoon,5,15,20,0.25,OK
BLR031,2025-07-18 18:00:00,monsoon,8,12,20,0.4,OK
BLR031,2025-07-18 19:00:00,monsoon,9,11,20,0.45,OK
BLR031,2025-07-18 20:00:00,monsoon,10,10,20,0.5,OK
BLR031,2025-07-18 21:00:00,monsoon,9,11,20,0.45,OK
BLR031,2025-07-18 22:00:00,monsoon,9,11,20,0.45,OK
BLR031,2025-07-18 23:00:00,monsoon,9,11,20,0.45,OK
BLR031,2025-07-19 00:00:00,monsoon,8,12,20,0.4,OK
BLR031,2025-07-19 01:00:00,monsoon,9,11,20,0.45,OK
BLR031,2025-07-19 02:00:00,monsoon,9,11,20,0.45,OK
BLR031,2025-07-19 03:00:00,monsoon,9,11,20,0.45,OK
BLR031,2025-07-19 04:00:00,monsoon,10,10,20,0.5,OK
BLR031,2025-07-19 05:00:00,monsoon,11,9,20,0.55,OK
BLR031,2025-07-19 06:00:00,monsoon,10,10,20,0.5,OK
BLR031,2025-07-19 07:00:00,monsoon,10,10,20,0.5,OK
BLR031,2025-07-19 08:00:00,monsoon,8,12,20,0.4,OK
BLR031,2025-07-19 09:00:00,monsoon,8,12,20,0.4,OK
BLR031,2025-07-19 10:00:00,monsoon,8,12,20,0.4,OK
BLR031,2025-07-19 11:00:00,monsoon,9,11,20,0.45,OK
BLR031,2025-07-19 12:00:00,monsoon,9,11,20,0.45,OK
BLR031,2025-07-19 13:00:00,monsoon,9,11,20,0.45,OK
BLR031,2025-07-19 14:00:00,monsoon,9,11,20,0.45,OK
BLR031,2025-07-19 15:00:00,monsoon,8,12,20,0.4,OK
BLR031,2025-07-19 16:00:00,monsoon,7,13,20,0.35,OK
BLR031,2025-07-19 17:00:00,monsoon,12,8,20,0.6,OK
BLR031,2025-07-19 18:00:00,monsoon,13,7,20,0.65,OK
BLR031,2025-07-19 19:00:00,monsoon,16,4,20,0.8,OK
BLR031,2025-07-19 20:00:00,monsoon,16,4,20,0.8,OK
BLR031,2025-07-19 21:00:00,monsoon,15,5,20,0.75,OK
BLR031,2025-07-19 22:00:00,monsoon,15,5,20,0.75,OK
BLR031,2025-07-19 23:00:00,monsoon,15,5,20,0.75,OK
BLR031,2025-07-20 00:00:00,monsoon,16,4,20,0.8,OK
BLR031,2025-07-20 01:00:00,monsoon,16,4,20,0.8,OK
BLR031,2025-07-20 02:00:00,monsoon,16,4,20,0.8,OK
BLR031,2025-07-20 03:00:00,monsoon,16,4,20,0.8,OK
BLR031,2025-07-20 04:00:00,monsoon,16,4,20,0.8,OK
BLR031,2025-07-20 05:00:00,monsoon,17,3,20,0.85,OK
BLR031,2025-07-20 06:00:00,monsoon,16,4,20,0.8,OK
BLR031,2025-07-20 07:00:00,monsoon,16,4,20,0.8,OK
BLR031,2025-07-20 08:00:00,monsoon,14,6,20,0.7,OK
BLR031,2025-07-20 09:00:00,monsoon,14,6,20,0.7,OK
BLR031,2025-07-20 10:00:00,monsoon,12,8,20,0.6,OK
BLR031,2025-07-20 11:00:00,monsoon,12,8,20,0.6,OK
BLR031,2025-07-20 12:00:00,monsoon,11,9,20,0.55,OK
BLR031,2025-07-20 13:00:00,monsoon,10,10,20,0.5,OK
BLR031,2025-07-20 14:00:00,monsoon,10,10,20,0.5,OK
BLR031,2025-07-20 15:00:00,monsoon,11,9,20,0.55,OK
BLR031,2025-07-20 16:00:00,monsoon,12,8,20,0.6,OK
BLR031,2025-07-20 17:00:00,monsoon,16,4,20,0.8,OK
BLR031,2025-07-20 18:00:00,monsoon,18,2,20,0.9,Overstocked
BLR031,2025-07-20 19:00:00,monsoon,18,2,20,0.9,Overstocked
BLR031,2025-07-20 20:00:00,monsoon,20,0,20,1.0,Overstocked
BLR031,2025-07-20 21:00:00,monsoon,19,1,20,0.95,Overstocked
BLR031,2025-07-20 22:00:00,monsoon,19,1,20,0.95,Overstocked
BLR031,2025-07-20 23:00:00,monsoon,19,1,20,0.95,Overstocked
BLR032,2025-07-14 00:00:00,monsoon,10,14,24,0.42,OK
BLR032,2025-07-14 01:00:00,monsoon,10,14,24,0.42,OK
BLR032,2025-07-14 02:00:00,monsoon,11,13,24,0.46,OK
BLR032,2025-07-14 03:00:00,monsoon,11,13,24,0.46,OK
BLR032,2025-07-14 04:00:00,monsoon,12,12,24,0.5,OK
BLR032,2025-07-14 05:00:00,monsoon,13,11,24,0.54,OK
BLR032,2025-07-14 06:00:00,monsoon,14,10,24,0.58,OK
BLR032,2025-07-14 07:00:00,monsoon,11,13,24,0.46,OK
BLR032,2025-07-14 08:00:00,monsoon,11,13,24,0.46,OK
BLR032,2025-07-14 09:00:00,monsoon,10,14,24,0.42,OK
BLR032,2025-07-14 10:00:00,monsoon,10,14,24,0.42,OK
BLR032,2025-07-14 11:00:00,monsoon,11,13,24,0.46,OK
BLR032,2025-07-14 12:00:00,monsoon,11,13,24,0.46,OK
BLR032,2025-07-14 13:00:00,monsoon,11,13,24,0.46,OK
BLR032,2025-07-14 14:00:00,monsoon,11,13,24,0.46,OK
BLR032,2025-07-14 15:00:00,monsoon,11,13,24,0.46,OK
BLR032,2025-07-14 16:00:00,monsoon,12,12,24,0.5,OK
BLR032,2025-07-14 17:00:00,monsoon,13,11,24,0.54,OK
BLR032,2025-07-14 18:00:00,monsoon,13,11,24,0.54,OK
BLR032,2025-07-14 19:00:00,monsoon,13,11,24,0.54,OK
BLR032,2025-07-14 20:00:00,monsoon,15,9,24,0.62,OK
BLR032,2025-07-14 21:00:00,monsoon,15,9,24,0.62,OK
BLR032,2025-07-14 22:00:00,monsoon,15,9,24,0.62,OK
BLR032,2025-07-14 23:00:00,monsoon,14,10,24,0.58,OK
BLR032,2025-07-15 00:00:00,monsoon,15,9,24,0.62,OK
BLR032,2025-07-15 01:00:00,monsoon,15,9,24,0.62,OK
BLR032,2025-07-15 02:00:00,monsoon,15,9,24,0.62,OK
BLR032,2025-07-15 03:00:00,monsoon,15,9,24,0.62,OK
BLR032,2025-07-15 04:00:00,monsoon,15,9,24,0.62,OK
BLR032,2025-07-15 05:00:00,monsoon,15,9,24,0.62,OK
BLR032,2025-07-15 06:00:00,monsoon,16,8,24,0.67,OK
BLR032,2025-07-15 07:00:00,monsoon,12,12,24,0.5,OK
BLR032,2025-07-15 08:00:00,monsoon,9,15,24,0.38,OK
BLR032,2025-07-15 09:00:00,monsoon,7,17,24,0.29,OK
BLR032,2025-07-15 10:00:00,monsoon,7,17,24,0.29,OK
BLR032,2025-07-15 11:00:00,monsoon,7,17,24,0.29,OK
BLR032,2025-07-15 12:00:00,monsoon,7,17,24,0.29,OK
BLR032,2025-07-15 13:00:00,monsoon,8,16,24,0.33,OK
BLR032,2025-07-15 14:00:00,monsoon,8,16,24,0.33,OK
BLR032,2025-07-15 15:00:00,monsoon,7,17,24,0.29,OK
BLR032,2025-07-15 16:00:00,monsoon,7,17,24,0.29,OK
BLR032,2025-07-15 17:00:00,monsoon,7,17,24,0.29,OK
BLR032,2025-07-15 18:00:00,monsoon,8,16,24,0.33,OK
BLR032,2025-07-15 19:00:00,monsoon,8,16,24,0.33,OK
BLR032,2025-07-15 20:00:00,monsoon,10,14,24,0.42,OK
BLR032,2025-07-15 21:00:00,monsoon,10,14,24,0.42,OK
BLR032,2025-07-15 22:00:00,monsoon,10,14,24,0.42,OK
BLR032,2025-07-15 23:00:00,monsoon,10,14,24,0.42,OK
BLR032,2025-07-16 00:00:00,monsoon,10,14,24,0.42,OK
BLR032,2025-07-16 01:00:00,monsoon,10,14,24,0.42,OK
BLR032,2025-07-16 02:00:00,monsoon,10,14,24,0.42,OK
BLR032,2025-07-16 03:00:00,monsoon,10,14,24,0.42,OK
BLR032,2025-07-16 04:00:00,monsoon,9,15,24,0.38,OK
BLR032,2025-07-16 05:00:00,monsoon,10,14,24,0.42,OK
BLR032,2025-07-16 06:00:00,monsoon,10,14,24,0.42,OK
BLR032,2025-07-16 07:00:00,monsoon,10,14,24,0.42,OK
BLR032,2025-07-16 08:00:00,monsoon,9,15,24,0.38,OK
BLR032,2025-07-16 09:00:00,monsoon,8,16,24,0.33,OK
BLR032,2025-07-16 10:00:00,monsoon,6,18,24,0.25,OK
BLR032,2025-07-16 11:00:00,monsoon,5,19,24,0.21,OK
BLR032,2025-07-16 12:00:00,monsoon,5,19,24,0.21,OK
BLR032,2025-07-16 13:00:00,monsoon,5,19,24,0.21,OK
BLR032,2025-07-16 14:00:00,monsoon,5,19,24,0.21,OK
BLR032,2025-07-16 15:00:00,monsoon,4,20,24,0.17,OK
BLR032,2025-07-16 16:00:00,monsoon,4,20,24,0.17,OK
BLR032,2025-07-16 17:00:00,monsoon,5,19,24,0.21,OK
BLR032,2025-07-16 18:00:00,monsoon,8,16,24,0.33,OK
BLR032,2025-07-16 19:00:00,monsoon,9,15,24,0.38,OK
BLR032,2025-07-16 20:00:00,monsoon,10,14,24,0.42,OK
BLR032,2025-07-16 21:00:00,monsoon,11,13,24,0.46,OK
BLR032,2025-07-16 22:00:00,monsoon,11,13,24,0.46,OK
BLR032,2025-07-16 23:00:00,monsoon,12,12,24,0.5,OK
BLR032,2025-07-17 00:00:00,monsoon,12,12,24,0.5,OK
BLR032,2025-07-17 01:00:00,monsoon,12,12,24,0.5,OK
BLR032,2025-07-17 02:00:00,monsoon,12,12,24,0.5,OK
BLR032,2025-07-17 03:00:00,monsoon,11,13,24,0.46,OK
BLR032,2025-07-17 04:00:00,monsoon,11,13,24,0.46,OK
BLR032,2025-07-17 05:00:00,monsoon,11,13,24,0.46,OK
BLR032,2025-07-17 06:00:00,monsoon,11,13,24,0.46,OK
BLR032,2025-07-17 07:00:00,monsoon,8,16,24,0.33,OK
BLR032,2025-07-17 08:00:00,monsoon,6,18,24,0.25,OK
BLR032,2025-07-17 09:00:00,monsoon,6,18,24,0.25,OK
BLR032,2025-07-17 10:00:00,monsoon,5,19,24,0.21,OK
BLR032,2025-07-17 11:00:00,monsoon,6,18,24,0.25,OK
BLR032,2025-07-17 12:00:00,monsoon,5,19,24,0.21,OK
BLR032,2025-07-17 13:00:00,monsoon,5,19,24,0.21,OK
BLR032,2025-07-17 14:00:00,monsoon,5,19,24,0.21,OK
BLR032,2025-07-17 15:00:00,monsoon,4,20,24,0.17,OK
BLR032,2025-07-17 16:00:00,monsoon,4,20,24,0.17,OK
BLR032,2025-07-17 17:00:00,monsoon,5,19,24,0.21,OK
BLR032,2025-07-17 18:00:00,monsoon,6,18,24,0.25,OK
BLR032,2025-07-17 19:00:00,monsoon,7,17,24,0.29,OK
BLR032,2025-07-17 20:00:00,monsoon,8,16,24,0.33,OK
BLR032,2025-07-17 21:00:00,monsoon,9,15,24,0.38,OK
BLR032,2025-07-17 22:00:00,monsoon,9,15,24,0.38,OK
BLR032,2025-07-17 23:00:00,monsoon,9,15,24,0.38,OK
BLR032,2025-07-18 00:00:00,monsoon,9,15,24,0.38,OK
BLR032,2025-07-18 01:00:00,monsoon,9,15,24,0.38,OK
BLR032,2025-07-18 02:00:00,monsoon,9,15,24,0.38,OK
BLR032,2025-07-18 03:00:00,monsoon,9,15,24,0.38,OK
BLR032,2025-07-18 04:00:00,monsoon,9,15,24,0.38,OK
BLR032,2025-07-18 05:00:00,monsoon,9,15,24,0.38,OK
BLR032,2025-07-18 06:00:00,monsoon,9,15,24,0.38,OK
BLR032,2025-07-18 07:00:00,monsoon,8,16,24,0.33,OK
BLR032,2025-07-18 08:00:00,monsoon,3,21,24,0.12,OK
BLR032,2025-07-18 09:00:00,monsoon,0,24,24,0.0,Understocked
BLR032,2025-07-18 10:00:00,monsoon,0,24,24,0.0,Understocked
BLR032,2025-07-18 11:00:00,monsoon,0,24,24,0.0,Understocked
BLR032,2025-07-18 12:00:00,monsoon,1,23,24,0.04,Understocked
BLR032,2025-07-18 13:00:00,monsoon,0,24,24,0.0,Understocked
BLR032,2025-07-18 14:00:00,monsoon,0,24,24,0.0,Understocked
BLR032,2025-07-18 15:00:00,monsoon,0,24,24,0.0,Understocked
BLR032,2025-07-18 16:00:00,monsoon,1,23,24,0.04,Understocked
BLR032,2025-07-18 17:00:00,monsoon,2,22,24,0.08,Understocked
BLR032,2025-07-18 18:00:00,monsoon,3,21,24,0.12,OK
BLR032,2025-07-18 19:00:00,monsoon,3,21,24,0.12,OK
BLR032,2025-07-18 20:00:00,monsoon,3,21,24,0.12,OK
BLR032,2025-07-18 21:00:00,monsoon,3,21,24,0.12,OK
BLR032,2025-07-18 22:00:00,monsoon,3,21,24,0.12,OK
BLR032,2025-07-18 23:00:00,monsoon,3,21,24,0.12,OK
BLR032,2025-07-19 00:00:00,monsoon,3,21,24,0.12,OK
BLR032,2025-07-19 01:00:00,monsoon,3,21,24,0.12,OK
BLR032,2025-07-19 02:00:00,monsoon,4,20,24,0.17,OK
BLR032,2025-07-19 03:00:00,monsoon,5,19,24,0.21,OK
BLR032,2025-07-19 04:00:00,monsoon,5,19,24,0.21,OK
BLR032,2025-07-19 05:00:00,monsoon,6,18,24,0.25,OK
BLR032,2025-07-19 06:00:00,monsoon,6,18,24,0.25,OK
BLR032,2025-07-19 07:00:00,monsoon,6,18,24,0.25,OK
BLR032,2025-07-19 08:00:00,monsoon,6,18,24,0.25,OK
BLR032,2025-07-19 09:00:00,monsoon,6,18,24,0.25,OK
BLR032,2025-07-19 10:00:00,monsoon,5,19,24,0.21,OK
BLR032,2025-07-19 11:00:00,monsoon,5,19,24,0.21,OK
BLR032,2025-07-19 12:00:00,monsoon,5,19,24,0.21,OK
BLR032,2025-07-19 13:00:00,monsoon,5,19,24,0.21,OK
BLR032,2025-07-19 14:00:00,monsoon,5,19,24,0.21,OK
BLR032,2025-07-19 15:00:00,monsoon,5,19,24,0.21,OK
BLR032,2025-07-19 16:00:00,monsoon,5,19,24,0.21,OK
BLR032,2025-07-19 17:00:00,monsoon,5,19,24,0.21,OK
BLR032,2025-07-19 18:00:00,monsoon,6,18,24,0.25,OK
BLR032,2025-07-19 19:00:00,monsoon,7,17,24,0.29,OK
BLR032,2025-07-19 20:00:00,monsoon,7,17,24,0.29,OK
BLR032,2025-07-19 21:00:00,monsoon,7,17,24,0.29,OK
BLR032,2025-07-19 22:00:00,monsoon,7,17,24,0.29,OK
BLR032,2025-07-19 23:00:00,monsoon,8,16,24,0.33,OK
BLR032,2025-07-20 00:00:00,monsoon,7,17,24,0.29,OK
BLR032,2025-07-20 01:00:00,monsoon,7,17,24,0.29,OK
BLR032,2025-07-20 02:00:00,monsoon,7,17,24,0.29,OK
BLR032,2025-07-20 03:00:00,monsoon,7,17,24,0.29,OK
BLR032,2025-07-20 04:00:00,monsoon,7,17,24,0.29,OK
BLR032,2025-07-20 05:00:00,monsoon,7,17,24,0.29,OK
BLR032,2025-07-20 06:00:00,monsoon,7,17,24,0.29,OK
BLR032,2025-07-20 07:00:00,monsoon,7,17,24,0.29,OK
BLR032,2025-07-20 08:00:00,monsoon,5,19,24,0.21,OK
BLR032,2025-07-20 09:00:00,monsoon,5,19,24,0.21,OK
BLR032,2025-07-20 10:00:00,monsoon,5,19,24,0.21,OK
BLR032,2025-07-20 11:00:00,monsoon,5,19,24,0.21,OK
BLR032,2025-07-20 12:00:00,monsoon,5,19,24,0.21,OK
BLR032,2025-07-20 13:00:00,monsoon,6,18,24,0.25,OK
BLR032,2025-07-20 14:00:00,monsoon,6,18,24,0.25,OK
BLR032,2025-07-20 15:00:00,monsoon,6,18,24,0.25,OK
BLR032,2025-07-20 16:00:00,monsoon,6,18,24,0.25,OK
BLR032,2025-07-20 17:00:00,monsoon,6,18,24,0.25,OK
BLR032,2025-07-20 18:00:00,monsoon,9,15,24,0.38,OK
BLR032,2025-07-20 19:00:00,monsoon,11,13,24,0.46,OK
BLR032,2025-07-20 20:00:00,monsoon,12,12,24,0.5,OK
BLR032,2025-07-20 21:00:00,monsoon,12,12,24,0.5,OK
BLR032,2025-07-20 22:00:00,monsoon,11,13,24,0.46,OK
BLR032,2025-07-20 23:00:00,monsoon,11,13,24,0.46,OK
BLR033,2025-07-14 00:00:00,monsoon,14,16,30,0.47,OK
BLR033,2025-07-14 01:00:00,monsoon,13,17,30,0.43,OK
BLR033,2025-07-14 02:00:00,monsoon,13,17,30,0.43,OK
BLR033,2025-07-14 03:00:00,monsoon,13,17,30,0.43,OK
BLR033,2025-07-14 04:00:00,monsoon,14,16,30,0.47,OK
BLR033,2025-07-14 05:00:00,monsoon,14,16,30,0.47,OK
BLR033,2025-07-14 06:00:00,monsoon,14,16,30,0.47,OK
BLR033,2025-07-14 07:00:00,monsoon,14,16,30,0.47,OK
BLR033,2025-07-14 08:00:00,monsoon,14,16,30,0.47,OK
BLR033,2025-07-14 09:00:00,monsoon,14,16,30,0.47,OK
BLR033,2025-07-14 10:00:00,monsoon,15,15,30,0.5,OK
BLR033,2025-07-14 11:00:00,monsoon,15,15,30,0.5,OK
BLR033,2025-07-14 12:00:00,monsoon,15,15,30,0.5,OK
BLR033,2025-07-14 13:00:00,monsoon,15,15,30,0.5,OK
BLR033,2025-07-14 14:00:00,monsoon,15,15,30,0.5,OK
BLR033,2025-07-14 15:00:00,monsoon,15,15,30,0.5,OK
BLR033,2025-07-14 16:00:00,monsoon,15,15,30,0.5,OK
BLR033,2025-07-14 17:00:00,monsoon,15,15,30,0.5,OK
BLR033,2025-07-14 18:00:00,monsoon,14,16,30,0.47,OK
BLR033,2025-07-14 19:00:00,monsoon,13,17,30,0.43,OK
BLR033,2025-07-14 20:00:00,monsoon,11,19,30,0.37,OK
BLR033,2025-07-14 21:00:00,monsoon,10,20,30,0.33,OK
BLR033,2025-07-14 22:00:00,monsoon,10,20,30,0.33,OK
BLR033,2025-07-14 23:00:00,monsoon,9,21,30,0.3,OK
BLR033,2025-07-15 00:00:00,monsoon,9,21,30,0.3,OK
BLR033,2025-07-15 01:00:00,monsoon,9,21,30,0.3,OK
BLR033,2025-07-15 02:00:00,monsoon,8,22,30,0.27,OK
BLR033,2025-07-15 03:00:00,monsoon,8,22,30,0.27,OK
BLR033,2025-07-15 04:00:00,monsoon,8,22,30,0.27,OK
BLR033,2025-07-15 05:00:00,monsoon,8,22,30,0.27,OK
BLR033,2025-07-15 06:00:00,monsoon,8,22,30,0.27,OK
BLR033,2025-07-15 07:00:00,monsoon,8,22,30,0.27,OK
BLR033,2025-07-15 08:00:00,monsoon,8,22,30,0.27,OK
BLR033,2025-07-15 09:00:00,monsoon,9,21,30,0.3,OK
BLR033,2025-07-15 10:00:00,monsoon,9,21,30,0.3,OK
BLR033,2025-07-15 11:00:00,monsoon,9,21,30,0.3,OK
BLR033,2025-07-15 12:00:00,monsoon,9,21,30,0.3,OK
BLR033,2025-07-15 13:00:00,monsoon,10,20,30,0.33,OK
BLR033,2025-07-15 14:00:00,monsoon,11,19,30,0.37,OK
BLR033,2025-07-15 15:00:00,monsoon,11,19,30,0.37,OK
BLR033,2025-07-15 16:00:00,monsoon,11,19,30,0.37,OK
BLR033,2025-07-15 17:00:00,monsoon,11,19,30,0.37,OK
BLR033,2025-07-15 18:00:00,monsoon,10,20,30,0.33,OK
BLR033,2025-07-15 19:00:00,monsoon,8,22,30,0.27,OK
BLR033,2025-07-15 20:00:00,monsoon,8,22,30,0.27,OK
BLR033,2025-07-15 21:00:00,monsoon,9,21,30,0.3,OK
BLR033,2025-07-15 22:00:00,monsoon,9,21,30,0.3,OK
BLR033,2025-07-15 23:00:00,monsoon,9,21,30,0.3,OK
BLR033,2025-07-16 00:00:00,monsoon,9,21,30,0.3,OK
BLR033,2025-07-16 01:00:00,monsoon,8,22,30,0.27,OK
BLR033,2025-07-16 02:00:00,monsoon,8,22,30,0.27,OK
BLR033,2025-07-16 03:00:00,monsoon,9,21,30,0.3,OK
BLR033,2025-07-16 04:00:00,monsoon,9,21,30,0.3,OK
BLR033,2025-07-16 05:00:00,monsoon,10,20,30,0.33,OK
BLR033,2025-07-16 06:00:00,monsoon,10,20,30,0.33,OK
BLR033,2025-07-16 07:00:00,monsoon,10,20,30,0.33,OK
BLR033,2025-07-16 08:00:00,monsoon,11,19,30,0.37,OK
BLR033,2025-07-16 09:00:00,monsoon,11,19,30,0.37,OK
BLR033,2025-07-16 10:00:00,monsoon,11,19,30,0.37,OK
BLR033,2025-07-16 11:00:00,monsoon,12,18,30,0.4,OK
BLR033,2025-07-16 12:00:00,monsoon,12,18,30,0.4,OK
BLR033,2025-07-16 13:00:00,monsoon,12,18,30,0.4,OK
BLR033,2025-07-16 14:00:00,monsoon,13,17,30,0.43,OK
BLR033,2025-07-16 15:00:00,monsoon,13,17,30,0.43,OK
BLR033,2025-07-16 16:00:00,monsoon,14,16,30,0.47,OK
BLR033,2025-07-16 17:00:00,monsoon,11,19,30,0.37,OK
BLR033,2025-07-16 18:00:00,monsoon,11,19,30,0.37,OK
BLR033,2025-07-16 19:00:00,monsoon,9,21,30,0.3,OK
BLR033,2025-07-16 20:00:00,monsoon,9,21,30,0.3,OK
BLR033,2025-07-16 21:00:00,monsoon,10,20,30,0.33,OK
BLR033,2025-07-16 22:00:00,monsoon,9,21,30,0.3,OK
BLR033,2025-07-16 23:00:00,monsoon,9,21,30,0.3,OK
BLR033,2025-07-17 00:00:00,monsoon,10,20,30,0.33,OK
BLR033,2025-07-17 01:00:00,monsoon,11,19,30,0.37,OK
BLR033,2025-07-17 02:00:00,monsoon,11,19,30,0.37,OK
BLR033,2025-07-17 03:00:00,monsoon,11,19,30,0.37,OK
BLR033,2025-07-17 04:00:00,monsoon,10,20,30,0.33,OK
BLR033,2025-07-17 05:00:00,monsoon,10,20,30,0.33,OK
BLR033,2025-07-17 06:00:00,monsoon,10,20,30,0.33,OK
BLR033,2025-07-17 07:00:00,monsoon,11,19,30,0.37,OK
BLR033,2025-07-17 08:00:00,monsoon,11,19,30,0.37,OK
BLR033,2025-07-17 09:00:00,monsoon,11,19,30,0.37,OK
BLR033,2025-07-17 10:00:00,monsoon,12,18,30,0.4,OK
BLR033,2025-07-17 11:00:00,monsoon,11,19,30,0.37,OK
BLR033,2025-07-17 12:00:00,monsoon,11,19,30,0.37,OK
BLR033,2025-07-17 13:00:00,monsoon,11,19,30,0.37,OK
BLR033,2025-07-17 14:00:00,monsoon,11,19,30,0.37,OK
BLR033,2025-07-17 15:00:00,monsoon,11,19,30,0.37,OK
BLR033,2025-07-17 16:00:00,monsoon,11,19,30,0.37,OK
BLR033,2025-07-17 17:00:00,monsoon,7,23,30,0.23,OK
BLR033,2025-07-17 18:00:00,monsoon,4,26,30,0.13,OK
BLR033,2025-07-17 19:00:00,monsoon,3,27,30,0.1,Understocked
BLR033,2025-07-17 20:00:00,monsoon,2,28,30,0.07,Understocked
BLR033,2025-07-17 21:00:00,monsoon,2,28,30,0.07,Understocked
BLR033,2025-07-17 22:00:00,monsoon,2,28,30,0.07,Understocked
BLR033,2025-07-17 23:00:00,monsoon,2,28,30,0.07,Understocked
BLR033,2025-07-18 00:00:00,monsoon,1,29,30,0.03,Understocked
BLR033,2025-07-18 01:00:00,monsoon,1,29,30,0.03,Understocked
BLR033,2025-07-18 02:00:00,monsoon,2,28,30,0.07,Understocked
BLR033,2025-07-18 03:00:00,monsoon,1,29,30,0.03,Understocked
BLR033,2025-07-18 04:00:00,monsoon,1,29,30,0.03,Understocked
BLR033,2025-07-18 05:00:00,monsoon,1,29,30,0.03,Understocked
BLR033,2025-07-18 06:00:00,monsoon,1,29,30,0.03,Understocked
BLR033,2025-07-18 07:00:00,monsoon,1,29,30,0.03,Understocked
BLR033,2025-07-18 08:00:00,monsoon,2,28,30,0.07,Understocked
BLR033,2025-07-18 09:00:00,monsoon,2,28,30,0.07,Understocked
BLR033,2025-07-18 10:00:00,monsoon,2,28,30,0.07,Understocked
BLR033,2025-07-18 11:00:00,monsoon,2,28,30,0.07,Understocked
BLR033,2025-07-18 12:00:00,monsoon,3,27,30,0.1,Understocked
BLR033,2025-07-18 13:00:00,monsoon,2,28,30,0.07,Understocked
BLR033,2025-07-18 14:00:00,monsoon,2,28,30,0.07,Understocked
BLR033,2025-07-18 15:00:00,monsoon,3,27,30,0.1,Understocked
BLR033,2025-07-18 16:00:00,monsoon,3,27,30,0.1,Understocked
BLR033,2025-07-18 17:00:00,monsoon,3,27,30,0.1,Understocked
BLR033,2025-07-18 18:00:00,monsoon,2,28,30,0.07,Understocked
BLR033,2025-07-18 19:00:00,monsoon,0,30,30,0.0,Understocked
BLR033,2025-07-18 20:00:00,monsoon,0,30,30,0.0,Understocked
BLR033,2025-07-18 21:00:00,monsoon,0,30,30,0.0,Understocked
BLR033,2025-07-18 22:00:00,monsoon,0,30,30,0.0,Understocked
BLR033,2025-07-18 23:00:00,monsoon,0,30,30,0.0,Understocked
BLR033,2025-07-19 00:00:00,monsoon,0,30,30,0.0,Understocked
BLR033,2025-07-19 01:00:00,monsoon,0,30,30,0.0,Understocked
BLR033,2025-07-19 02:00:00,monsoon,0,30,30,0.0,Understocked
BLR033,2025-07-19 03:00:00,monsoon,0,30,30,0.0,Understocked
BLR033,2025-07-19 04:00:00,monsoon,1,29,30,0.03,Understocked
BLR033,2025-07-19 05:00:00,monsoon,1,29,30,0.03,Understocked
BLR033,2025-07-19 06:00:00,monsoon,2,28,30,0.07,Understocked
BLR033,2025-07-19 07:00:00,monsoon,2,28,30,0.07,Understocked
BLR033,2025-07-19 08:00:00,monsoon,2,28,30,0.07,Understocked
BLR033,2025-07-19 09:00:00,monsoon,2,28,30,0.07,Understocked
BLR033,2025-07-19 10:00:00,monsoon,4,26,30,0.13,OK
BLR033,2025-07-19 11:00:00,monsoon,5,25,30,0.17,OK
BLR033,2025-07-19 12:00:00,monsoon,5,25,30,0.17,OK
BLR033,2025-07-19 13:00:00,monsoon,4,26,30,0.13,OK
BLR033,2025-07-19 14:00:00,monsoon,4,26,30,0.13,OK
BLR033,2025-07-19 15:00:00,monsoon,4,26,30,0.13,OK
BLR033,2025-07-19 16:00:00,monsoon,4,26,30,0.13,OK
BLR033,2025-07-19 17:00:00,monsoon,0,30,30,0.0,Understocked
BLR033,2025-07-19 18:00:00,monsoon,0,30,30,0.0,Understocked
BLR033,2025-07-19 19:00:00,monsoon,0,30,30,0.0,Understocked
BLR033,2025-07-19 20:00:00,monsoon,0,30,30,0.0,Understocked
BLR033,2025-07-19 21:00:00,monsoon,0,30,30,0.0,Understocked
BLR033,2025-07-19 22:00:00,monsoon,0,30,30,0.0,Understocked
BLR033,2025-07-19 23:00:00,monsoon,0,30,30,0.0,Understocked
BLR033,2025-07-20 00:00:00,monsoon,0,30,30,0.0,Understocked
BLR033,2025-07-20 01:00:00,monsoon,0,30,30,0.0,Understocked
BLR033,2025-07-20 02:00:00,monsoon,0,30,30,0.0,Understocked
BLR033,2025-07-20 03:00:00,monsoon,0,30,30,0.0,Understocked
BLR033,2025-07-20 04:00:00,monsoon,0,30,30,0.0,Understocked
BLR033,2025-07-20 05:00:00,monsoon,1,29,30,0.03,Understocked
BLR033,2025-07-20 06:00:00,monsoon,0,30,30,0.0,Understocked
BLR033,2025-07-20 07:00:00,monsoon,0,30,30,0.0,Understocked
BLR033,2025-07-20 08:00:00,monsoon,1,29,30,0.03,Understocked
BLR033,2025-07-20 09:00:00,monsoon,1,29,30,0.03,Understocked
BLR033,2025-07-20 10:00:00,monsoon,2,28,30,0.07,Understocked
BLR033,2025-07-20 11:00:00,monsoon,1,29,30,0.03,Understocked
BLR033,2025-07-20 12:00:00,monsoon,0,30,30,0.0,Understocked
BLR033,2025-07-20 13:00:00,monsoon,0,30,30,0.0,Understocked
BLR033,2025-07-20 14:00:00,monsoon,1,29,30,0.03,Understocked
BLR033,2025-07-20 15:00:00,monsoon,1,29,30,0.03,Understocked
BLR033,2025-07-20 16:00:00,monsoon,0,30,30,0.0,Understocked
BLR033,2025-07-20 17:00:00,monsoon,0,30,30,0.0,Understocked
BLR033,2025-07-20 18:00:00,monsoon,0,30,30,0.0,Understocked
BLR033,2025-07-20 19:00:00,monsoon,0,30,30,0.0,Understocked
BLR033,2025-07-20 20:00:00,monsoon,0,30,30,0.0,Understocked
BLR033,2025-07-20 21:00:00,monsoon,0,30,30,0.0,Understocked
BLR033,2025-07-20 22:00:00,monsoon,0,30,30,0.0,Understocked
BLR033,2025-07-20 23:00:00,monsoon,0,30,30,0.0,Understocked
BLR034,2025-07-14 00:00:00,monsoon,11,13,24,0.46,OK
BLR034,2025-07-14 01:00:00,monsoon,12,12,24,0.5,OK
BLR034,2025-07-14 02:00:00,monsoon,12,12,24,0.5,OK
BLR034,2025-07-14 03:00:00,monsoon,12,12,24,0.5,OK
BLR034,2025-07-14 04:00:00,monsoon,13,11,24,0.54,OK
BLR034,2025-07-14 05:00:00,monsoon,13,11,24,0.54,OK
BLR034,2025-07-14 06:00:00,monsoon,12,12,24,0.5,OK
BLR034,2025-07-14 07:00:00,monsoon,12,12,24,0.5,OK
BLR034,2025-07-14 08:00:00,monsoon,13,11,24,0.54,OK
BLR034,2025-07-14 09:00:00,monsoon,15,9,24,0.62,OK
BLR034,2025-07-14 10:00:00,monsoon,15,9,24,0.62,OK
BLR034,2025-07-14 11:00:00,monsoon,16,8,24,0.67,OK
BLR034,2025-07-14 12:00:00,monsoon,16,8,24,0.67,OK
BLR034,2025-07-14 13:00:00,monsoon,16,8,24,0.67,OK
BLR034,2025-07-14 14:00:00,monsoon,16,8,24,0.67,OK
BLR034,2025-07-14 15:00:00,monsoon,16,8,24,0.67,OK
BLR034,2025-07-14 16:00:00,monsoon,16,8,24,0.67,OK
BLR034,2025-07-14 17:00:00,monsoon,16,8,24,0.67,OK
BLR034,2025-07-14 18:00:00,monsoon,16,8,24,0.67,OK
BLR034,2025-07-14 19:00:00,monsoon,14,10,24,0.58,OK
BLR034,2025-07-14 20:00:00,monsoon,9,15,24,0.38,OK
BLR034,2025-07-14 21:00:00,monsoon,8,16,24,0.33,OK
BLR034,2025-07-14 22:00:00,monsoon,8,16,24,0.33,OK
BLR034,2025-07-14 23:00:00,monsoon,7,17,24,0.29,OK
BLR034,2025-07-15 00:00:00,monsoon,7,17,24,0.29,OK
BLR034,2025-07-15 01:00:00,monsoon,7,17,24,0.29,OK
BLR034,2025-07-15 02:00:00,monsoon,6,18,24,0.25,OK
BLR034,2025-07-15 03:00:00,monsoon,7,17,24,0.29,OK
BLR034,2025-07-15 04:00:00,monsoon,7,17,24,0.29,OK
BLR034,2025-07-15 05:00:00,monsoon,6,18,24,0.25,OK
BLR034,2025-07-15 06:00:00,monsoon,5,19,24,0.21,OK
BLR034,2025-07-15 07:00:00,monsoon,6,18,24,0.25,OK
BLR034,2025-07-15 08:00:00,monsoon,7,17,24,0.29,OK
BLR034,2025-07-15 09:00:00,monsoon,7,17,24,0.29,OK
BLR034,2025-07-15 10:00:00,monsoon,7,17,24,0.29,OK
BLR034,2025-07-15 11:00:00,monsoon,6,18,24,0.25,OK
BLR034,2025-07-15 12:00:00,monsoon,7,17,24,0.29,OK
BLR034,2025-07-15 13:00:00,monsoon,7,17,24,0.29,OK
BLR034,2025-07-15 14:00:00,monsoon,7,17,24,0.29,OK
BLR034,2025-07-15 15:00:00,monsoon,6,18,24,0.25,OK
BLR034,2025-07-15 16:00:00,monsoon,5,19,24,0.21,OK
BLR034,2025-07-15 17:00:00,monsoon,3,21,24,0.12,OK
BLR034,2025-07-15 18:00:00,monsoon,3,21,24,0.12,OK
BLR034,2025-07-15 19:00:00,monsoon,3,21,24,0.12,OK
BLR034,2025-07-15 20:00:00,monsoon,1,23,24,0.04,Understocked
BLR034,2025-07-15 21:00:00,monsoon,1,23,24,0.04,Understocked
BLR034,2025-07-15 22:00:00,monsoon,1,23,24,0.04,Understocked
BLR034,2025-07-15 23:00:00,monsoon,1,23,24,0.04,Understocked
BLR034,2025-07-16 00:00:00,monsoon,1,23,24,0.04,Understocked
BLR034,2025-07-16 01:00:00,monsoon,1,23,24,0.04,Understocked
BLR034,2025-07-16 02:00:00,monsoon,0,24,24,0.0,Understocked
BLR034,2025-07-16 03:00:00,monsoon,0,24,24,0.0,Understocked
BLR034,2025-07-16 04:00:00,monsoon,0,24,24,0.0,Understocked
BLR034,2025-07-16 05:00:00,monsoon,0,24,24,0.0,Understocked
BLR034,2025-07-16 06:00:00,monsoon,0,24,24,0.0,Understocked
BLR034,2025-07-16 07:00:00,monsoon,1,23,24,0.04,Understocked
BLR034,2025-07-16 08:00:00,monsoon,3,21,24,0.12,OK
BLR034,2025-07-16 09:00:00,monsoon,3,21,24,0.12,OK
BLR034,2025-07-16 10:00:00,monsoon,4,20,24,0.17,OK
BLR034,2025-07-16 11:00:00,monsoon,4,20,24,0.17,OK
BLR034,2025-07-16 12:00:00,monsoon,4,20,24,0.17,OK
BLR034,2025-07-16 13:00:00,monsoon,5,19,24,0.21,OK
BLR034,2025-07-16 14:00:00,monsoon,5,19,24,0.21,OK
BLR034,2025-07-16 15:00:00,monsoon,4,20,24,0.17,OK
BLR034,2025-07-16 16:00:00,monsoon,3,21,24,0.12,OK
BLR034,2025-07-16 17:00:00,monsoon,3,21,24,0.12,OK
BLR034,2025-07-16 18:00:00,monsoon,3,21,24,0.12,OK
BLR034,2025-07-16 19:00:00,monsoon,3,21,24,0.12,OK
BLR034,2025-07-16 20:00:00,monsoon,2,22,24,0.08,Understocked
BLR034,2025-07-16 21:00:00,monsoon,2,22,24,0.08,Understocked
BLR034,2025-07-16 22:00:00,monsoon,2,22,24,0.08,Understocked
BLR034,2025-07-16 23:00:00,monsoon,2,22,24,0.08,Understocked
BLR034,2025-07-17 00:00:00,monsoon,1,23,24,0.04,Understocked
BLR034,2025-07-17 01:00:00,monsoon,0,24,24,0.0,Understocked
BLR034,2025-07-17 02:00:00,monsoon,0,24,24,0.0,Understocked
BLR034,2025-07-17 03:00:00,monsoon,0,24,24,0.0,Understocked
BLR034,2025-07-17 04:00:00,monsoon,1,23,24,0.04,Understocked
BLR034,2025-07-17 05:00:00,monsoon,0,24,24,0.0,Understocked
BLR034,2025-07-17 06:00:00,monsoon,0,24,24,0.0,Understocked
BLR034,2025-07-17 07:00:00,monsoon,0,24,24,0.0,Understocked
BLR034,2025-07-17 08:00:00,monsoon,1,23,24,0.04,Understocked
BLR034,2025-07-17 09:00:00,monsoon,1,23,24,0.04,Understocked
BLR034,2025-07-17 10:00:00,monsoon,1,23,24,0.04,Understocked
BLR034,2025-07-17 11:00:00,monsoon,1,23,24,0.04,Understocked
BLR034,2025-07-17 12:00:00,monsoon,1,23,24,0.04,Understocked
BLR034,2025-07-17 13:00:00,monsoon,1,23,24,0.04,Understocked
BLR034,2025-07-17 14:00:00,monsoon,1,23,24,0.04,Understocked
BLR034,2025-07-17 15:00:00,monsoon,1,23,24,0.04,Understocked
BLR034,2025-07-17 16:00:00,monsoon,0,24,24,0.0,Understocked
BLR034,2025-07-17 17:00:00,monsoon,0,24,24,0.0,Understocked
BLR034,2025-07-17 18:00:00,monsoon,0,24,24,0.0,Understocked
BLR034,2025-07-17 19:00:00,monsoon,0,24,24,0.0,Understocked
BLR034,2025-07-17 20:00:00,monsoon,0,24,24,0.0,Understocked
BLR034,2025-07-17 21:00:00,monsoon,1,23,24,0.04,Understocked
BLR034,2025-07-17 22:00:00,monsoon,0,24,24,0.0,Understocked
BLR034,2025-07-17 23:00:00,monsoon,0,24,24,0.0,Understocked
BLR034,2025-07-18 00:00:00,monsoon,0,24,24,0.0,Understocked
BLR034,2025-07-18 01:00:00,monsoon,0,24,24,0.0,Understocked
BLR034,2025-07-18 02:00:00,monsoon,0,24,24,0.0,Understocked
BLR034,2025-07-18 03:00:00,monsoon,1,23,24,0.04,Understocked
BLR034,2025-07-18 04:00:00,monsoon,1,23,24,0.04,Understocked
BLR034,2025-07-18 05:00:00,monsoon,1,23,24,0.04,Understocked
BLR034,2025-07-18 06:00:00,monsoon,0,24,24,0.0,Understocked
BLR034,2025-07-18 07:00:00,monsoon,0,24,24,0.0,Understocked
BLR034,2025-07-18 08:00:00,monsoon,0,24,24,0.0,Understocked
BLR034,2025-07-18 09:00:00,monsoon,2,22,24,0.08,Understocked
BLR034,2025-07-18 10:00:00,monsoon,2,22,24,0.08,Understocked
BLR034,2025-07-18 11:00:00,monsoon,2,22,24,0.08,Understocked
BLR034,2025-07-18 12:00:00,monsoon,2,22,24,0.08,Understocked
BLR034,2025-07-18 13:00:00,monsoon,1,23,24,0.04,Understocked
BLR034,2025-07-18 14:00:00,monsoon,2,22,24,0.08,Understocked
BLR034,2025-07-18 15:00:00,monsoon,1,23,24,0.04,Understocked
BLR034,2025-07-18 16:00:00,monsoon,2,22,24,0.08,Understocked
BLR034,2025-07-18 17:00:00,monsoon,2,22,24,0.08,Understocked
BLR034,2025-07-18 18:00:00,monsoon,2,22,24,0.08,Understocked
BLR034,2025-07-18 19:00:00,monsoon,1,23,24,0.04,Understocked
BLR034,2025-07-18 20:00:00,monsoon,1,23,24,0.04,Understocked
BLR034,2025-07-18 21:00:00,monsoon,2,22,24,0.08,Understocked
BLR034,2025-07-18 22:00:00,monsoon,3,21,24,0.12,OK
BLR034,2025-07-18 23:00:00,monsoon,4,20,24,0.17,OK
BLR034,2025-07-19 00:00:00,monsoon,4,20,24,0.17,OK
BLR034,2025-07-19 01:00:00,monsoon,4,20,24,0.17,OK
BLR034,2025-07-19 02:00:00,monsoon,4,20,24,0.17,OK
BLR034,2025-07-19 03:00:00,monsoon,4,20,24,0.17,OK
BLR034,2025-07-19 04:00:00,monsoon,5,19,24,0.21,OK
BLR034,2025-07-19 05:00:00,monsoon,6,18,24,0.25,OK
BLR034,2025-07-19 06:00:00,monsoon,6,18,24,0.25,OK
BLR034,2025-07-19 07:00:00,monsoon,6,18,24,0.25,OK
BLR034,2025-07-19 08:00:00,monsoon,6,18,24,0.25,OK
BLR034,2025-07-19 09:00:00,monsoon,7,17,24,0.29,OK
BLR034,2025-07-19 10:00:00,monsoon,7,17,24,0.29,OK
BLR034,2025-07-19 11:00:00,monsoon,7,17,24,0.29,OK
BLR034,2025-07-19 12:00:00,monsoon,7,17,24,0.29,OK
BLR034,2025-07-19 13:00:00,monsoon,7,17,24,0.29,OK
BLR034,2025-07-19 14:00:00,monsoon,6,18,24,0.25,OK
BLR034,2025-07-19 15:00:00,monsoon,7,17,24,0.29,OK
BLR034,2025-07-19 16:00:00,monsoon,8,16,24,0.33,OK
BLR034,2025-07-19 17:00:00,monsoon,7,17,24,0.29,OK
BLR034,2025-07-19 18:00:00,monsoon,6,18,24,0.25,OK
BLR034,2025-07-19 19:00:00,monsoon,6,18,24,0.25,OK
BLR034,2025-07-19 20:00:00,monsoon,6,18,24,0.25,OK
BLR034,2025-07-19 21:00:00,monsoon,6,18,24,0.25,OK
BLR034,2025-07-19 22:00:00,monsoon,6,18,24,0.25,OK
BLR034,2025-07-19 23:00:00,monsoon,6,18,24,0.25,OK
BLR034,2025-07-20 00:00:00,monsoon,6,18,24,0.25,OK
BLR034,2025-07-20 01:00:00,monsoon,5,19,24,0.21,OK
BLR034,2025-07-20 02:00:00,monsoon,6,18,24,0.25,OK
BLR034,2025-07-20 03:00:00,monsoon,6,18,24,0.25,OK
BLR034,2025-07-20 04:00:00,monsoon,5,19,24,0.21,OK
BLR034,2025-07-20 05:00:00,monsoon,4,20,24,0.17,OK
BLR034,2025-07-20 06:00:00,monsoon,4,20,24,0.17,OK
BLR034,2025-07-20 07:00:00,monsoon,4,20,24,0.17,OK
BLR034,2025-07-20 08:00:00,monsoon,4,20,24,0.17,OK
BLR034,2025-07-20 09:00:00,monsoon,5,19,24,0.21,OK
BLR034,2025-07-20 10:00:00,monsoon,5,19,24,0.21,OK
BLR034,2025-07-20 11:00:00,monsoon,5,19,24,0.21,OK
BLR034,2025-07-20 12:00:00,monsoon,5,19,24,0.21,OK
BLR034,2025-07-20 13:00:00,monsoon,6,18,24,0.25,OK
BLR034,2025-07-20 14:00:00,monsoon,6,18,24,0.25,OK
BLR034,2025-07-20 15:00:00,monsoon,6,18,24,0.25,OK
BLR034,2025-07-20 16:00:00,monsoon,6,18,24,0.25,OK
BLR034,2025-07-20 17:00:00,monsoon,6,18,24,0.25,OK
BLR034,2025-07-20 18:00:00,monsoon,5,19,24,0.21,OK
BLR034,2025-07-20 19:00:00,monsoon,2,22,24,0.08,Understocked
BLR034,2025-07-20 20:00:00,monsoon,2,22,24,0.08,Understocked
BLR034,2025-07-20 21:00:00,monsoon,2,22,24,0.08,Understocked
BLR034,2025-07-20 22:00:00,monsoon,2,22,24,0.08,Understocked
BLR034,2025-07-20 23:00:00,monsoon,2,22,24,0.08,Understocked
BLR035,2025-07-14 00:00:00,monsoon,15,15,30,0.5,OK
BLR035,2025-07-14 01:00:00,monsoon,16,14,30,0.53,OK
BLR035,2025-07-14 02:00:00,monsoon,16,14,30,0.53,OK
BLR035,2025-07-14 03:00:00,monsoon,17,13,30,0.57,OK
BLR035,2025-07-14 04:00:00,monsoon,18,12,30,0.6,OK
BLR035,2025-07-14 05:00:00,monsoon,19,11,30,0.63,OK
BLR035,2025-07-14 06:00:00,monsoon,20,10,30,0.67,OK
BLR035,2025-07-14 07:00:00,monsoon,21,9,30,0.7,OK
BLR035,2025-07-14 08:00:00,monsoon,21,9,30,0.7,OK
BLR035,2025-07-14 09:00:00,monsoon,21,9,30,0.7,OK
BLR035,2025-07-14 10:00:00,monsoon,21,9,30,0.7,OK
BLR035,2025-07-14 11:00:00,monsoon,21,9,30,0.7,OK
BLR035,2025-07-14 12:00:00,monsoon,22,8,30,0.73,OK
BLR035,2025-07-14 13:00:00,monsoon,22,8,30,0.73,OK
BLR035,2025-07-14 14:00:00,monsoon,22,8,30,0.73,OK
BLR035,2025-07-14 15:00:00,monsoon,23,7,30,0.77,OK
BLR035,2025-07-14 16:00:00,monsoon,23,7,30,0.77,OK
BLR035,2025-07-14 17:00:00,monsoon,23,7,30,0.77,OK
BLR035,2025-07-14 18:00:00,monsoon,22,8,30,0.73,OK
BLR035,2025-07-14 19:00:00,monsoon,21,9,30,0.7,OK
BLR035,2025-07-14 20:00:00,monsoon,20,10,30,0.67,OK
BLR035,2025-07-14 21:00:00,monsoon,19,11,30,0.63,OK
BLR035,2025-07-14 22:00:00,monsoon,20,10,30,0.67,OK
BLR035,2025-07-14 23:00:00,monsoon,21,9,30,0.7,OK
BLR035,2025-07-15 00:00:00,monsoon,21,9,30,0.7,OK
BLR035,2025-07-15 01:00:00,monsoon,21,9,30,0.7,OK
BLR035,2025-07-15 02:00:00,monsoon,21,9,30,0.7,OK
BLR035,2025-07-15 03:00:00,monsoon,20,10,30,0.67,OK
BLR035,2025-07-15 04:00:00,monsoon,20,10,30,0.67,OK
BLR035,2025-07-15 05:00:00,monsoon,20,10,30,0.67,OK
BLR035,2025-07-15 06:00:00,monsoon,19,11,30,0.63,OK
BLR035,2025-07-15 07:00:00,monsoon,20,10,30,0.67,OK
BLR035,2025-07-15 08:00:00,monsoon,21,9,30,0.7,OK
BLR035,2025-07-15 09:00:00,monsoon,21,9,30,0.7,OK
BLR035,2025-07-15 10:00:00,monsoon,22,8,30,0.73,OK
BLR035,2025-07-15 11:00:00,monsoon,22,8,30,0.73,OK
BLR035,2025-07-15 12:00:00,monsoon,22,8,30,0.73,OK
BLR035,2025-07-15 13:00:00,monsoon,23,7,30,0.77,OK
BLR035,2025-07-15 14:00:00,monsoon,23,7,30,0.77,OK
BLR035,2025-07-15 15:00:00,monsoon,22,8,30,0.73,OK
BLR035,2025-07-15 16:00:00,monsoon,21,9,30,0.7,OK
BLR035,2025-07-15 17:00:00,monsoon,21,9,30,0.7,OK
BLR035,2025-07-15 18:00:00,monsoon,20,10,30,0.67,OK
BLR035,2025-07-15 19:00:00,monsoon,19,11,30,0.63,OK
BLR035,2025-07-15 20:00:00,monsoon,17,13,30,0.57,OK
BLR035,2025-07-15 21:00:00,monsoon,17,13,30,0.57,OK
BLR035,2025-07-15 22:00:00,monsoon,18,12,30,0.6,OK
BLR035,2025-07-15 23:00:00,monsoon,18,12,30,0.6,OK
BLR035,2025-07-16 00:00:00,monsoon,19,11,30,0.63,OK
BLR035,2025-07-16 01:00:00,monsoon,19,11,30,0.63,OK
BLR035,2025-07-16 02:00:00,monsoon,20,10,30,0.67,OK
BLR035,2025-07-16 03:00:00,monsoon,20,10,30,0.67,OK
BLR035,2025-07-16 04:00:00,monsoon,19,11,30,0.63,OK
BLR035,2025-07-16 05:00:00,monsoon,19,11,30,0.63,OK
BLR035,2025-07-16 06:00:00,monsoon,19,11,30,0.63,OK
BLR035,2025-07-16 07:00:00,monsoon,19,11,30,0.63,OK
BLR035,2025-07-16 08:00:00,monsoon,19,11,30,0.63,OK
BLR035,2025-07-16 09:00:00,monsoon,19,11,30,0.63,OK
BLR035,2025-07-16 10:00:00,monsoon,19,11,30,0.63,OK
BLR035,2025-07-16 11:00:00,monsoon,20,10,30,0.67,OK
BLR035,2025-07-16 12:00:00,monsoon,20,10,30,0.67,OK
BLR035,2025-07-16 13:00:00,monsoon,20,10,30,0.67,OK
BLR035,2025-07-16 14:00:00,monsoon,20,10,30,0.67,OK
BLR035,2025-07-16 15:00:00,monsoon,20,10,30,0.67,OK
BLR035,2025-07-16 16:00:00,monsoon,19,11,30,0.63,OK
BLR035,2025-07-16 17:00:00,monsoon,16,14,30,0.53,OK
BLR035,2025-07-16 18:00:00,monsoon,14,16,30,0.47,OK
BLR035,2025-07-16 19:00:00,monsoon,14,16,30,0.47,OK
BLR035,2025-07-16 20:00:00,monsoon,13,17,30,0.43,OK
BLR035,2025-07-16 21:00:00,monsoon,13,17,30,0.43,OK
BLR035,2025-07-16 22:00:00,monsoon,13,17,30,0.43,OK
BLR035,2025-07-16 23:00:00,monsoon,13,17,30,0.43,OK
BLR035,2025-07-17 00:00:00,monsoon,13,17,30,0.43,OK
BLR035,2025-07-17 01:00:00,monsoon,13,17,30,0.43,OK
BLR035,2025-07-17 02:00:00,monsoon,12,18,30,0.4,OK
BLR035,2025-07-17 03:00:00,monsoon,12,18,30,0.4,OK
BLR035,2025-07-17 04:00:00,monsoon,11,19,30,0.37,OK
BLR035,2025-07-17 05:00:00,monsoon,10,20,30,0.33,OK
BLR035,2025-07-17 06:00:00,monsoon,10,20,30,0.33,OK
BLR035,2025-07-17 07:00:00,monsoon,10,20,30,0.33,OK
BLR035,2025-07-17 08:00:00,monsoon,12,18,30,0.4,OK
BLR035,2025-07-17 09:00:00,monsoon,13,17,30,0.43,OK
BLR035,2025-07-17 10:00:00,monsoon,13,17,30,0.43,OK
BLR035,2025-07-17 11:00:00,monsoon,14,16,30,0.47,OK
BLR035,2025-07-17 12:00:00,monsoon,13,17,30,0.43,OK
BLR035,2025-07-17 13:00:00,monsoon,13,17,30,0.43,OK
BLR035,2025-07-17 14:00:00,monsoon,13,17,30,0.43,OK
BLR035,2025-07-17 15:00:00,monsoon,12,18,30,0.4,OK
BLR035,2025-07-17 16:00:00,monsoon,12,18,30,0.4,OK
BLR035,2025-07-17 17:00:00,monsoon,12,18,30,0.4,OK
BLR035,2025-07-17 18:00:00,monsoon,11,19,30,0.37,OK
BLR035,2025-07-17 19:00:00,monsoon,11,19,30,0.37,OK
BLR035,2025-07-17 20:00:00,monsoon,9,21,30,0.3,OK
BLR035,2025-07-17 21:00:00,monsoon,9,21,30,0.3,OK
BLR035,2025-07-17 22:00:00,monsoon,9,21,30,0.3,OK
BLR035,2025-07-17 23:00:00,monsoon,9,21,30,0.3,OK
BLR035,2025-07-18 00:00:00,monsoon,8,22,30,0.27,OK
BLR035,2025-07-18 01:00:00,monsoon,7,23,30,0.23,OK
BLR035,2025-07-18 02:00:00,monsoon,7,23,30,0.23,OK
BLR035,2025-07-18 03:00:00,monsoon,7,23,30,0.23,OK
BLR035,2025-07-18 04:00:00,monsoon,6,24,30,0.2,OK
BLR035,2025-07-18 05:00:00,monsoon,6,24,30,0.2,OK
BLR035,2025-07-18 06:00:00,monsoon,5,25,30,0.17,OK
BLR035,2025-07-18 07:00:00,monsoon,6,24,30,0.2,OK
BLR035,2025-07-18 08:00:00,monsoon,6,24,30,0.2,OK
BLR035,2025-07-18 09:00:00,monsoon,6,24,30,0.2,OK
BLR035,2025-07-18 10:00:00,monsoon,7,23,30,0.23,OK
BLR035,2025-07-18 11:00:00,monsoon,8,22,30,0.27,OK
BLR035,2025-07-18 12:00:00,monsoon,9,21,30,0.3,OK
BLR035,2025-07-18 13:00:00,monsoon,9,21,30,0.3,OK
BLR035,2025-07-18 14:00:00,monsoon,8,22,30,0.27,OK
BLR035,2025-07-18 15:00:00,monsoon,7,23,30,0.23,OK
BLR035,2025-07-18 16:00:00,monsoon,6,24,30,0.2,OK
BLR035,2025-07-18 17:00:00,monsoon,6,24,30,0.2,OK
BLR035,2025-07-18 18:00:00,monsoon,6,24,30,0.2,OK
BLR035,2025-07-18 19:00:00,monsoon,3,27,30,0.1,Understocked
BLR035,2025-07-18 20:00:00,monsoon,3,27,30,0.1,Understocked
BLR035,2025-07-18 21:00:00,monsoon,3,27,30,0.1,Understocked
BLR035,2025-07-18 22:00:00,monsoon,3,27,30,0.1,Understocked
BLR035,2025-07-18 23:00:00,monsoon,2,28,30,0.07,Understocked
BLR035,2025-07-19 00:00:00,monsoon,2,28,30,0.07,Understocked
BLR035,2025-07-19 01:00:00,monsoon,1,29,30,0.03,Understocked
BLR035,2025-07-19 02:00:00,monsoon,1,29,30,0.03,Understocked
BLR035,2025-07-19 03:00:00,monsoon,1,29,30,0.03,Understocked
BLR035,2025-07-19 04:00:00,monsoon,1,29,30,0.03,Understocked
BLR035,2025-07-19 05:00:00,monsoon,0,30,30,0.0,Understocked
BLR035,2025-07-19 06:00:00,monsoon,0,30,30,0.0,Understocked
BLR035,2025-07-19 07:00:00,monsoon,0,30,30,0.0,Understocked
BLR035,2025-07-19 08:00:00,monsoon,0,30,30,0.0,Understocked
BLR035,2025-07-19 09:00:00,monsoon,0,30,30,0.0,Understocked
BLR035,2025-07-19 10:00:00,monsoon,2,28,30,0.07,Understocked
BLR035,2025-07-19 11:00:00,monsoon,3,27,30,0.1,Understocked
BLR035,2025-07-19 12:00:00,monsoon,2,28,30,0.07,Understocked
BLR035,2025-07-19 13:00:00,monsoon,1,29,30,0.03,Understocked
BLR035,2025-07-19 14:00:00,monsoon,2,28,30,0.07,Understocked
BLR035,2025-07-19 15:00:00,monsoon,2,28,30,0.07,Understocked
BLR035,2025-07-19 16:00:00,monsoon,3,27,30,0.1,Understocked
BLR035,2025-07-19 17:00:00,monsoon,2,28,30,0.07,Understocked
BLR035,2025-07-19 18:00:00,monsoon,2,28,30,0.07,Understocked
BLR035,2025-07-19 19:00:00,monsoon,0,30,30,0.0,Understocked
BLR035,2025-07-19 20:00:00,monsoon,0,30,30,0.0,Understocked
BLR035,2025-07-19 21:00:00,monsoon,0,30,30,0.0,Understocked
BLR035,2025-07-19 22:00:00,monsoon,0,30,30,0.0,Understocked
BLR035,2025-07-19 23:00:00,monsoon,0,30,30,0.0,Understocked
BLR035,2025-07-20 00:00:00,monsoon,0,30,30,0.0,Understocked
BLR035,2025-07-20 01:00:00,monsoon,0,30,30,0.0,Understocked
BLR035,2025-07-20 02:00:00,monsoon,0,30,30,0.0,Understocked
BLR035,2025-07-20 03:00:00,monsoon,0,30,30,0.0,Understocked
BLR035,2025-07-20 04:00:00,monsoon,0,30,30,0.0,Understocked
BLR035,2025-07-20 05:00:00,monsoon,1,29,30,0.03,Understocked
BLR035,2025-07-20 06:00:00,monsoon,0,30,30,0.0,Understocked
BLR035,2025-07-20 07:00:00,monsoon,1,29,30,0.03,Understocked
BLR035,2025-07-20 08:00:00,monsoon,1,29,30,0.03,Understocked
BLR035,2025-07-20 09:00:00,monsoon,1,29,30,0.03,Understocked
BLR035,2025-07-20 10:00:00,monsoon,2,28,30,0.07,Understocked
BLR035,2025-07-20 11:00:00,monsoon,3,27,30,0.1,Understocked
BLR035,2025-07-20 12:00:00,monsoon,3,27,30,0.1,Understocked
BLR035,2025-07-20 13:00:00,monsoon,4,26,30,0.13,OK
BLR035,2025-07-20 14:00:00,monsoon,4,26,30,0.13,OK
BLR035,2025-07-20 15:00:00,monsoon,4,26,30,0.13,OK
BLR035,2025-07-20 16:00:00,monsoon,4,26,30,0.13,OK
BLR035,2025-07-20 17:00:00,monsoon,3,27,30,0.1,Understocked
BLR035,2025-07-20 18:00:00,monsoon,3,27,30,0.1,Understocked
BLR035,2025-07-20 19:00:00,monsoon,0,30,30,0.0,Understocked
BLR035,2025-07-20 20:00:00,monsoon,0,30,30,0.0,Understocked
BLR035,2025-07-20 21:00:00,monsoon,0,30,30,0.0,Understocked
BLR035,2025-07-20 22:00:00,monsoon,0,30,30,0.0,Understocked
BLR035,2025-07-20 23:00:00,monsoon,0,30,30,0.0,Understocked
BLR036,2025-07-14 00:00:00,monsoon,12,8,20,0.6,OK
BLR036,2025-07-14 01:00:00,monsoon,12,8,20,0.6,OK
BLR036,2025-07-14 02:00:00,monsoon,12,8,20,0.6,OK
BLR036,2025-07-14 03:00:00,monsoon,11,9,20,0.55,OK
BLR036,2025-07-14 04:00:00,monsoon,10,10,20,0.5,OK
BLR036,2025-07-14 05:00:00,monsoon,10,10,20,0.5,OK
BLR036,2025-07-14 06:00:00,monsoon,10,10,20,0.5,OK
BLR036,2025-07-14 07:00:00,monsoon,10,10,20,0.5,OK
BLR036,2025-07-14 08:00:00,monsoon,10,10,20,0.5,OK
BLR036,2025-07-14 09:00:00,monsoon,11,9,20,0.55,OK
BLR036,2025-07-14 10:00:00,monsoon,11,9,20,0.55,OK
BLR036,2025-07-14 11:00:00,monsoon,12,8,20,0.6,OK
BLR036,2025-07-14 12:00:00,monsoon,12,8,20,0.6,OK
BLR036,2025-07-14 13:00:00,monsoon,13,7,20,0.65,OK
BLR036,2025-07-14 14:00:00,monsoon,13,7,20,0.65,OK
BLR036,2025-07-14 15:00:00,monsoon,13,7,20,0.65,OK
BLR036,2025-07-14 16:00:00,monsoon,14,6,20,0.7,OK
BLR036,2025-07-14 17:00:00,monsoon,13,7,20,0.65,OK
BLR036,2025-07-14 18:00:00,monsoon,13,7,20,0.65,OK
BLR036,2025-07-14 19:00:00,monsoon,13,7,20,0.65,OK
BLR036,2025-07-14 20:00:00,monsoon,11,9,20,0.55,OK
BLR036,2025-07-14 21:00:00,monsoon,11,9,20,0.55,OK
BLR036,2025-07-14 22:00:00,monsoon,11,9,20,0.55,OK
BLR036,2025-07-14 23:00:00,monsoon,10,10,20,0.5,OK
BLR036,2025-07-15 00:00:00,monsoon,10,10,20,0.5,OK
BLR036,2025-07-15 01:00:00,monsoon,10,10,20,0.5,OK
BLR036,2025-07-15 02:00:00,monsoon,10,10,20,0.5,OK
BLR036,2025-07-15 03:00:00,monsoon,10,10,20,0.5,OK
BLR036,2025-07-15 04:00:00,monsoon,10,10,20,0.5,OK
BLR036,2025-07-15 05:00:00,monsoon,10,10,20,0.5,OK
BLR036,2025-07-15 06:00:00,monsoon,10,10,20,0.5,OK
BLR036,2025-07-15 07:00:00,monsoon,10,10,20,0.5,OK
BLR036,2025-07-15 08:00:00,monsoon,12,8,20,0.6,OK
BLR036,2025-07-15 09:00:00,monsoon,12,8,20,0.6,OK
BLR036,2025-07-15 10:00:00,monsoon,12,8,20,0.6,OK
BLR036,2025-07-15 11:00:00,monsoon,12,8,20,0.6,OK
BLR036,2025-07-15 12:00:00,monsoon,12,8,20,0.6,OK
BLR036,2025-07-15 13:00:00,monsoon,12,8,20,0.6,OK
BLR036,2025-07-15 14:00:00,monsoon,12,8,20,0.6,OK
BLR036,2025-07-15 15:00:00,monsoon,12,8,20,0.6,OK
BLR036,2025-07-15 16:00:00,monsoon,12,8,20,0.6,OK
BLR036,2025-07-15 17:00:00,monsoon,12,8,20,0.6,OK
BLR036,2025-07-15 18:00:00,monsoon,11,9,20,0.55,OK
BLR036,2025-07-15 19:00:00,monsoon,10,10,20,0.5,OK
BLR036,2025-07-15 20:00:00,monsoon,10,10,20,0.5,OK
BLR036,2025-07-15 21:00:00,monsoon,9,11,20,0.45,OK
BLR036,2025-07-15 22:00:00,monsoon,8,12,20,0.4,OK
BLR036,2025-07-15 23:00:00,monsoon,8,12,20,0.4,OK
BLR036,2025-07-16 00:00:00,monsoon,9,11,20,0.45,OK
BLR036,2025-07-16 01:00:00,monsoon,9,11,20,0.45,OK
BLR036,2025-07-16 02:00:00,monsoon,9,11,20,0.45,OK
BLR036,2025-07-16 03:00:00,monsoon,9,11,20,0.45,OK
BLR036,2025-07-16 04:00:00,monsoon,10,10,20,0.5,OK
BLR036,2025-07-16 05:00:00,monsoon,10,10,20,0.5,OK
BLR036,2025-07-16 06:00:00,monsoon,10,10,20,0.5,OK
BLR036,2025-07-16 07:00:00,monsoon,11,9,20,0.55,OK
BLR036,2025-07-16 08:00:00,monsoon,11,9,20,0.55,OK
BLR036,2025-07-16 09:00:00,monsoon,12,8,20,0.6,OK
BLR036,2025-07-16 10:00:00,monsoon,12,8,20,0.6,OK
BLR036,2025-07-16 11:00:00,monsoon,12,8,20,0.6,OK
BLR036,2025-07-16 12:00:00,monsoon,13,7,20,0.65,OK
BLR036,2025-07-16 13:00:00,monsoon,13,7,20,0.65,OK
BLR036,2025-07-16 14:00:00,monsoon,13,7,20,0.65,OK
BLR036,2025-07-16 15:00:00,monsoon,13,7,20,0.65,OK
BLR036,2025-07-16 16:00:00,monsoon,13,7,20,0.65,OK
BLR036,2025-07-16 17:00:00,monsoon,12,8,20,0.6,OK
BLR036,2025-07-16 18:00:00,monsoon,10,10,20,0.5,OK
BLR036,2025-07-16 19:00:00,monsoon,8,12,20,0.4,OK
BLR036,2025-07-16 20:00:00,monsoon,7,13,20,0.35,OK
BLR036,2025-07-16 21:00:00,monsoon,8,12,20,0.4,OK
BLR036,2025-07-16 22:00:00,monsoon,8,12,20,0.4,OK
BLR036,2025-07-16 23:00:00,monsoon,8,12,20,0.4,OK
BLR036,2025-07-17 00:00:00,monsoon,7,13,20,0.35,OK
BLR036,2025-07-17 01:00:00,monsoon,7,13,20,0.35,OK
BLR036,2025-07-17 02:00:00,monsoon,6,14,20,0.3,OK
BLR036,2025-07-17 03:00:00,monsoon,5,15,20,0.25,OK
BLR036,2025-07-17 04:00:00,monsoon,5,15,20,0.25,OK
BLR036,2025-07-17 05:00:00,monsoon,4,16,20,0.2,OK
BLR036,2025-07-17 06:00:00,monsoon,4,16,20,0.2,OK
BLR036,2025-07-17 07:00:00,monsoon,4,16,20,0.2,OK
BLR036,2025-07-17 08:00:00,monsoon,4,16,20,0.2,OK
BLR036,2025-07-17 09:00:00,monsoon,4,16,20,0.2,OK
BLR036,2025-07-17 10:00:00,monsoon,5,15,20,0.25,OK
BLR036,2025-07-17 11:00:00,monsoon,5,15,20,0.25,OK
BLR036,2025-07-17 12:00:00,monsoon,5,15,20,0.25,OK
BLR036,2025-07-17 13:00:00,monsoon,5,15,20,0.25,OK
BLR036,2025-07-17 14:00:00,monsoon,6,14,20,0.3,OK
BLR036,2025-07-17 15:00:00,monsoon,6,14,20,0.3,OK
BLR036,2025-07-17 16:00:00,monsoon,7,13,20,0.35,OK
BLR036,2025-07-17 17:00:00,monsoon,6,14,20,0.3,OK
BLR036,2025-07-17 18:00:00,monsoon,6,14,20,0.3,OK
BLR036,2025-07-17 19:00:00,monsoon,5,15,20,0.25,OK
BLR036,2025-07-17 20:00:00,monsoon,4,16,20,0.2,OK
BLR036,2025-07-17 21:00:00,monsoon,5,15,20,0.25,OK
BLR036,2025-07-17 22:00:00,monsoon,6,14,20,0.3,OK
BLR036,2025-07-17 23:00:00,monsoon,7,13,20,0.35,OK
BLR036,2025-07-18 00:00:00,monsoon,7,13,20,0.35,OK
BLR036,2025-07-18 01:00:00,monsoon,7,13,20,0.35,OK
BLR036,2025-07-18 02:00:00,monsoon,7,13,20,0.35,OK
BLR036,2025-07-18 03:00:00,monsoon,8,12,20,0.4,OK
BLR036,2025-07-18 04:00:00,monsoon,8,12,20,0.4,OK
BLR036,2025-07-18 05:00:00,monsoon,7,13,20,0.35,OK
BLR036,2025-07-18 06:00:00,monsoon,6,14,20,0.3,OK
BLR036,2025-07-18 07:00:00,monsoon,7,13,20,0.35,OK
BLR036,2025-07-18 08:00:00,monsoon,7,13,20,0.35,OK
BLR036,2025-07-18 09:00:00,monsoon,8,12,20,0.4,OK
BLR036,2025-07-18 10:00:00,monsoon,8,12,20,0.4,OK
BLR036,2025-07-18 11:00:00,monsoon,8,12,20,0.4,OK
BLR036,2025-07-18 12:00:00,monsoon,8,12,20,0.4,OK
BLR036,2025-07-18 13:00:00,monsoon,8,12,20,0.4,OK
BLR036,2025-07-18 14:00:00,monsoon,9,11,20,0.45,OK
BLR036,2025-07-18 15:00:00,monsoon,10,10,20,0.5,OK
BLR036,2025-07-18 16:00:00,monsoon,10,10,20,0.5,OK
BLR036,2025-07-18 17:00:00,monsoon,10,10,20,0.5,OK
BLR036,2025-07-18 18:00:00,monsoon,7,13,20,0.35,OK
BLR036,2025-07-18 19:00:00,monsoon,6,14,20,0.3,OK
BLR036,2025-07-18 20:00:00,monsoon,4,16,20,0.2,OK
BLR036,2025-07-18 21:00:00,monsoon,4,16,20,0.2,OK
BLR036,2025-07-18 22:00:00,monsoon,4,16,20,0.2,OK
BLR036,2025-07-18 23:00:00,monsoon,4,16,20,0.2,OK
BLR036,2025-07-19 00:00:00,monsoon,4,16,20,0.2,OK
BLR036,2025-07-19 01:00:00,monsoon,4,16,20,0.2,OK
BLR036,2025-07-19 02:00:00,monsoon,3,17,20,0.15,OK
BLR036,2025-07-19 03:00:00,monsoon,4,16,20,0.2,OK
BLR036,2025-07-19 04:00:00,monsoon,4,16,20,0.2,OK
BLR036,2025-07-19 05:00:00,monsoon,4,16,20,0.2,OK
BLR036,2025-07-19 06:00:00,monsoon,4,16,20,0.2,OK
BLR036,2025-07-19 07:00:00,monsoon,4,16,20,0.2,OK
BLR036,2025-07-19 08:00:00,monsoon,4,16,20,0.2,OK
BLR036,2025-07-19 09:00:00,monsoon,4,16,20,0.2,OK
BLR036,2025-07-19 10:00:00,monsoon,5,15,20,0.25,OK
BLR036,2025-07-19 11:00:00,monsoon,5,15,20,0.25,OK
BLR036,2025-07-19 12:00:00,monsoon,4,16,20,0.2,OK
BLR036,2025-07-19 13:00:00,monsoon,4,16,20,0.2,OK
BLR036,2025-07-19 14:00:00,monsoon,4,16,20,0.2,OK
BLR036,2025-07-19 15:00:00,monsoon,4,16,20,0.2,OK
BLR036,2025-07-19 16:00:00,monsoon,3,17,20,0.15,OK
BLR036,2025-07-19 17:00:00,monsoon,2,18,20,0.1,Understocked
BLR036,2025-07-19 18:00:00,monsoon,0,20,20,0.0,Understocked
BLR036,2025-07-19 19:00:00,monsoon,0,20,20,0.0,Understocked
BLR036,2025-07-19 20:00:00,monsoon,0,20,20,0.0,Understocked
BLR036,2025-07-19 21:00:00,monsoon,0,20,20,0.0,Understocked
BLR036,2025-07-19 22:00:00,monsoon,0,20,20,0.0,Understocked
BLR036,2025-07-19 23:00:00,monsoon,0,20,20,0.0,Understocked
BLR036,2025-07-20 00:00:00,monsoon,0,20,20,0.0,Understocked
BLR036,2025-07-20 01:00:00,monsoon,0,20,20,0.0,Understocked
BLR036,2025-07-20 02:00:00,monsoon,0,20,20,0.0,Understocked
BLR036,2025-07-20 03:00:00,monsoon,1,19,20,0.05,Understocked
BLR036,2025-07-20 04:00:00,monsoon,1,19,20,0.05,Understocked
BLR036,2025-07-20 05:00:00,monsoon,1,19,20,0.05,Understocked
BLR036,2025-07-20 06:00:00,monsoon,1,19,20,0.05,Understocked
BLR036,2025-07-20 07:00:00,monsoon,1,19,20,0.05,Understocked
BLR036,2025-07-20 08:00:00,monsoon,1,19,20,0.05,Understocked
BLR036,2025-07-20 09:00:00,monsoon,2,18,20,0.1,Understocked
BLR036,2025-07-20 10:00:00,monsoon,2,18,20,0.1,Understocked
BLR036,2025-07-20 11:00:00,monsoon,1,19,20,0.05,Understocked
BLR036,2025-07-20 12:00:00,monsoon,1,19,20,0.05,Understocked
BLR036,2025-07-20 13:00:00,monsoon,2,18,20,0.1,Understocked
BLR036,2025-07-20 14:00:00,monsoon,2,18,20,0.1,Understocked
BLR036,2025-07-20 15:00:00,monsoon,2,18,20,0.1,Understocked
BLR036,2025-07-20 16:00:00,monsoon,3,17,20,0.15,OK
BLR036,2025-07-20 17:00:00,monsoon,2,18,20,0.1,Understocked
BLR036,2025-07-20 18:00:00,monsoon,1,19,20,0.05,Understocked
BLR036,2025-07-20 19:00:00,monsoon,1,19,20,0.05,Understocked
BLR036,2025-07-20 20:00:00,monsoon,0,20,20,0.0,Understocked
BLR036,2025-07-20 21:00:00,monsoon,0,20,20,0.0,Understocked
BLR036,2025-07-20 22:00:00,monsoon,0,20,20,0.0,Understocked
BLR036,2025-07-20 23:00:00,monsoon,1,19,20,0.05,Understocked
BLR037,2025-07-14 00:00:00,monsoon,11,5,16,0.69,OK
BLR037,2025-07-14 01:00:00,monsoon,11,5,16,0.69,OK
BLR037,2025-07-14 02:00:00,monsoon,11,5,16,0.69,OK
BLR037,2025-07-14 03:00:00,monsoon,11,5,16,0.69,OK
BLR037,2025-07-14 04:00:00,monsoon,11,5,16,0.69,OK
BLR037,2025-07-14 05:00:00,monsoon,12,4,16,0.75,OK
BLR037,2025-07-14 06:00:00,monsoon,12,4,16,0.75,OK
BLR037,2025-07-14 07:00:00,monsoon,13,3,16,0.81,OK
BLR037,2025-07-14 08:00:00,monsoon,15,1,16,0.94,Overstocked
BLR037,2025-07-14 09:00:00,monsoon,15,1,16,0.94,Overstocked
BLR037,2025-07-14 10:00:00,monsoon,16,0,16,1.0,Overstocked
BLR037,2025-07-14 11:00:00,monsoon,15,1,16,0.94,Overstocked
BLR037,2025-07-14 12:00:00,monsoon,15,1,16,0.94,Overstocked
BLR037,2025-07-14 13:00:00,monsoon,14,2,16,0.88,OK
BLR037,2025-07-14 14:00:00,monsoon,13,3,16,0.81,OK
BLR037,2025-07-14 15:00:00,monsoon,14,2,16,0.88,OK
BLR037,2025-07-14 16:00:00,monsoon,14,2,16,0.88,OK
BLR037,2025-07-14 17:00:00,monsoon,14,2,16,0.88,OK
BLR037,2025-07-14 18:00:00,monsoon,12,4,16,0.75,OK
BLR037,2025-07-14 19:00:00,monsoon,12,4,16,0.75,OK
BLR037,2025-07-14 20:00:00,monsoon,11,5,16,0.69,OK
BLR037,2025-07-14 21:00:00,monsoon,12,4,16,0.75,OK
BLR037,2025-07-14 22:00:00,monsoon,11,5,16,0.69,OK
BLR037,2025-07-14 23:00:00,monsoon,11,5,16,0.69,OK
BLR037,2025-07-15 00:00:00,monsoon,11,5,16,0.69,OK
BLR037,2025-07-15 01:00:00,monsoon,11,5,16,0.69,OK
BLR037,2025-07-15 02:00:00,monsoon,10,6,16,0.62,OK
BLR037,2025-07-15 03:00:00,monsoon,10,6,16,0.62,OK
BLR037,2025-07-15 04:00:00,monsoon,9,7,16,0.56,OK
BLR037,2025-07-15 05:00:00,monsoon,9,7,16,0.56,OK
BLR037,2025-07-15 06:00:00,monsoon,8,8,16,0.5,OK
BLR037,2025-07-15 07:00:00,monsoon,8,8,16,0.5,OK
BLR037,2025-07-15 08:00:00,monsoon,8,8,16,0.5,OK
BLR037,2025-07-15 09:00:00,monsoon,9,7,16,0.56,OK
BLR037,2025-07-15 10:00:00,monsoon,9,7,16,0.56,OK
BLR037,2025-07-15 11:00:00,monsoon,9,7,16,0.56,OK
BLR037,2025-07-15 12:00:00,monsoon,8,8,16,0.5,OK
BLR037,2025-07-15 13:00:00,monsoon,9,7,16,0.56,OK
BLR037,2025-07-15 14:00:00,monsoon,8,8,16,0.5,OK
BLR037,2025-07-15 15:00:00,monsoon,8,8,16,0.5,OK
BLR037,2025-07-15 16:00:00,monsoon,8,8,16,0.5,OK
BLR037,2025-07-15 17:00:00,monsoon,7,9,16,0.44,OK
BLR037,2025-07-15 18:00:00,monsoon,7,9,16,0.44,OK
BLR037,2025-07-15 19:00:00,monsoon,7,9,16,0.44,OK
BLR037,2025-07-15 20:00:00,monsoon,5,11,16,0.31,OK
BLR037,2025-07-15 21:00:00,monsoon,4,12,16,0.25,OK
BLR037,2025-07-15 22:00:00,monsoon,5,11,16,0.31,OK
BLR037,2025-07-15 23:00:00,monsoon,5,11,16,0.31,OK
BLR037,2025-07-16 00:00:00,monsoon,5,11,16,0.31,OK
BLR037,2025-07-16 01:00:00,monsoon,5,11,16,0.31,OK
BLR037,2025-07-16 02:00:00,monsoon,5,11,16,0.31,OK
BLR037,2025-07-16 03:00:00,monsoon,6,10,16,0.38,OK
BLR037,2025-07-16 04:00:00,monsoon,6,10,16,0.38,OK
BLR037,2025-07-16 05:00:00,monsoon,6,10,16,0.38,OK
BLR037,2025-07-16 06:00:00,monsoon,7,9,16,0.44,OK
BLR037,2025-07-16 07:00:00,monsoon,7,9,16,0.44,OK
BLR037,2025-07-16 08:00:00,monsoon,7,9,16,0.44,OK
BLR037,2025-07-16 09:00:00,monsoon,8,8,16,0.5,OK
BLR037,2025-07-16 10:00:00,monsoon,9,7,16,0.56,OK
BLR037,2025-07-16 11:00:00,monsoon,9,7,16,0.56,OK
BLR037,2025-07-16 12:00:00,monsoon,10,6,16,0.62,OK
BLR037,2025-07-16 13:00:00,monsoon,10,6,16,0.62,OK
BLR037,2025-07-16 14:00:00,monsoon,11,5,16,0.69,OK
BLR037,2025-07-16 15:00:00,monsoon,11,5,16,0.69,OK
BLR037,2025-07-16 16:00:00,monsoon,11,5,16,0.69,OK
BLR037,2025-07-16 17:00:00,monsoon,9,7,16,0.56,OK
BLR037,2025-07-16 18:00:00,monsoon,9,7,16,0.56,OK
BLR037,2025-07-16 19:00:00,monsoon,7,9,16,0.44,OK
BLR037,2025-07-16 20:00:00,monsoon,5,11,16,0.31,OK
BLR037,2025-07-16 21:00:00,monsoon,4,12,16,0.25,OK
BLR037,2025-07-16 22:00:00,monsoon,3,13,16,0.19,OK
BLR037,2025-07-16 23:00:00,monsoon,3,13,16,0.19,OK
BLR037,2025-07-17 00:00:00,monsoon,4,12,16,0.25,OK
BLR037,2025-07-17 01:00:00,monsoon,3,13,16,0.19,OK
BLR037,2025-07-17 02:00:00,monsoon,3,13,16,0.19,OK
BLR037,2025-07-17 03:00:00,monsoon,2,14,16,0.12,OK
BLR037,2025-07-17 04:00:00,monsoon,3,13,16,0.19,OK
BLR037,2025-07-17 05:00:00,monsoon,4,12,16,0.25,OK
BLR037,2025-07-17 06:00:00,monsoon,4,12,16,0.25,OK
BLR037,2025-07-17 07:00:00,monsoon,4,12,16,0.25,OK
BLR037,2025-07-17 08:00:00,monsoon,5,11,16,0.31,OK
BLR037,2025-07-17 09:00:00,monsoon,5,11,16,0.31,OK
BLR037,2025-07-17 10:00:00,monsoon,5,11,16,0.31,OK
BLR037,2025-07-17 11:00:00,monsoon,4,12,16,0.25,OK
BLR037,2025-07-17 12:00:00,monsoon,4,12,16,0.25,OK
BLR037,2025-07-17 13:00:00,monsoon,4,12,16,0.25,OK
BLR037,2025-07-17 14:00:00,monsoon,3,13,16,0.19,OK
BLR037,2025-07-17 15:00:00,monsoon,3,13,16,0.19,OK
BLR037,2025-07-17 16:00:00,monsoon,3,13,16,0.19,OK
BLR037,2025-07-17 17:00:00,monsoon,2,14,16,0.12,OK
BLR037,2025-07-17 18:00:00,monsoon,1,15,16,0.06,Understocked
BLR037,2025-07-17 19:00:00,monsoon,0,16,16,0.0,Understocked
BLR037,2025-07-17 20:00:00,monsoon,0,16,16,0.0,Understocked
BLR037,2025-07-17 21:00:00,monsoon,1,15,16,0.06,Understocked
BLR037,2025-07-17 22:00:00,monsoon,2,14,16,0.12,OK
BLR037,2025-07-17 23:00:00,monsoon,2,14,16,0.12,OK
BLR037,2025-07-18 00:00:00,monsoon,2,14,16,0.12,OK
BLR037,2025-07-18 01:00:00,monsoon,2,14,16,0.12,OK
BLR037,2025-07-18 02:00:00,monsoon,2,14,16,0.12,OK
BLR037,2025-07-18 03:00:00,monsoon,1,15,16,0.06,Understocked
BLR037,2025-07-18 04:00:00,monsoon,1,15,16,0.06,Understocked
BLR037,2025-07-18 05:00:00,monsoon,1,15,16,0.06,Understocked
BLR037,2025-07-18 06:00:00,monsoon,1,15,16,0.06,Understocked
BLR037,2025-07-18 07:00:00,monsoon,1,15,16,0.06,Understocked
BLR037,2025-07-18 08:00:00,monsoon,1,15,16,0.06,Understocked
BLR037,2025-07-18 09:00:00,monsoon,1,15,16,0.06,Understocked
BLR037,2025-07-18 10:00:00,monsoon,1,15,16,0.06,Understocked
BLR037,2025-07-18 11:00:00,monsoon,1,15,16,0.06,Understocked
BLR037,2025-07-18 12:00:00,monsoon,2,14,16,0.12,OK
BLR037,2025-07-18 13:00:00,monsoon,1,15,16,0.06,Understocked
BLR037,2025-07-18 14:00:00,monsoon,1,15,16,0.06,Understocked
BLR037,2025-07-18 15:00:00,monsoon,0,16,16,0.0,Understocked
BLR037,2025-07-18 16:00:00,monsoon,0,16,16,0.0,Understocked
BLR037,2025-07-18 17:00:00,monsoon,0,16,16,0.0,Understocked
BLR037,2025-07-18 18:00:00,monsoon,0,16,16,0.0,Understocked
BLR037,2025-07-18 19:00:00,monsoon,0,16,16,0.0,Understocked
BLR037,2025-07-18 20:00:00,monsoon,0,16,16,0.0,Understocked
BLR037,2025-07-18 21:00:00,monsoon,0,16,16,0.0,Understocked
BLR037,2025-07-18 22:00:00,monsoon,0,16,16,0.0,Understocked
BLR037,2025-07-18 23:00:00,monsoon,0,16,16,0.0,Understocked
BLR037,2025-07-19 00:00:00,monsoon,0,16,16,0.0,Understocked
BLR037,2025-07-19 01:00:00,monsoon,0,16,16,0.0,Understocked
BLR037,2025-07-19 02:00:00,monsoon,0,16,16,0.0,Understocked
BLR037,2025-07-19 03:00:00,monsoon,0,16,16,0.0,Understocked
BLR037,2025-07-19 04:00:00,monsoon,0,16,16,0.0,Understocked
BLR037,2025-07-19 05:00:00,monsoon,0,16,16,0.0,Understocked
BLR037,2025-07-19 06:00:00,monsoon,0,16,16,0.0,Understocked
BLR037,2025-07-19 07:00:00,monsoon,0,16,16,0.0,Understocked
BLR037,2025-07-19 08:00:00,monsoon,0,16,16,0.0,Understocked
BLR037,2025-07-19 09:00:00,monsoon,0,16,16,0.0,Understocked
BLR037,2025-07-19 10:00:00,monsoon,0,16,16,0.0,Understocked
BLR037,2025-07-19 11:00:00,monsoon,0,16,16,0.0,Understocked
BLR037,2025-07-19 12:00:00,monsoon,0,16,16,0.0,Understocked
BLR037,2025-07-19 13:00:00,monsoon,0,16,16,0.0,Understocked
BLR037,2025-07-19 14:00:00,monsoon,1,15,16,0.06,Understocked
BLR037,2025-07-19 15:00:00,monsoon,0,16,16,0.0,Understocked
BLR037,2025-07-19 16:00:00,monsoon,0,16,16,0.0,Understocked
BLR037,2025-07-19 17:00:00,monsoon,0,16,16,0.0,Understocked
BLR037,2025-07-19 18:00:00,monsoon,0,16,16,0.0,Understocked
BLR037,2025-07-19 19:00:00,monsoon,0,16,16,0.0,Understocked
BLR037,2025-07-19 20:00:00,monsoon,0,16,16,0.0,Understocked
BLR037,2025-07-19 21:00:00,monsoon,0,16,16,0.0,Understocked
BLR037,2025-07-19 22:00:00,monsoon,0,16,16,0.0,Understocked
BLR037,2025-07-19 23:00:00,monsoon,0,16,16,0.0,Understocked
BLR037,2025-07-20 00:00:00,monsoon,1,15,16,0.06,Understocked
BLR037,2025-07-20 01:00:00,monsoon,2,14,16,0.12,OK
BLR037,2025-07-20 02:00:00,monsoon,2,14,16,0.12,OK
BLR037,2025-07-20 03:00:00,monsoon,2,14,16,0.12,OK
BLR037,2025-07-20 04:00:00,monsoon,2,14,16,0.12,OK
BLR037,2025-07-20 05:00:00,monsoon,2,14,16,0.12,OK
BLR037,2025-07-20 06:00:00,monsoon,2,14,16,0.12,OK
BLR037,2025-07-20 07:00:00,monsoon,2,14,16,0.12,OK
BLR037,2025-07-20 08:00:00,monsoon,2,14,16,0.12,OK
BLR037,2025-07-20 09:00:00,monsoon,2,14,16,0.12,OK
BLR037,2025-07-20 10:00:00,monsoon,2,14,16,0.12,OK
BLR037,2025-07-20 11:00:00,monsoon,3,13,16,0.19,OK
BLR037,2025-07-20 12:00:00,monsoon,3,13,16,0.19,OK
BLR037,2025-07-20 13:00:00,monsoon,3,13,16,0.19,OK
BLR037,2025-07-20 14:00:00,monsoon,2,14,16,0.12,OK
BLR037,2025-07-20 15:00:00,monsoon,2,14,16,0.12,OK
BLR037,2025-07-20 16:00:00,monsoon,2,14,16,0.12,OK
BLR037,2025-07-20 17:00:00,monsoon,0,16,16,0.0,Understocked
BLR037,2025-07-20 18:00:00,monsoon,0,16,16,0.0,Understocked
BLR037,2025-07-20 19:00:00,monsoon,0,16,16,0.0,Understocked
BLR037,2025-07-20 20:00:00,monsoon,0,16,16,0.0,Understocked
BLR037,2025-07-20 21:00:00,monsoon,0,16,16,0.0,Understocked
BLR037,2025-07-20 22:00:00,monsoon,0,16,16,0.0,Understocked
BLR037,2025-07-20 23:00:00,monsoon,0,16,16,0.0,Understocked
BLR038,2025-07-14 00:00:00,monsoon,6,6,12,0.5,OK
BLR038,2025-07-14 01:00:00,monsoon,5,7,12,0.42,OK
BLR038,2025-07-14 02:00:00,monsoon,6,6,12,0.5,OK
BLR038,2025-07-14 03:00:00,monsoon,6,6,12,0.5,OK
BLR038,2025-07-14 04:00:00,monsoon,6,6,12,0.5,OK
BLR038,2025-07-14 05:00:00,monsoon,6,6,12,0.5,OK
BLR038,2025-07-14 06:00:00,monsoon,6,6,12,0.5,OK
BLR038,2025-07-14 07:00:00,monsoon,6,6,12,0.5,OK
BLR038,2025-07-14 08:00:00,monsoon,6,6,12,0.5,OK
BLR038,2025-07-14 09:00:00,monsoon,8,4,12,0.67,OK
BLR038,2025-07-14 10:00:00,monsoon,8,4,12,0.67,OK
BLR038,2025-07-14 11:00:00,monsoon,7,5,12,0.58,OK
BLR038,2025-07-14 12:00:00,monsoon,8,4,12,0.67,OK
BLR038,2025-07-14 13:00:00,monsoon,7,5,12,0.58,OK
BLR038,2025-07-14 14:00:00,monsoon,6,6,12,0.5,OK
BLR038,2025-07-14 15:00:00,monsoon,6,6,12,0.5,OK
BLR038,2025-07-14 16:00:00,monsoon,6,6,12,0.5,OK
BLR038,2025-07-14 17:00:00,monsoon,2,10,12,0.17,OK
BLR038,2025-07-14 18:00:00,monsoon,2,10,12,0.17,OK
BLR038,2025-07-14 19:00:00,monsoon,0,12,12,0.0,Understocked
BLR038,2025-07-14 20:00:00,monsoon,0,12,12,0.0,Understocked
BLR038,2025-07-14 21:00:00,monsoon,0,12,12,0.0,Understocked
BLR038,2025-07-14 22:00:00,monsoon,0,12,12,0.0,Understocked
BLR038,2025-07-14 23:00:00,monsoon,0,12,12,0.0,Understocked
BLR038,2025-07-15 00:00:00,monsoon,0,12,12,0.0,Understocked
BLR038,2025-07-15 01:00:00,monsoon,0,12,12,0.0,Understocked
BLR038,2025-07-15 02:00:00,monsoon,1,11,12,0.08,Understocked
BLR038,2025-07-15 03:00:00,monsoon,1,11,12,0.08,Understocked
BLR038,2025-07-15 04:00:00,monsoon,1,11,12,0.08,Understocked
BLR038,2025-07-15 05:00:00,monsoon,0,12,12,0.0,Understocked
BLR038,2025-07-15 06:00:00,monsoon,0,12,12,0.0,Understocked
BLR038,2025-07-15 07:00:00,monsoon,1,11,12,0.08,Understocked
BLR038,2025-07-15 08:00:00,monsoon,2,10,12,0.17,OK
BLR038,2025-07-15 09:00:00,monsoon,2,10,12,0.17,OK
BLR038,2025-07-15 10:00:00,monsoon,2,10,12,0.17,OK
BLR038,2025-07-15 11:00:00,monsoon,2,10,12,0.17,OK
BLR038,2025-07-15 12:00:00,monsoon,1,11,12,0.08,Understocked
BLR038,2025-07-15 13:00:00,monsoon,0,12,12,0.0,Understocked
BLR038,2025-07-15 14:00:00,monsoon,0,12,12,0.0,Understocked
BLR038,2025-07-15 15:00:00,monsoon,0,12,12,0.0,Understocked
BLR038,2025-07-15 16:00:00,monsoon,1,11,12,0.08,Understocked
BLR038,2025-07-15 17:00:00,monsoon,1,11,12,0.08,Understocked
BLR038,2025-07-15 18:00:00,monsoon,0,12,12,0.0,Understocked
BLR038,2025-07-15 19:00:00,monsoon,0,12,12,0.0,Understocked
BLR038,2025-07-15 20:00:00,monsoon,0,12,12,0.0,Understocked
BLR038,2025-07-15 21:00:00,monsoon,0,12,12,0.0,Understocked
BLR038,2025-07-15 22:00:00,monsoon,0,12,12,0.0,Understocked
BLR038,2025-07-15 23:00:00,monsoon,0,12,12,0.0,Understocked
BLR038,2025-07-16 00:00:00,monsoon,0,12,12,0.0,Understocked
BLR038,2025-07-16 01:00:00,monsoon,1,11,12,0.08,Understocked
BLR038,2025-07-16 02:00:00,monsoon,2,10,12,0.17,OK
BLR038,2025-07-16 03:00:00,monsoon,2,10,12,0.17,OK
BLR038,2025-07-16 04:00:00,monsoon,3,9,12,0.25,OK
BLR038,2025-07-16 05:00:00,monsoon,2,10,12,0.17,OK
BLR038,2025-07-16 06:00:00,monsoon,3,9,12,0.25,OK
BLR038,2025-07-16 07:00:00,monsoon,3,9,12,0.25,OK
BLR038,2025-07-16 08:00:00,monsoon,3,9,12,0.25,OK
BLR038,2025-07-16 09:00:00,monsoon,3,9,12,0.25,OK
BLR038,2025-07-16 10:00:00,monsoon,7,5,12,0.58,OK
BLR038,2025-07-16 11:00:00,monsoon,8,4,12,0.67,OK
BLR038,2025-07-16 12:00:00,monsoon,7,5,12,0.58,OK
BLR038,2025-07-16 13:00:00,monsoon,7,5,12,0.58,OK
BLR038,2025-07-16 14:00:00,monsoon,7,5,12,0.58,OK
BLR038,2025-07-16 15:00:00,monsoon,7,5,12,0.58,OK
BLR038,2025-07-16 16:00:00,monsoon,7,5,12,0.58,OK
BLR038,2025-07-16 17:00:00,monsoon,7,5,12,0.58,OK
BLR038,2025-07-16 18:00:00,monsoon,6,6,12,0.5,OK
BLR038,2025-07-16 19:00:00,monsoon,6,6,12,0.5,OK
BLR038,2025-07-16 20:00:00,monsoon,5,7,12,0.42,OK
BLR038,2025-07-16 21:00:00,monsoon,4,8,12,0.33,OK
BLR038,2025-07-16 22:00:00,monsoon,4,8,12,0.33,OK
BLR038,2025-07-16 23:00:00,monsoon,4,8,12,0.33,OK
BLR038,2025-07-17 00:00:00,monsoon,5,7,12,0.42,OK
BLR038,2025-07-17 01:00:00,monsoon,4,8,12,0.33,OK
BLR038,2025-07-17 02:00:00,monsoon,3,9,12,0.25,OK
BLR038,2025-07-17 03:00:00,monsoon,4,8,12,0.33,OK
BLR038,2025-07-17 04:00:00,monsoon,5,7,12,0.42,OK
BLR038,2025-07-17 05:00:00,monsoon,5,7,12,0.42,OK
BLR038,2025-07-17 06:00:00,monsoon,5,7,12,0.42,OK
BLR038,2025-07-17 07:00:00,monsoon,5,7,12,0.42,OK
BLR038,2025-07-17 08:00:00,monsoon,5,7,12,0.42,OK
BLR038,2025-07-17 09:00:00,monsoon,5,7,12,0.42,OK
BLR038,2025-07-17 10:00:00,monsoon,7,5,12,0.58,OK
BLR038,2025-07-17 11:00:00,monsoon,7,5,12,0.58,OK
BLR038,2025-07-17 12:00:00,monsoon,8,4,12,0.67,OK
BLR038,2025-07-17 13:00:00,monsoon,8,4,12,0.67,OK
BLR038,2025-07-17 14:00:00,monsoon,8,4,12,0.67,OK
BLR038,2025-07-17 15:00:00,monsoon,7,5,12,0.58,OK
BLR038,2025-07-17 16:00:00,monsoon,7,5,12,0.58,OK
BLR038,2025-07-17 17:00:00,monsoon,7,5,12,0.58,OK
BLR038,2025-07-17 18:00:00,monsoon,5,7,12,0.42,OK
BLR038,2025-07-17 19:00:00,monsoon,2,10,12,0.17,OK
BLR038,2025-07-17 20:00:00,monsoon,2,10,12,0.17,OK
BLR038,2025-07-17 21:00:00,monsoon,2,10,12,0.17,OK
BLR038,2025-07-17 22:00:00,monsoon,2,10,12,0.17,OK
BLR038,2025-07-17 23:00:00,monsoon,3,9,12,0.25,OK
BLR038,2025-07-18 00:00:00,monsoon,3,9,12,0.25,OK
BLR038,2025-07-18 01:00:00,monsoon,3,9,12,0.25,OK
BLR038,2025-07-18 02:00:00,monsoon,2,10,12,0.17,OK
BLR038,2025-07-18 03:00:00,monsoon,3,9,12,0.25,OK
BLR038,2025-07-18 04:00:00,monsoon,3,9,12,0.25,OK
BLR038,2025-07-18 05:00:00,monsoon,3,9,12,0.25,OK
BLR038,2025-07-18 06:00:00,monsoon,4,8,12,0.33,OK
BLR038,2025-07-18 07:00:00,monsoon,4,8,12,0.33,OK
BLR038,2025-07-18 08:00:00,monsoon,4,8,12,0.33,OK
BLR038,2025-07-18 09:00:00,monsoon,5,7,12,0.42,OK
BLR038,2025-07-18 10:00:00,monsoon,5,7,12,0.42,OK
BLR038,2025-07-18 11:00:00,monsoon,5,7,12,0.42,OK
BLR038,2025-07-18 12:00:00,monsoon,5,7,12,0.42,OK
BLR038,2025-07-18 13:00:00,monsoon,4,8,12,0.33,OK
BLR038,2025-07-18 14:00:00,monsoon,4,8,12,0.33,OK
BLR038,2025-07-18 15:00:00,monsoon,4,8,12,0.33,OK
BLR038,2025-07-18 16:00:00,monsoon,3,9,12,0.25,OK
BLR038,2025-07-18 17:00:00,monsoon,1,11,12,0.08,Understocked
BLR038,2025-07-18 18:00:00,monsoon,1,11,12,0.08,Understocked
BLR038,2025-07-18 19:00:00,monsoon,1,11,12,0.08,Understocked
BLR038,2025-07-18 20:00:00,monsoon,0,12,12,0.0,Understocked
BLR038,2025-07-18 21:00:00,monsoon,0,12,12,0.0,Understocked
BLR038,2025-07-18 22:00:00,monsoon,0,12,12,0.0,Understocked
BLR038,2025-07-18 23:00:00,monsoon,0,12,12,0.0,Understocked
BLR038,2025-07-19 00:00:00,monsoon,0,12,12,0.0,Understocked
BLR038,2025-07-19 01:00:00,monsoon,0,12,12,0.0,Understocked
BLR038,2025-07-19 02:00:00,monsoon,0,12,12,0.0,Understocked
BLR038,2025-07-19 03:00:00,monsoon,0,12,12,0.0,Understocked
BLR038,2025-07-19 04:00:00,monsoon,0,12,12,0.0,Understocked
BLR038,2025-07-19 05:00:00,monsoon,0,12,12,0.0,Understocked
BLR038,2025-07-19 06:00:00,monsoon,0,12,12,0.0,Understocked
BLR038,2025-07-19 07:00:00,monsoon,0,12,12,0.0,Understocked
BLR038,2025-07-19 08:00:00,monsoon,0,12,12,0.0,Understocked
BLR038,2025-07-19 09:00:00,monsoon,0,12,12,0.0,Understocked
BLR038,2025-07-19 10:00:00,monsoon,0,12,12,0.0,Understocked
BLR038,2025-07-19 11:00:00,monsoon,0,12,12,0.0,Understocked
BLR038,2025-07-19 12:00:00,monsoon,0,12,12,0.0,Understocked
BLR038,2025-07-19 13:00:00,monsoon,1,11,12,0.08,Understocked
BLR038,2025-07-19 14:00:00,monsoon,1,11,12,0.08,Understocked
BLR038,2025-07-19 15:00:00,monsoon,2,10,12,0.17,OK
BLR038,2025-07-19 16:00:00,monsoon,2,10,12,0.17,OK
BLR038,2025-07-19 17:00:00,monsoon,0,12,12,0.0,Understocked
BLR038,2025-07-19 18:00:00,monsoon,0,12,12,0.0,Understocked
BLR038,2025-07-19 19:00:00,monsoon,0,12,12,0.0,Understocked
BLR038,2025-07-19 20:00:00,monsoon,0,12,12,0.0,Understocked
BLR038,2025-07-19 21:00:00,monsoon,0,12,12,0.0,Understocked
BLR038,2025-07-19 22:00:00,monsoon,0,12,12,0.0,Understocked
BLR038,2025-07-19 23:00:00,monsoon,1,11,12,0.08,Understocked
BLR038,2025-07-20 00:00:00,monsoon,0,12,12,0.0,Understocked
BLR038,2025-07-20 01:00:00,monsoon,0,12,12,0.0,Understocked
BLR038,2025-07-20 02:00:00,monsoon,0,12,12,0.0,Understocked
BLR038,2025-07-20 03:00:00,monsoon,0,12,12,0.0,Understocked
BLR038,2025-07-20 04:00:00,monsoon,0,12,12,0.0,Understocked
BLR038,2025-07-20 05:00:00,monsoon,0,12,12,0.0,Understocked
BLR038,2025-07-20 06:00:00,monsoon,0,12,12,0.0,Understocked
BLR038,2025-07-20 07:00:00,monsoon,0,12,12,0.0,Understocked
BLR038,2025-07-20 08:00:00,monsoon,0,12,12,0.0,Understocked
BLR038,2025-07-20 09:00:00,monsoon,0,12,12,0.0,Understocked
BLR038,2025-07-20 10:00:00,monsoon,1,11,12,0.08,Understocked
BLR038,2025-07-20 11:00:00,monsoon,2,10,12,0.17,OK
BLR038,2025-07-20 12:00:00,monsoon,2,10,12,0.17,OK
BLR038,2025-07-20 13:00:00,monsoon,3,9,12,0.25,OK
BLR038,2025-07-20 14:00:00,monsoon,2,10,12,0.17,OK
BLR038,2025-07-20 15:00:00,monsoon,2,10,12,0.17,OK
BLR038,2025-07-20 16:00:00,monsoon,2,10,12,0.17,OK
BLR038,2025-07-20 17:00:00,monsoon,0,12,12,0.0,Understocked
BLR038,2025-07-20 18:00:00,monsoon,0,12,12,0.0,Understocked
BLR038,2025-07-20 19:00:00,monsoon,0,12,12,0.0,Understocked
BLR038,2025-07-20 20:00:00,monsoon,0,12,12,0.0,Understocked
BLR038,2025-07-20 21:00:00,monsoon,0,12,12,0.0,Understocked
BLR038,2025-07-20 22:00:00,monsoon,0,12,12,0.0,Understocked
BLR038,2025-07-20 23:00:00,monsoon,0,12,12,0.0,Understocked
BLR039,2025-07-14 00:00:00,monsoon,7,13,20,0.35,OK
BLR039,2025-07-14 01:00:00,monsoon,8,12,20,0.4,OK
BLR039,2025-07-14 02:00:00,monsoon,9,11,20,0.45,OK
BLR039,2025-07-14 03:00:00,monsoon,10,10,20,0.5,OK
BLR039,2025-07-14 04:00:00,monsoon,11,9,20,0.55,OK
BLR039,2025-07-14 05:00:00,monsoon,11,9,20,0.55,OK
BLR039,2025-07-14 06:00:00,monsoon,11,9,20,0.55,OK
BLR039,2025-07-14 07:00:00,monsoon,11,9,20,0.55,OK
BLR039,2025-07-14 08:00:00,monsoon,11,9,20,0.55,OK
BLR039,2025-07-14 09:00:00,monsoon,13,7,20,0.65,OK
BLR039,2025-07-14 10:00:00,monsoon,13,7,20,0.65,OK
BLR039,2025-07-14 11:00:00,monsoon,14,6,20,0.7,OK
BLR039,2025-07-14 12:00:00,monsoon,14,6,20,0.7,OK
BLR039,2025-07-14 13:00:00,monsoon,15,5,20,0.75,OK
BLR039,2025-07-14 14:00:00,monsoon,14,6,20,0.7,OK
BLR039,2025-07-14 15:00:00,monsoon,15,5,20,0.75,OK
BLR039,2025-07-14 16:00:00,monsoon,15,5,20,0.75,OK
BLR039,2025-07-14 17:00:00,monsoon,14,6,20,0.7,OK
BLR039,2025-07-14 18:00:00,monsoon,14,6,20,0.7,OK
BLR039,2025-07-14 19:00:00,monsoon,13,7,20,0.65,OK
BLR039,2025-07-14 20:00:00,monsoon,11,9,20,0.55,OK
BLR039,2025-07-14 21:00:00,monsoon,11,9,20,0.55,OK
BLR039,2025-07-14 22:00:00,monsoon,11,9,20,0.55,OK
BLR039,2025-07-14 23:00:00,monsoon,11,9,20,0.55,OK
BLR039,2025-07-15 00:00:00,monsoon,11,9,20,0.55,OK
BLR039,2025-07-15 01:00:00,monsoon,11,9,20,0.55,OK
BLR039,2025-07-15 02:00:00,monsoon,12,8,20,0.6,OK
BLR039,2025-07-15 03:00:00,monsoon,12,8,20,0.6,OK
BLR039,2025-07-15 04:00:00,monsoon,12,8,20,0.6,OK
BLR039,2025-07-15 05:00:00,monsoon,12,8,20,0.6,OK
BLR039,2025-07-15 06:00:00,monsoon,11,9,20,0.55,OK
BLR039,2025-07-15 07:00:00,monsoon,11,9,20,0.55,OK
BLR039,2025-07-15 08:00:00,monsoon,11,9,20,0.55,OK
BLR039,2025-07-15 09:00:00,monsoon,13,7,20,0.65,OK
BLR039,2025-07-15 10:00:00,monsoon,16,4,20,0.8,OK
BLR039,2025-07-15 11:00:00,monsoon,16,4,20,0.8,OK
BLR039,2025-07-15 12:00:00,monsoon,16,4,20,0.8,OK
BLR039,2025-07-15 13:00:00,monsoon,16,4,20,0.8,OK
BLR039,2025-07-15 14:00:00,monsoon,16,4,20,0.8,OK
BLR039,2025-07-15 15:00:00,monsoon,17,3,20,0.85,OK
BLR039,2025-07-15 16:00:00,monsoon,16,4,20,0.8,OK
BLR039,2025-07-15 17:00:00,monsoon,16,4,20,0.8,OK
BLR039,2025-07-15 18:00:00,monsoon,15,5,20,0.75,OK
BLR039,2025-07-15 19:00:00,monsoon,13,7,20,0.65,OK
BLR039,2025-07-15 20:00:00,monsoon,11,9,20,0.55,OK
BLR039,2025-07-15 21:00:00,monsoon,11,9,20,0.55,OK
BLR039,2025-07-15 22:00:00,monsoon,11,9,20,0.55,OK
BLR039,2025-07-15 23:00:00,monsoon,11,9,20,0.55,OK
BLR039,2025-07-16 00:00:00,monsoon,11,9,20,0.55,OK
BLR039,2025-07-16 01:00:00,monsoon,11,9,20,0.55,OK
BLR039,2025-07-16 02:00:00,monsoon,11,9,20,0.55,OK
BLR039,2025-07-16 03:00:00,monsoon,10,10,20,0.5,OK
BLR039,2025-07-16 04:00:00,monsoon,11,9,20,0.55,OK
BLR039,2025-07-16 05:00:00,monsoon,12,8,20,0.6,OK
BLR039,2025-07-16 06:00:00,monsoon,13,7,20,0.65,OK
BLR039,2025-07-16 07:00:00,monsoon,14,6,20,0.7,OK
BLR039,2025-07-16 08:00:00,monsoon,14,6,20,0.7,OK
BLR039,2025-07-16 09:00:00,monsoon,14,6,20,0.7,OK
BLR039,2025-07-16 10:00:00,monsoon,15,5,20,0.75,OK
BLR039,2025-07-16 11:00:00,monsoon,15,5,20,0.75,OK
BLR039,2025-07-16 12:00:00,monsoon,15,5,20,0.75,OK
BLR039,2025-07-16 13:00:00,monsoon,15,5,20,0.75,OK
BLR039,2025-07-16 14:00:00,monsoon,15,5,20,0.75,OK
BLR039,2025-07-16 15:00:00,monsoon,16,4,20,0.8,OK
BLR039,2025-07-16 16:00:00,monsoon,16,4,20,0.8,OK
BLR039,2025-07-16 17:00:00,monsoon,15,5,20,0.75,OK
BLR039,2025-07-16 18:00:00,monsoon,14,6,20,0.7,OK
BLR039,2025-07-16 19:00:00,monsoon,14,6,20,0.7,OK
BLR039,2025-07-16 20:00:00,monsoon,11,9,20,0.55,OK
BLR039,2025-07-16 21:00:00,monsoon,11,9,20,0.55,OK
BLR039,2025-07-16 22:00:00,monsoon,11,9,20,0.55,OK
BLR039,2025-07-16 23:00:00,monsoon,11,9,20,0.55,OK
BLR039,2025-07-17 00:00:00,monsoon,10,10,20,0.5,OK
BLR039,2025-07-17 01:00:00,monsoon,10,10,20,0.5,OK
BLR039,2025-07-17 02:00:00,monsoon,10,10,20,0.5,OK
BLR039,2025-07-17 03:00:00,monsoon,10,10,20,0.5,OK
BLR039,2025-07-17 04:00:00,monsoon,11,9,20,0.55,OK
BLR039,2025-07-17 05:00:00,monsoon,11,9,20,0.55,OK
BLR039,2025-07-17 06:00:00,monsoon,11,9,20,0.55,OK
BLR039,2025-07-17 07:00:00,monsoon,11,9,20,0.55,OK
BLR039,2025-07-17 08:00:00,monsoon,11,9,20,0.55,OK
BLR039,2025-07-17 09:00:00,monsoon,11,9,20,0.55,OK
BLR039,2025-07-17 10:00:00,monsoon,11,9,20,0.55,OK
BLR039,2025-07-17 11:00:00,monsoon,12,8,20,0.6,OK
BLR039,2025-07-17 12:00:00,monsoon,13,7,20,0.65,OK
BLR039,2025-07-17 13:00:00,monsoon,14,6,20,0.7,OK
BLR039,2025-07-17 14:00:00,monsoon,14,6,20,0.7,OK
BLR039,2025-07-17 15:00:00,monsoon,13,7,20,0.65,OK
BLR039,2025-07-17 16:00:00,monsoon,13,7,20,0.65,OK
BLR039,2025-07-17 17:00:00,monsoon,12,8,20,0.6,OK
BLR039,2025-07-17 18:00:00,monsoon,11,9,20,0.55,OK
BLR039,2025-07-17 19:00:00,monsoon,6,14,20,0.3,OK
BLR039,2025-07-17 20:00:00,monsoon,3,17,20,0.15,OK
BLR039,2025-07-17 21:00:00,monsoon,2,18,20,0.1,Understocked
BLR039,2025-07-17 22:00:00,monsoon,1,19,20,0.05,Understocked
BLR039,2025-07-17 23:00:00,monsoon,2,18,20,0.1,Understocked
BLR039,2025-07-18 00:00:00,monsoon,3,17,20,0.15,OK
BLR039,2025-07-18 01:00:00,monsoon,4,16,20,0.2,OK
BLR039,2025-07-18 02:00:00,monsoon,4,16,20,0.2,OK
BLR039,2025-07-18 03:00:00,monsoon,3,17,20,0.15,OK
BLR039,2025-07-18 04:00:00,monsoon,3,17,20,0.15,OK
BLR039,2025-07-18 05:00:00,monsoon,3,17,20,0.15,OK
BLR039,2025-07-18 06:00:00,monsoon,3,17,20,0.15,OK
BLR039,2025-07-18 07:00:00,monsoon,3,17,20,0.15,OK
BLR039,2025-07-18 08:00:00,monsoon,3,17,20,0.15,OK
BLR039,2025-07-18 09:00:00,monsoon,3,17,20,0.15,OK
BLR039,2025-07-18 10:00:00,monsoon,3,17,20,0.15,OK
BLR039,2025-07-18 11:00:00,monsoon,3,17,20,0.15,OK
BLR039,2025-07-18 12:00:00,monsoon,4,16,20,0.2,OK
BLR039,2025-07-18 13:00:00,monsoon,3,17,20,0.15,OK
BLR039,2025-07-18 14:00:00,monsoon,2,18,20,0.1,Understocked
BLR039,2025-07-18 15:00:00,monsoon,2,18,20,0.1,Understocked
BLR039,2025-07-18 16:00:00,monsoon,3,17,20,0.15,OK
BLR039,2025-07-18 17:00:00,monsoon,3,17,20,0.15,OK
BLR039,2025-07-18 18:00:00,monsoon,3,17,20,0.15,OK
BLR039,2025-07-18 19:00:00,monsoon,3,17,20,0.15,OK
BLR039,2025-07-18 20:00:00,monsoon,3,17,20,0.15,OK
BLR039,2025-07-18 21:00:00,monsoon,4,16,20,0.2,OK
BLR039,2025-07-18 22:00:00,monsoon,3,17,20,0.15,OK
BLR039,2025-07-18 23:00:00,monsoon,3,17,20,0.15,OK
BLR039,2025-07-19 00:00:00,monsoon,3,17,20,0.15,OK
BLR039,2025-07-19 01:00:00,monsoon,3,17,20,0.15,OK
BLR039,2025-07-19 02:00:00,monsoon,3,17,20,0.15,OK
BLR039,2025-07-19 03:00:00,monsoon,4,16,20,0.2,OK
BLR039,2025-07-19 04:00:00,monsoon,3,17,20,0.15,OK
BLR039,2025-07-19 05:00:00,monsoon,4,16,20,0.2,OK
BLR039,2025-07-19 06:00:00,monsoon,4,16,20,0.2,OK
BLR039,2025-07-19 07:00:00,monsoon,4,16,20,0.2,OK
BLR039,2025-07-19 08:00:00,monsoon,5,15,20,0.25,OK
BLR039,2025-07-19 09:00:00,monsoon,5,15,20,0.25,OK
BLR039,2025-07-19 10:00:00,monsoon,7,13,20,0.35,OK
BLR039,2025-07-19 11:00:00,monsoon,7,13,20,0.35,OK
BLR039,2025-07-19 12:00:00,monsoon,7,13,20,0.35,OK
BLR039,2025-07-19 13:00:00,monsoon,8,12,20,0.4,OK
BLR039,2025-07-19 14:00:00,monsoon,8,12,20,0.4,OK
BLR039,2025-07-19 15:00:00,monsoon,8,12,20,0.4,OK
BLR039,2025-07-19 16:00:00,monsoon,8,12,20,0.4,OK
BLR039,2025-07-19 17:00:00,monsoon,5,15,20,0.25,OK
BLR039,2025-07-19 18:00:00,monsoon,2,18,20,0.1,Understocked
BLR039,2025-07-19 19:00:00,monsoon,0,20,20,0.0,Understocked
BLR039,2025-07-19 20:00:00,monsoon,0,20,20,0.0,Understocked
BLR039,2025-07-19 21:00:00,monsoon,0,20,20,0.0,Understocked
BLR039,2025-07-19 22:00:00,monsoon,0,20,20,0.0,Understocked
BLR039,2025-07-19 23:00:00,monsoon,0,20,20,0.0,Understocked
BLR039,2025-07-20 00:00:00,monsoon,0,20,20,0.0,Understocked
BLR039,2025-07-20 01:00:00,monsoon,0,20,20,0.0,Understocked
BLR039,2025-07-20 02:00:00,monsoon,0,20,20,0.0,Understocked
BLR039,2025-07-20 03:00:00,monsoon,0,20,20,0.0,Understocked
BLR039,2025-07-20 04:00:00,monsoon,1,19,20,0.05,Understocked
BLR039,2025-07-20 05:00:00,monsoon,1,19,20,0.05,Understocked
BLR039,2025-07-20 06:00:00,monsoon,1,19,20,0.05,Understocked
BLR039,2025-07-20 07:00:00,monsoon,3,17,20,0.15,OK
BLR039,2025-07-20 08:00:00,monsoon,3,17,20,0.15,OK
BLR039,2025-07-20 09:00:00,monsoon,3,17,20,0.15,OK
BLR039,2025-07-20 10:00:00,monsoon,4,16,20,0.2,OK
BLR039,2025-07-20 11:00:00,monsoon,4,16,20,0.2,OK
BLR039,2025-07-20 12:00:00,monsoon,3,17,20,0.15,OK
BLR039,2025-07-20 13:00:00,monsoon,4,16,20,0.2,OK
BLR039,2025-07-20 14:00:00,monsoon,3,17,20,0.15,OK
BLR039,2025-07-20 15:00:00,monsoon,3,17,20,0.15,OK
BLR039,2025-07-20 16:00:00,monsoon,4,16,20,0.2,OK
BLR039,2025-07-20 17:00:00,monsoon,3,17,20,0.15,OK
BLR039,2025-07-20 18:00:00,monsoon,3,17,20,0.15,OK
BLR039,2025-07-20 19:00:00,monsoon,2,18,20,0.1,Understocked
BLR039,2025-07-20 20:00:00,monsoon,1,19,20,0.05,Understocked
BLR039,2025-07-20 21:00:00,monsoon,0,20,20,0.0,Understocked
BLR039,2025-07-20 22:00:00,monsoon,0,20,20,0.0,Understocked
BLR039,2025-07-20 23:00:00,monsoon,0,20,20,0.0,Understocked
BLR040,2025-07-14 00:00:00,monsoon,6,14,20,0.3,OK
BLR040,2025-07-14 01:00:00,monsoon,5,15,20,0.25,OK
BLR040,2025-07-14 02:00:00,monsoon,6,14,20,0.3,OK
BLR040,2025-07-14 03:00:00,monsoon,6,14,20,0.3,OK
BLR040,2025-07-14 04:00:00,monsoon,6,14,20,0.3,OK
BLR040,2025-07-14 05:00:00,monsoon,6,14,20,0.3,OK
BLR040,2025-07-14 06:00:00,monsoon,6,14,20,0.3,OK
BLR040,2025-07-14 07:00:00,monsoon,6,14,20,0.3,OK
BLR040,2025-07-14 08:00:00,monsoon,2,18,20,0.1,Understocked
BLR040,2025-07-14 09:00:00,monsoon,1,19,20,0.05,Understocked
BLR040,2025-07-14 10:00:00,monsoon,0,20,20,0.0,Understocked
BLR040,2025-07-14 11:00:00,monsoon,0,20,20,0.0,Understocked
BLR040,2025-07-14 12:00:00,monsoon,0,20,20,0.0,Understocked
BLR040,2025-07-14 13:00:00,monsoon,0,20,20,0.0,Understocked
BLR040,2025-07-14 14:00:00,monsoon,0,20,20,0.0,Understocked
BLR040,2025-07-14 15:00:00,monsoon,1,19,20,0.05,Understocked
BLR040,2025-07-14 16:00:00,monsoon,1,19,20,0.05,Understocked
BLR040,2025-07-14 17:00:00,monsoon,2,18,20,0.1,Understocked
BLR040,2025-07-14 18:00:00,monsoon,2,18,20,0.1,Understocked
BLR040,2025-07-14 19:00:00,monsoon,3,17,20,0.15,OK
BLR040,2025-07-14 20:00:00,monsoon,3,17,20,0.15,OK
BLR040,2025-07-14 21:00:00,monsoon,3,17,20,0.15,OK
BLR040,2025-07-14 22:00:00,monsoon,3,17,20,0.15,OK
BLR040,2025-07-14 23:00:00,monsoon,3,17,20,0.15,OK
BLR040,2025-07-15 00:00:00,monsoon,3,17,20,0.15,OK
BLR040,2025-07-15 01:00:00,monsoon,3,17,20,0.15,OK
BLR040,2025-07-15 02:00:00,monsoon,3,17,20,0.15,OK
BLR040,2025-07-15 03:00:00,monsoon,2,18,20,0.1,Understocked
BLR040,2025-07-15 04:00:00,monsoon,2,18,20,0.1,Understocked
BLR040,2025-07-15 05:00:00,monsoon,2,18,20,0.1,Understocked
BLR040,2025-07-15 06:00:00,monsoon,2,18,20,0.1,Understocked
BLR040,2025-07-15 07:00:00,monsoon,2,18,20,0.1,Understocked
BLR040,2025-07-15 08:00:00,monsoon,0,20,20,0.0,Understocked
BLR040,2025-07-15 09:00:00,monsoon,0,20,20,0.0,Understocked
BLR040,2025-07-15 10:00:00,monsoon,0,20,20,0.0,Understocked
BLR040,2025-07-15 11:00:00,monsoon,0,20,20,0.0,Understocked
BLR040,2025-07-15 12:00:00,monsoon,0,20,20,0.0,Understocked
BLR040,2025-07-15 13:00:00,monsoon,0,20,20,0.0,Understocked
BLR040,2025-07-15 14:00:00,monsoon,0,20,20,0.0,Understocked
BLR040,2025-07-15 15:00:00,monsoon,0,20,20,0.0,Understocked
BLR040,2025-07-15 16:00:00,monsoon,0,20,20,0.0,Understocked
BLR040,2025-07-15 17:00:00,monsoon,1,19,20,0.05,Understocked
BLR040,2025-07-15 18:00:00,monsoon,5,15,20,0.25,OK
BLR040,2025-07-15 19:00:00,monsoon,6,14,20,0.3,OK
BLR040,2025-07-15 20:00:00,monsoon,6,14,20,0.3,OK
BLR040,2025-07-15 21:00:00,monsoon,6,14,20,0.3,OK
BLR040,2025-07-15 22:00:00,monsoon,7,13,20,0.35,OK
BLR040,2025-07-15 23:00:00,monsoon,7,13,20,0.35,OK
BLR040,2025-07-16 00:00:00,monsoon,7,13,20,0.35,OK
BLR040,2025-07-16 01:00:00,monsoon,7,13,20,0.35,OK
BLR040,2025-07-16 02:00:00,monsoon,6,14,20,0.3,OK
BLR040,2025-07-16 03:00:00,monsoon,6,14,20,0.3,OK
BLR040,2025-07-16 04:00:00,monsoon,6,14,20,0.3,OK
BLR040,2025-07-16 05:00:00,monsoon,5,15,20,0.25,OK
BLR040,2025-07-16 06:00:00,monsoon,4,16,20,0.2,OK
BLR040,2025-07-16 07:00:00,monsoon,4,16,20,0.2,OK
BLR040,2025-07-16 08:00:00,monsoon,4,16,20,0.2,OK
BLR040,2025-07-16 09:00:00,monsoon,2,18,20,0.1,Understocked
BLR040,2025-07-16 10:00:00,monsoon,0,20,20,0.0,Understocked
BLR040,2025-07-16 11:00:00,monsoon,0,20,20,0.0,Understocked
BLR040,2025-07-16 12:00:00,monsoon,0,20,20,0.0,Understocked
BLR040,2025-07-16 13:00:00,monsoon,0,20,20,0.0,Understocked
BLR040,2025-07-16 14:00:00,monsoon,0,20,20,0.0,Understocked
BLR040,2025-07-16 15:00:00,monsoon,1,19,20,0.05,Understocked
BLR040,2025-07-16 16:00:00,monsoon,1,19,20,0.05,Understocked
BLR040,2025-07-16 17:00:00,monsoon,1,19,20,0.05,Understocked
BLR040,2025-07-16 18:00:00,monsoon,3,17,20,0.15,OK
BLR040,2025-07-16 19:00:00,monsoon,5,15,20,0.25,OK
BLR040,2025-07-16 20:00:00,monsoon,5,15,20,0.25,OK
BLR040,2025-07-16 21:00:00,monsoon,5,15,20,0.25,OK
BLR040,2025-07-16 22:00:00,monsoon,5,15,20,0.25,OK
BLR040,2025-07-16 23:00:00,monsoon,5,15,20,0.25,OK
BLR040,2025-07-17 00:00:00,monsoon,5,15,20,0.25,OK
BLR040,2025-07-17 01:00:00,monsoon,6,14,20,0.3,OK
BLR040,2025-07-17 02:00:00,monsoon,5,15,20,0.25,OK
BLR040,2025-07-17 03:00:00,monsoon,5,15,20,0.25,OK
BLR040,2025-07-17 04:00:00,monsoon,6,14,20,0.3,OK
BLR040,2025-07-17 05:00:00,monsoon,6,14,20,0.3,OK
BLR040,2025-07-17 06:00:00,monsoon,7,13,20,0.35,OK
BLR040,2025-07-17 07:00:00,monsoon,5,15,20,0.25,OK
BLR040,2025-07-17 08:00:00,monsoon,5,15,20,0.25,OK
BLR040,2025-07-17 09:00:00,monsoon,2,18,20,0.1,Understocked
BLR040,2025-07-17 10:00:00,monsoon,0,20,20,0.0,Understocked
BLR040,2025-07-17 11:00:00,monsoon,0,20,20,0.0,Understocked
BLR040,2025-07-17 12:00:00,monsoon,0,20,20,0.0,Understocked
BLR040,2025-07-17 13:00:00,monsoon,0,20,20,0.0,Understocked
BLR040,2025-07-17 14:00:00,monsoon,1,19,20,0.05,Understocked
BLR040,2025-07-17 15:00:00,monsoon,1,19,20,0.05,Understocked
BLR040,2025-07-17 16:00:00,monsoon,1,19,20,0.05,Understocked
BLR040,2025-07-17 17:00:00,monsoon,3,17,20,0.15,OK
BLR040,2025-07-17 18:00:00,monsoon,9,11,20,0.45,OK
BLR040,2025-07-17 19:00:00,monsoon,10,10,20,0.5,OK
BLR040,2025-07-17 20:00:00,monsoon,11,9,20,0.55,OK
BLR040,2025-07-17 21:00:00,monsoon,11,9,20,0.55,OK
BLR040,2025-07-17 22:00:00,monsoon,11,9,20,0.55,OK
BLR040,2025-07-17 23:00:00,monsoon,12,8,20,0.6,OK
BLR040,2025-07-18 00:00:00,monsoon,12,8,20,0.6,OK
BLR040,2025-07-18 01:00:00,monsoon,11,9,20,0.55,OK
BLR040,2025-07-18 02:00:00,monsoon,11,9,20,0.55,OK
BLR040,2025-07-18 03:00:00,monsoon,11,9,20,0.55,OK
BLR040,2025-07-18 04:00:00,monsoon,12,8,20,0.6,OK
BLR040,2025-07-18 05:00:00,monsoon,11,9,20,0.55,OK
BLR040,2025-07-18 06:00:00,monsoon,12,8,20,0.6,OK
BLR040,2025-07-18 07:00:00,monsoon,12,8,20,0.6,OK
BLR040,2025-07-18 08:00:00,monsoon,11,9,20,0.55,OK
BLR040,2025-07-18 09:00:00,monsoon,10,10,20,0.5,OK
BLR040,2025-07-18 10:00:00,monsoon,9,11,20,0.45,OK
BLR040,2025-07-18 11:00:00,monsoon,8,12,20,0.4,OK
BLR040,2025-07-18 12:00:00,monsoon,9,11,20,0.45,OK
BLR040,2025-07-18 13:00:00,monsoon,9,11,20,0.45,OK
BLR040,2025-07-18 14:00:00,monsoon,9,11,20,0.45,OK
BLR040,2025-07-18 15:00:00,monsoon,9,11,20,0.45,OK
BLR040,2025-07-18 16:00:00,monsoon,10,10,20,0.5,OK
BLR040,2025-07-18 17:00:00,monsoon,12,8,20,0.6,OK
BLR040,2025-07-18 18:00:00,monsoon,13,7,20,0.65,OK
BLR040,2025-07-18 19:00:00,monsoon,14,6,20,0.7,OK
BLR040,2025-07-18 20:00:00,monsoon,14,6,20,0.7,OK
BLR040,2025-07-18 21:00:00,monsoon,14,6,20,0.7,OK
BLR040,2025-07-18 22:00:00,monsoon,14,6,20,0.7,OK
BLR040,2025-07-18 23:00:00,monsoon,14,6,20,0.7,OK
BLR040,2025-07-19 00:00:00,monsoon,15,5,20,0.75,OK
BLR040,2025-07-19 01:00:00,monsoon,15,5,20,0.75,OK
BLR040,2025-07-19 02:00:00,monsoon,15,5,20,0.75,OK
BLR040,2025-07-19 03:00:00,monsoon,15,5,20,0.75,OK
BLR040,2025-07-19 04:00:00,monsoon,15,5,20,0.75,OK
BLR040,2025-07-19 05:00:00,monsoon,16,4,20,0.8,OK
BLR040,2025-07-19 06:00:00,monsoon,16,4,20,0.8,OK
BLR040,2025-07-19 07:00:00,monsoon,15,5,20,0.75,OK
BLR040,2025-07-19 08:00:00,monsoon,15,5,20,0.75,OK
BLR040,2025-07-19 09:00:00,monsoon,15,5,20,0.75,OK
BLR040,2025-07-19 10:00:00,monsoon,14,6,20,0.7,OK
BLR040,2025-07-19 11:00:00,monsoon,14,6,20,0.7,OK
BLR040,2025-07-19 12:00:00,monsoon,15,5,20,0.75,OK
BLR040,2025-07-19 13:00:00,monsoon,14,6,20,0.7,OK
BLR040,2025-07-19 14:00:00,monsoon,14,6,20,0.7,OK
BLR040,2025-07-19 15:00:00,monsoon,14,6,20,0.7,OK
BLR040,2025-07-19 16:00:00,monsoon,14,6,20,0.7,OK
BLR040,2025-07-19 17:00:00,monsoon,18,2,20,0.9,Overstocked
BLR040,2025-07-19 18:00:00,monsoon,19,1,20,0.95,Overstocked
BLR040,2025-07-19 19:00:00,monsoon,19,1,20,0.95,Overstocked
BLR040,2025-07-19 20:00:00,monsoon,20,0,20,1.0,Overstocked
BLR040,2025-07-19 21:00:00,monsoon,20,0,20,1.0,Overstocked
BLR040,2025-07-19 22:00:00,monsoon,20,0,20,1.0,Overstocked
BLR040,2025-07-19 23:00:00,monsoon,20,0,20,1.0,Overstocked
BLR040,2025-07-20 00:00:00,monsoon,20,0,20,1.0,Overstocked
BLR040,2025-07-20 01:00:00,monsoon,20,0,20,1.0,Overstocked
BLR040,2025-07-20 02:00:00,monsoon,19,1,20,0.95,Overstocked
BLR040,2025-07-20 03:00:00,monsoon,19,1,20,0.95,Overstocked
BLR040,2025-07-20 04:00:00,monsoon,18,2,20,0.9,Overstocked
BLR040,2025-07-20 05:00:00,monsoon,18,2,20,0.9,Overstocked
BLR040,2025-07-20 06:00:00,monsoon,18,2,20,0.9,Overstocked
BLR040,2025-07-20 07:00:00,monsoon,18,2,20,0.9,Overstocked
BLR040,2025-07-20 08:00:00,monsoon,17,3,20,0.85,OK
BLR040,2025-07-20 09:00:00,monsoon,15,5,20,0.75,OK
BLR040,2025-07-20 10:00:00,monsoon,13,7,20,0.65,OK
BLR040,2025-07-20 11:00:00,monsoon,13,7,20,0.65,OK
BLR040,2025-07-20 12:00:00,monsoon,13,7,20,0.65,OK
BLR040,2025-07-20 13:00:00,monsoon,14,6,20,0.7,OK
BLR040,2025-07-20 14:00:00,monsoon,15,5,20,0.75,OK
BLR040,2025-07-20 15:00:00,monsoon,15,5,20,0.75,OK
BLR040,2025-07-20 16:00:00,monsoon,15,5,20,0.75,OK
BLR040,2025-07-20 17:00:00,monsoon,16,4,20,0.8,OK
BLR040,2025-07-20 18:00:00,monsoon,17,3,20,0.85,OK
BLR040,2025-07-20 19:00:00,monsoon,17,3,20,0.85,OK
BLR040,2025-07-20 20:00:00,monsoon,19,1,20,0.95,Overstocked
BLR040,2025-07-20 21:00:00,monsoon,19,1,20,0.95,Overstocked
BLR040,2025-07-20 22:00:00,monsoon,19,1,20,0.95,Overstocked
BLR040,2025-07-20 23:00:00,monsoon,18,2,20,0.9,Overstocked
BLR041,2025-07-14 00:00:00,monsoon,6,10,16,0.38,OK
BLR041,2025-07-14 01:00:00,monsoon,6,10,16,0.38,OK
BLR041,2025-07-14 02:00:00,monsoon,6,10,16,0.38,OK
BLR041,2025-07-14 03:00:00,monsoon,6,10,16,0.38,OK
BLR041,2025-07-14 04:00:00,monsoon,5,11,16,0.31,OK
BLR041,2025-07-14 05:00:00,monsoon,4,12,16,0.25,OK
BLR041,2025-07-14 06:00:00,monsoon,3,13,16,0.19,OK
BLR041,2025-07-14 07:00:00,monsoon,3,13,16,0.19,OK
BLR041,2025-07-14 08:00:00,monsoon,3,13,16,0.19,OK
BLR041,2025-07-14 09:00:00,monsoon,1,15,16,0.06,Understocked
BLR041,2025-07-14 10:00:00,monsoon,0,16,16,0.0,Understocked
BLR041,2025-07-14 11:00:00,monsoon,0,16,16,0.0,Understocked
BLR041,2025-07-14 12:00:00,monsoon,0,16,16,0.0,Understocked
BLR041,2025-07-14 13:00:00,monsoon,0,16,16,0.0,Understocked
BLR041,2025-07-14 14:00:00,monsoon,0,16,16,0.0,Understocked
BLR041,2025-07-14 15:00:00,monsoon,0,16,16,0.0,Understocked
BLR041,2025-07-14 16:00:00,monsoon,0,16,16,0.0,Understocked
BLR041,2025-07-14 17:00:00,monsoon,0,16,16,0.0,Understocked
BLR041,2025-07-14 18:00:00,monsoon,6,10,16,0.38,OK
BLR041,2025-07-14 19:00:00,monsoon,9,7,16,0.56,OK
BLR041,2025-07-14 20:00:00,monsoon,11,5,16,0.69,OK
BLR041,2025-07-14 21:00:00,monsoon,10,6,16,0.62,OK
BLR041,2025-07-14 22:00:00,monsoon,11,5,16,0.69,OK
BLR041,2025-07-14 23:00:00,monsoon,12,4,16,0.75,OK
BLR041,2025-07-15 00:00:00,monsoon,11,5,16,0.69,OK
BLR041,2025-07-15 01:00:00,monsoon,11,5,16,0.69,OK
BLR041,2025-07-15 02:00:00,monsoon,12,4,16,0.75,OK
BLR041,2025-07-15 03:00:00,monsoon,12,4,16,0.75,OK
BLR041,2025-07-15 04:00:00,monsoon,12,4,16,0.75,OK
BLR041,2025-07-15 05:00:00,monsoon,11,5,16,0.69,OK
BLR041,2025-07-15 06:00:00,monsoon,12,4,16,0.75,OK
BLR041,2025-07-15 07:00:00,monsoon,12,4,16,0.75,OK
BLR041,2025-07-15 08:00:00,monsoon,12,4,16,0.75,OK
BLR041,2025-07-15 09:00:00,monsoon,9,7,16,0.56,OK
BLR041,2025-07-15 10:00:00,monsoon,8,8,16,0.5,OK
BLR041,2025-07-15 11:00:00,monsoon,7,9,16,0.44,OK
BLR041,2025-07-15 12:00:00,monsoon,7,9,16,0.44,OK
BLR041,2025-07-15 13:00:00,monsoon,8,8,16,0.5,OK
BLR041,2025-07-15 14:00:00,monsoon,8,8,16,0.5,OK
BLR041,2025-07-15 15:00:00,monsoon,8,8,16,0.5,OK
BLR041,2025-07-15 16:00:00,monsoon,8,8,16,0.5,OK
BLR041,2025-07-15 17:00:00,monsoon,11,5,16,0.69,OK
BLR041,2025-07-15 18:00:00,monsoon,13,3,16,0.81,OK
BLR041,2025-07-15 19:00:00,monsoon,14,2,16,0.88,OK
BLR041,2025-07-15 20:00:00,monsoon,14,2,16,0.88,OK
BLR041,2025-07-15 21:00:00,monsoon,14,2,16,0.88,OK
BLR041,2025-07-15 22:00:00,monsoon,13,3,16,0.81,OK
BLR041,2025-07-15 23:00:00,monsoon,14,2,16,0.88,OK
BLR041,2025-07-16 00:00:00,monsoon,13,3,16,0.81,OK
BLR041,2025-07-16 01:00:00,monsoon,14,2,16,0.88,OK
BLR041,2025-07-16 02:00:00,monsoon,15,1,16,0.94,Overstocked
BLR041,2025-07-16 03:00:00,monsoon,15,1,16,0.94,Overstocked
BLR041,2025-07-16 04:00:00,monsoon,15,1,16,0.94,Overstocked
BLR041,2025-07-16 05:00:00,monsoon,15,1,16,0.94,Overstocked
BLR041,2025-07-16 06:00:00,monsoon,14,2,16,0.88,OK
BLR041,2025-07-16 07:00:00,monsoon,9,7,16,0.56,OK
BLR041,2025-07-16 08:00:00,monsoon,8,8,16,0.5,OK
BLR041,2025-07-16 09:00:00,monsoon,7,9,16,0.44,OK
BLR041,2025-07-16 10:00:00,monsoon,7,9,16,0.44,OK
BLR041,2025-07-16 11:00:00,monsoon,7,9,16,0.44,OK
BLR041,2025-07-16 12:00:00,monsoon,8,8,16,0.5,OK
BLR041,2025-07-16 13:00:00,monsoon,8,8,16,0.5,OK
BLR041,2025-07-16 14:00:00,monsoon,8,8,16,0.5,OK
BLR041,2025-07-16 15:00:00,monsoon,8,8,16,0.5,OK
BLR041,2025-07-16 16:00:00,monsoon,8,8,16,0.5,OK
BLR041,2025-07-16 17:00:00,monsoon,8,8,16,0.5,OK
BLR041,2025-07-16 18:00:00,monsoon,9,7,16,0.56,OK
BLR041,2025-07-16 19:00:00,monsoon,10,6,16,0.62,OK
BLR041,2025-07-16 20:00:00,monsoon,11,5,16,0.69,OK
BLR041,2025-07-16 21:00:00,monsoon,11,5,16,0.69,OK
BLR041,2025-07-16 22:00:00,monsoon,10,6,16,0.62,OK
BLR041,2025-07-16 23:00:00,monsoon,9,7,16,0.56,OK
BLR041,2025-07-17 00:00:00,monsoon,10,6,16,0.62,OK
BLR041,2025-07-17 01:00:00,monsoon,10,6,16,0.62,OK
BLR041,2025-07-17 02:00:00,monsoon,11,5,16,0.69,OK
BLR041,2025-07-17 03:00:00,monsoon,12,4,16,0.75,OK
BLR041,2025-07-17 04:00:00,monsoon,11,5,16,0.69,OK
BLR041,2025-07-17 05:00:00,monsoon,11,5,16,0.69,OK
BLR041,2025-07-17 06:00:00,monsoon,11,5,16,0.69,OK
BLR041,2025-07-17 07:00:00,monsoon,8,8,16,0.5,OK
BLR041,2025-07-17 08:00:00,monsoon,8,8,16,0.5,OK
BLR041,2025-07-17 09:00:00,monsoon,8,8,16,0.5,OK
BLR041,2025-07-17 10:00:00,monsoon,8,8,16,0.5,OK
BLR041,2025-07-17 11:00:00,monsoon,8,8,16,0.5,OK
BLR041,2025-07-17 12:00:00,monsoon,8,8,16,0.5,OK
BLR041,2025-07-17 13:00:00,monsoon,8,8,16,0.5,OK
BLR041,2025-07-17 14:00:00,monsoon,8,8,16,0.5,OK
BLR041,2025-07-17 15:00:00,monsoon,8,8,16,0.5,OK
BLR041,2025-07-17 16:00:00,monsoon,9,7,16,0.56,OK
BLR041,2025-07-17 17:00:00,monsoon,11,5,16,0.69,OK
BLR041,2025-07-17 18:00:00,monsoon,11,5,16,0.69,OK
BLR041,2025-07-17 19:00:00,monsoon,11,5,16,0.69,OK
BLR041,2025-07-17 20:00:00,monsoon,11,5,16,0.69,OK
BLR041,2025-07-17 21:00:00,monsoon,11,5,16,0.69,OK
BLR041,2025-07-17 22:00:00,monsoon,11,5,16,0.69,OK
BLR041,2025-07-17 23:00:00,monsoon,10,6,16,0.62,OK
BLR041,2025-07-18 00:00:00,monsoon,10,6,16,0.62,OK
BLR041,2025-07-18 01:00:00,monsoon,10,6,16,0.62,OK
BLR041,2025-07-18 02:00:00,monsoon,10,6,16,0.62,OK
BLR041,2025-07-18 03:00:00,monsoon,9,7,16,0.56,OK
BLR041,2025-07-18 04:00:00,monsoon,9,7,16,0.56,OK
BLR041,2025-07-18 05:00:00,monsoon,9,7,16,0.56,OK
BLR041,2025-07-18 06:00:00,monsoon,9,7,16,0.56,OK
BLR041,2025-07-18 07:00:00,monsoon,9,7,16,0.56,OK
BLR041,2025-07-18 08:00:00,monsoon,8,8,16,0.5,OK
BLR041,2025-07-18 09:00:00,monsoon,6,10,16,0.38,OK
BLR041,2025-07-18 10:00:00,monsoon,5,11,16,0.31,OK
BLR041,2025-07-18 11:00:00,monsoon,5,11,16,0.31,OK
BLR041,2025-07-18 12:00:00,monsoon,4,12,16,0.25,OK
BLR041,2025-07-18 13:00:00,monsoon,5,11,16,0.31,OK
BLR041,2025-07-18 14:00:00,monsoon,5,11,16,0.31,OK
BLR041,2025-07-18 15:00:00,monsoon,5,11,16,0.31,OK
BLR041,2025-07-18 16:00:00,monsoon,5,11,16,0.31,OK
BLR041,2025-07-18 17:00:00,monsoon,7,9,16,0.44,OK
BLR041,2025-07-18 18:00:00,monsoon,11,5,16,0.69,OK
BLR041,2025-07-18 19:00:00,monsoon,11,5,16,0.69,OK
BLR041,2025-07-18 20:00:00,monsoon,12,4,16,0.75,OK
BLR041,2025-07-18 21:00:00,monsoon,11,5,16,0.69,OK
BLR041,2025-07-18 22:00:00,monsoon,12,4,16,0.75,OK
BLR041,2025-07-18 23:00:00,monsoon,12,4,16,0.75,OK
BLR041,2025-07-19 00:00:00,monsoon,12,4,16,0.75,OK
BLR041,2025-07-19 01:00:00,monsoon,11,5,16,0.69,OK
BLR041,2025-07-19 02:00:00,monsoon,11,5,16,0.69,OK
BLR041,2025-07-19 03:00:00,monsoon,12,4,16,0.75,OK
BLR041,2025-07-19 04:00:00,monsoon,12,4,16,0.75,OK
BLR041,2025-07-19 05:00:00,monsoon,12,4,16,0.75,OK
BLR041,2025-07-19 06:00:00,monsoon,12,4,16,0.75,OK
BLR041,2025-07-19 07:00:00,monsoon,12,4,16,0.75,OK
BLR041,2025-07-19 08:00:00,monsoon,12,4,16,0.75,OK
BLR041,2025-07-19 09:00:00,monsoon,12,4,16,0.75,OK
BLR041,2025-07-19 10:00:00,monsoon,12,4,16,0.75,OK
BLR041,2025-07-19 11:00:00,monsoon,11,5,16,0.69,OK
BLR041,2025-07-19 12:00:00,monsoon,12,4,16,0.75,OK
BLR041,2025-07-19 13:00:00,monsoon,12,4,16,0.75,OK
BLR041,2025-07-19 14:00:00,monsoon,13,3,16,0.81,OK
BLR041,2025-07-19 15:00:00,monsoon,13,3,16,0.81,OK
BLR041,2025-07-19 16:00:00,monsoon,13,3,16,0.81,OK
BLR041,2025-07-19 17:00:00,monsoon,13,3,16,0.81,OK
BLR041,2025-07-19 18:00:00,monsoon,14,2,16,0.88,OK
BLR041,2025-07-19 19:00:00,monsoon,16,0,16,1.0,Overstocked
BLR041,2025-07-19 20:00:00,monsoon,16,0,16,1.0,Overstocked
BLR041,2025-07-19 21:00:00,monsoon,16,0,16,1.0,Overstocked
BLR041,2025-07-19 22:00:00,monsoon,16,0,16,1.0,Overstocked
BLR041,2025-07-19 23:00:00,monsoon,16,0,16,1.0,Overstocked
BLR041,2025-07-20 00:00:00,monsoon,16,0,16,1.0,Overstocked
BLR041,2025-07-20 01:00:00,monsoon,16,0,16,1.0,Overstocked
BLR041,2025-07-20 02:00:00,monsoon,16,0,16,1.0,Overstocked
BLR041,2025-07-20 03:00:00,monsoon,16,0,16,1.0,Overstocked
BLR041,2025-07-20 04:00:00,monsoon,15,1,16,0.94,Overstocked
BLR041,2025-07-20 05:00:00,monsoon,14,2,16,0.88,OK
BLR041,2025-07-20 06:00:00,monsoon,14,2,16,0.88,OK
BLR041,2025-07-20 07:00:00,monsoon,13,3,16,0.81,OK
BLR041,2025-07-20 08:00:00,monsoon,13,3,16,0.81,OK
BLR041,2025-07-20 09:00:00,monsoon,13,3,16,0.81,OK
BLR041,2025-07-20 10:00:00,monsoon,11,5,16,0.69,OK
BLR041,2025-07-20 11:00:00,monsoon,11,5,16,0.69,OK
BLR041,2025-07-20 12:00:00,monsoon,11,5,16,0.69,OK
BLR041,2025-07-20 13:00:00,monsoon,11,5,16,0.69,OK
BLR041,2025-07-20 14:00:00,monsoon,11,5,16,0.69,OK
BLR041,2025-07-20 15:00:00,monsoon,12,4,16,0.75,OK
BLR041,2025-07-20 16:00:00,monsoon,12,4,16,0.75,OK
BLR041,2025-07-20 17:00:00,monsoon,14,2,16,0.88,OK
BLR041,2025-07-20 18:00:00,monsoon,14,2,16,0.88,OK
BLR041,2025-07-20 19:00:00,monsoon,15,1,16,0.94,Overstocked
BLR041,2025-07-20 20:00:00,monsoon,16,0,16,1.0,Overstocked
BLR041,2025-07-20 21:00:00,monsoon,15,1,16,0.94,Overstocked
BLR041,2025-07-20 22:00:00,monsoon,16,0,16,1.0,Overstocked
BLR041,2025-07-20 23:00:00,monsoon,16,0,16,1.0,Overstocked
BLR042,2025-07-14 00:00:00,monsoon,14,10,24,0.58,OK
BLR042,2025-07-14 01:00:00,monsoon,14,10,24,0.58,OK
BLR042,2025-07-14 02:00:00,monsoon,13,11,24,0.54,OK
BLR042,2025-07-14 03:00:00,monsoon,14,10,24,0.58,OK
BLR042,2025-07-14 04:00:00,monsoon,14,10,24,0.58,OK
BLR042,2025-07-14 05:00:00,monsoon,14,10,24,0.58,OK
BLR042,2025-07-14 06:00:00,monsoon,14,10,24,0.58,OK
BLR042,2025-07-14 07:00:00,monsoon,15,9,24,0.62,OK
BLR042,2025-07-14 08:00:00,monsoon,16,8,24,0.67,OK
BLR042,2025-07-14 09:00:00,monsoon,18,6,24,0.75,OK
BLR042,2025-07-14 10:00:00,monsoon,18,6,24,0.75,OK
BLR042,2025-07-14 11:00:00,monsoon,19,5,24,0.79,OK
BLR042,2025-07-14 12:00:00,monsoon,18,6,24,0.75,OK
BLR042,2025-07-14 13:00:00,monsoon,18,6,24,0.75,OK
BLR042,2025-07-14 14:00:00,monsoon,17,7,24,0.71,OK
BLR042,2025-07-14 15:00:00,monsoon,17,7,24,0.71,OK
BLR042,2025-07-14 16:00:00,monsoon,17,7,24,0.71,OK
BLR042,2025-07-14 17:00:00,monsoon,17,7,24,0.71,OK
BLR042,2025-07-14 18:00:00,monsoon,14,10,24,0.58,OK
BLR042,2025-07-14 19:00:00,monsoon,13,11,24,0.54,OK
BLR042,2025-07-14 20:00:00,monsoon,12,12,24,0.5,OK
BLR042,2025-07-14 21:00:00,monsoon,12,12,24,0.5,OK
BLR042,2025-07-14 22:00:00,monsoon,12,12,24,0.5,OK
BLR042,2025-07-14 23:00:00,monsoon,13,11,24,0.54,OK
BLR042,2025-07-15 00:00:00,monsoon,14,10,24,0.58,OK
BLR042,2025-07-15 01:00:00,monsoon,14,10,24,0.58,OK
BLR042,2025-07-15 02:00:00,monsoon,14,10,24,0.58,OK
BLR042,2025-07-15 03:00:00,monsoon,13,11,24,0.54,OK
BLR042,2025-07-15 04:00:00,monsoon,13,11,24,0.54,OK
BLR042,2025-07-15 05:00:00,monsoon,12,12,24,0.5,OK
BLR042,2025-07-15 06:00:00,monsoon,12,12,24,0.5,OK
BLR042,2025-07-15 07:00:00,monsoon,12,12,24,0.5,OK
BLR042,2025-07-15 08:00:00,monsoon,13,11,24,0.54,OK
BLR042,2025-07-15 09:00:00,monsoon,14,10,24,0.58,OK
BLR042,2025-07-15 10:00:00,monsoon,15,9,24,0.62,OK
BLR042,2025-07-15 11:00:00,monsoon,14,10,24,0.58,OK
BLR042,2025-07-15 12:00:00,monsoon,14,10,24,0.58,OK
BLR042,2025-07-15 13:00:00,monsoon,14,10,24,0.58,OK
BLR042,2025-07-15 14:00:00,monsoon,14,10,24,0.58,OK
BLR042,2025-07-15 15:00:00,monsoon,14,10,24,0.58,OK
BLR042,2025-07-15 16:00:00,monsoon,13,11,24,0.54,OK
BLR042,2025-07-15 17:00:00,monsoon,13,11,24,0.54,OK
BLR042,2025-07-15 18:00:00,monsoon,13,11,24,0.54,OK
BLR042,2025-07-15 19:00:00,monsoon,12,12,24,0.5,OK
BLR042,2025-07-15 20:00:00,monsoon,11,13,24,0.46,OK
BLR042,2025-07-15 21:00:00,monsoon,11,13,24,0.46,OK
BLR042,2025-07-15 22:00:00,monsoon,11,13,24,0.46,OK
BLR042,2025-07-15 23:00:00,monsoon,11,13,24,0.46,OK
BLR042,2025-07-16 00:00:00,monsoon,11,13,24,0.46,OK
BLR042,2025-07-16 01:00:00,monsoon,10,14,24,0.42,OK
BLR042,2025-07-16 02:00:00,monsoon,11,13,24,0.46,OK
BLR042,2025-07-16 03:00:00,monsoon,11,13,24,0.46,OK
BLR042,2025-07-16 04:00:00,monsoon,11,13,24,0.46,OK
BLR042,2025-07-16 05:00:00,monsoon,11,13,24,0.46,OK
BLR042,2025-07-16 06:00:00,monsoon,11,13,24,0.46,OK
BLR042,2025-07-16 07:00:00,monsoon,11,13,24,0.46,OK
BLR042,2025-07-16 08:00:00,monsoon,12,12,24,0.5,OK
BLR042,2025-07-16 09:00:00,monsoon,13,11,24,0.54,OK
BLR042,2025-07-16 10:00:00,monsoon,13,11,24,0.54,OK
BLR042,2025-07-16 11:00:00,monsoon,14,10,24,0.58,OK
BLR042,2025-07-16 12:00:00,monsoon,14,10,24,0.58,OK
BLR042,2025-07-16 13:00:00,monsoon,14,10,24,0.58,OK
BLR042,2025-07-16 14:00:00,monsoon,14,10,24,0.58,OK
BLR042,2025-07-16 15:00:00,monsoon,15,9,24,0.62,OK
BLR042,2025-07-16 16:00:00,monsoon,16,8,24,0.67,OK
BLR042,2025-07-16 17:00:00,monsoon,15,9,24,0.62,OK
BLR042,2025-07-16 18:00:00,monsoon,15,9,24,0.62,OK
BLR042,2025-07-16 19:00:00,monsoon,14,10,24,0.58,OK
BLR042,2025-07-16 20:00:00,monsoon,13,11,24,0.54,OK
BLR042,2025-07-16 21:00:00,monsoon,13,11,24,0.54,OK
BLR042,2025-07-16 22:00:00,monsoon,12,12,24,0.5,OK
BLR042,2025-07-16 23:00:00,monsoon,12,12,24,0.5,OK
BLR042,2025-07-17 00:00:00,monsoon,12,12,24,0.5,OK
BLR042,2025-07-17 01:00:00,monsoon,11,13,24,0.46,OK
BLR042,2025-07-17 02:00:00,monsoon,10,14,24,0.42,OK
BLR042,2025-07-17 03:00:00,monsoon,10,14,24,0.42,OK
BLR042,2025-07-17 04:00:00,monsoon,9,15,24,0.38,OK
BLR042,2025-07-17 05:00:00,monsoon,9,15,24,0.38,OK
BLR042,2025-07-17 06:00:00,monsoon,9,15,24,0.38,OK
BLR042,2025-07-17 07:00:00,monsoon,10,14,24,0.42,OK
BLR042,2025-07-17 08:00:00,monsoon,12,12,24,0.5,OK
BLR042,2025-07-17 09:00:00,monsoon,13,11,24,0.54,OK
BLR042,2025-07-17 10:00:00,monsoon,13,11,24,0.54,OK
BLR042,2025-07-17 11:00:00,monsoon,13,11,24,0.54,OK
BLR042,2025-07-17 12:00:00,monsoon,14,10,24,0.58,OK
BLR042,2025-07-17 13:00:00,monsoon,13,11,24,0.54,OK
BLR042,2025-07-17 14:00:00,monsoon,14,10,24,0.58,OK
BLR042,2025-07-17 15:00:00,monsoon,14,10,24,0.58,OK
BLR042,2025-07-17 16:00:00,monsoon,13,11,24,0.54,OK
BLR042,2025-07-17 17:00:00,monsoon,11,13,24,0.46,OK
BLR042,2025-07-17 18:00:00,monsoon,11,13,24,0.46,OK
BLR042,2025-07-17 19:00:00,monsoon,8,16,24,0.33,OK
BLR042,2025-07-17 20:00:00,monsoon,7,17,24,0.29,OK
BLR042,2025-07-17 21:00:00,monsoon,8,16,24,0.33,OK
BLR042,2025-07-17 22:00:00,monsoon,8,16,24,0.33,OK
BLR042,2025-07-17 23:00:00,monsoon,9,15,24,0.38,OK
BLR042,2025-07-18 00:00:00,monsoon,10,14,24,0.42,OK
BLR042,2025-07-18 01:00:00,monsoon,10,14,24,0.42,OK
BLR042,2025-07-18 02:00:00,monsoon,10,14,24,0.42,OK
BLR042,2025-07-18 03:00:00,monsoon,9,15,24,0.38,OK
BLR042,2025-07-18 04:00:00,monsoon,10,14,24,0.42,OK
BLR042,2025-07-18 05:00:00,monsoon,9,15,24,0.38,OK
BLR042,2025-07-18 06:00:00,monsoon,9,15,24,0.38,OK
BLR042,2025-07-18 07:00:00,monsoon,9,15,24,0.38,OK
BLR042,2025-07-18 08:00:00,monsoon,9,15,24,0.38,OK
BLR042,2025-07-18 09:00:00,monsoon,10,14,24,0.42,OK
BLR042,2025-07-18 10:00:00,monsoon,12,12,24,0.5,OK
BLR042,2025-07-18 11:00:00,monsoon,13,11,24,0.54,OK
BLR042,2025-07-18 12:00:00,monsoon,12,12,24,0.5,OK
BLR042,2025-07-18 13:00:00,monsoon,12,12,24,0.5,OK
BLR042,2025-07-18 14:00:00,monsoon,13,11,24,0.54,OK
BLR042,2025-07-18 15:00:00,monsoon,13,11,24,0.54,OK
BLR042,2025-07-18 16:00:00,monsoon,13,11,24,0.54,OK
BLR042,2025-07-18 17:00:00,monsoon,13,11,24,0.54,OK
BLR042,2025-07-18 18:00:00,monsoon,13,11,24,0.54,OK
BLR042,2025-07-18 19:00:00,monsoon,11,13,24,0.46,OK
BLR042,2025-07-18 20:00:00,monsoon,10,14,24,0.42,OK
BLR042,2025-07-18 21:00:00,monsoon,10,14,24,0.42,OK
BLR042,2025-07-18 22:00:00,monsoon,9,15,24,0.38,OK
BLR042,2025-07-18 23:00:00,monsoon,10,14,24,0.42,OK
BLR042,2025-07-19 00:00:00,monsoon,10,14,24,0.42,OK
BLR042,2025-07-19 01:00:00,monsoon,10,14,24,0.42,OK
BLR042,2025-07-19 02:00:00,monsoon,11,13,24,0.46,OK
BLR042,2025-07-19 03:00:00,monsoon,12,12,24,0.5,OK
BLR042,2025-07-19 04:00:00,monsoon,12,12,24,0.5,OK
BLR042,2025-07-19 05:00:00,monsoon,13,11,24,0.54,OK
BLR042,2025-07-19 06:00:00,monsoon,13,11,24,0.54,OK
BLR042,2025-07-19 07:00:00,monsoon,13,11,24,0.54,OK
BLR042,2025-07-19 08:00:00,monsoon,13,11,24,0.54,OK
BLR042,2025-07-19 09:00:00,monsoon,13,11,24,0.54,OK
BLR042,2025-07-19 10:00:00,monsoon,13,11,24,0.54,OK
BLR042,2025-07-19 11:00:00,monsoon,13,11,24,0.54,OK
BLR042,2025-07-19 12:00:00,monsoon,12,12,24,0.5,OK
BLR042,2025-07-19 13:00:00,monsoon,11,13,24,0.46,OK
BLR042,2025-07-19 14:00:00,monsoon,12,12,24,0.5,OK
BLR042,2025-07-19 15:00:00,monsoon,12,12,24,0.5,OK
BLR042,2025-07-19 16:00:00,monsoon,12,12,24,0.5,OK
BLR042,2025-07-19 17:00:00,monsoon,10,14,24,0.42,OK
BLR042,2025-07-19 18:00:00,monsoon,8,16,24,0.33,OK
BLR042,2025-07-19 19:00:00,monsoon,8,16,24,0.33,OK
BLR042,2025-07-19 20:00:00,monsoon,7,17,24,0.29,OK
BLR042,2025-07-19 21:00:00,monsoon,6,18,24,0.25,OK
BLR042,2025-07-19 22:00:00,monsoon,5,19,24,0.21,OK
BLR042,2025-07-19 23:00:00,monsoon,6,18,24,0.25,OK
BLR042,2025-07-20 00:00:00,monsoon,7,17,24,0.29,OK
BLR042,2025-07-20 01:00:00,monsoon,6,18,24,0.25,OK
BLR042,2025-07-20 02:00:00,monsoon,6,18,24,0.25,OK
BLR042,2025-07-20 03:00:00,monsoon,6,18,24,0.25,OK
BLR042,2025-07-20 04:00:00,monsoon,6,18,24,0.25,OK
BLR042,2025-07-20 05:00:00,monsoon,6,18,24,0.25,OK
BLR042,2025-07-20 06:00:00,monsoon,6,18,24,0.25,OK
BLR042,2025-07-20 07:00:00,monsoon,6,18,24,0.25,OK
BLR042,2025-07-20 08:00:00,monsoon,6,18,24,0.25,OK
BLR042,2025-07-20 09:00:00,monsoon,6,18,24,0.25,OK
BLR042,2025-07-20 10:00:00,monsoon,6,18,24,0.25,OK
BLR042,2025-07-20 11:00:00,monsoon,6,18,24,0.25,OK
BLR042,2025-07-20 12:00:00,monsoon,7,17,24,0.29,OK
BLR042,2025-07-20 13:00:00,monsoon,7,17,24,0.29,OK
BLR042,2025-07-20 14:00:00,monsoon,7,17,24,0.29,OK
BLR042,2025-07-20 15:00:00,monsoon,6,18,24,0.25,OK
BLR042,2025-07-20 16:00:00,monsoon,6,18,24,0.25,OK
BLR042,2025-07-20 17:00:00,monsoon,6,18,24,0.25,OK
BLR042,2025-07-20 18:00:00,monsoon,4,20,24,0.17,OK
BLR042,2025-07-20 19:00:00,monsoon,3,21,24,0.12,OK
BLR042,2025-07-20 20:00:00,monsoon,0,24,24,0.0,Understocked
BLR042,2025-07-20 21:00:00,monsoon,0,24,24,0.0,Understocked
BLR042,2025-07-20 22:00:00,monsoon,0,24,24,0.0,Understocked
BLR042,2025-07-20 23:00:00,monsoon,1,23,24,0.04,Understocked
